date,A_ticker,A_price,B_ticker,B_price
2022-11-26 00:00:00+00:00,VUAA.L,,VUSA.L,
2022-11-27 00:00:00+00:00,VUAA.L,,VUSA.L,
2022-11-28 00:00:00+00:00,VUAA.L,73.92500305175781,VUSA.L,73.19975121279094
2022-11-29 00:00:00+00:00,VUAA.L,73.12999725341797,VUSA.L,72.09563870193051
2022-11-30 00:00:00+00:00,VUAA.L,73.3499984741211,VUSA.L,72.50152558296759
2022-12-01 00:00:00+00:00,VUAA.L,75.5,VUSA.L,73.55936187400403
2022-12-02 00:00:00+00:00,VUAA.L,75.06999969482422,VUSA.L,74.20818936195246
2022-12-03 00:00:00+00:00,VUAA.L,75.06999969482422,VUSA.L,74.20818936195246
2022-12-04 00:00:00+00:00,VUAA.L,75.06999969482422,VUSA.L,74.20818936195246
2022-12-05 00:00:00+00:00,VUAA.L,74.54000091552734,VUSA.L,74.3135932963196
2022-12-06 00:00:00+00:00,VUAA.L,73.4000015258789,VUSA.L,72.22053601625475
2022-12-07 00:00:00+00:00,VUAA.L,72.81999969482422,VUSA.L,71.67974361522647
2022-12-08 00:00:00+00:00,VUAA.L,73.41000366210938,VUSA.L,72.46976782623733
2022-12-09 00:00:00+00:00,VUAA.L,73.6500015258789,VUSA.L,72.34136586389786
2022-12-10 00:00:00+00:00,VUAA.L,73.6500015258789,VUSA.L,72.34136586389786
2022-12-11 00:00:00+00:00,VUAA.L,73.6500015258789,VUSA.L,72.34136586389786
2022-12-12 00:00:00+00:00,VUAA.L,73.27999877929688,VUSA.L,72.326022498567
2022-12-13 00:00:00+00:00,VUAA.L,75.2699966430664,VUSA.L,73.65988304914936
2022-12-14 00:00:00+00:00,VUAA.L,75.05999755859375,VUSA.L,73.83686248849699
2022-12-15 00:00:00+00:00,VUAA.L,72.28500366210938,VUSA.L,72.63567929939563
2022-12-16 00:00:00+00:00,VUAA.L,71.3499984741211,VUSA.L,70.7286446388116
2022-12-17 00:00:00+00:00,VUAA.L,71.3499984741211,VUSA.L,70.7286446388116
2022-12-18 00:00:00+00:00,VUAA.L,71.3499984741211,VUSA.L,70.7286446388116
2022-12-19 00:00:00+00:00,VUAA.L,70.97000122070312,VUSA.L,70.14606099792218
2022-12-20 00:00:00+00:00,VUAA.L,70.77999877929688,VUSA.L,70.03247170284021
2022-12-21 00:00:00+00:00,VUAA.L,72.02999877929688,VUSA.L,71.71078504657271
2022-12-22 00:00:00+00:00,VUAA.L,70.63500213623047,VUSA.L,70.04204777073028
2022-12-23 00:00:00+00:00,VUAA.L,71.12000274658203,VUSA.L,70.10003103364625
2022-12-24 00:00:00+00:00,VUAA.L,71.12000274658203,VUSA.L,70.10003103364625
2022-12-25 00:00:00+00:00,VUAA.L,71.12000274658203,VUSA.L,70.10003103364625
2022-12-26 00:00:00+00:00,VUAA.L,71.12000274658203,VUSA.L,70.10003103364625
2022-12-27 00:00:00+00:00,VUAA.L,71.12000274658203,VUSA.L,70.10003103364625
2022-12-28 00:00:00+00:00,VUAA.L,70.62000274658203,VUSA.L,69.67891564989759
2022-12-29 00:00:00+00:00,VUAA.L,71.43000030517578,VUSA.L,70.28954419337197
2022-12-30 00:00:00+00:00,VUAA.L,71.08999633789062,VUSA.L,70.26116709569578
2022-12-31 00:00:00+00:00,VUAA.L,71.08999633789062,VUSA.L,70.26116709569578
2023-01-01 00:00:00+00:00,VUAA.L,71.08999633789062,VUSA.L,70.26116709569578
2023-01-02 00:00:00+00:00,VUAA.L,71.08999633789062,VUSA.L,70.26116709569578
2023-01-03 00:00:00+00:00,VUAA.L,70.7300033569336,VUSA.L,70.42190824922727
2023-01-04 00:00:00+00:00,VUAA.L,71.69000244140625,VUSA.L,70.44008936975752
2023-01-05 00:00:00+00:00,VUAA.L,70.66000366210938,VUSA.L,70.74386219372627
2023-01-06 00:00:00+00:00,VUAA.L,71.80000305175781,VUSA.L,70.20569782741586
2023-01-07 00:00:00+00:00,VUAA.L,71.80000305175781,VUSA.L,70.20569782741586
2023-01-08 00:00:00+00:00,VUAA.L,71.80000305175781,VUSA.L,70.20569782741586
2023-01-09 00:00:00+00:00,VUAA.L,73.30500030517578,VUSA.L,71.85998807097349
2023-01-10 00:00:00+00:00,VUAA.L,72.26000213623047,VUSA.L,71.55276443240064
2023-01-11 00:00:00+00:00,VUAA.L,73.16000366210938,VUSA.L,72.403826687314
2023-01-12 00:00:00+00:00,VUAA.L,73.62999725341797,VUSA.L,72.72797591150811
2023-01-13 00:00:00+00:00,VUAA.L,73.69999694824219,VUSA.L,72.93735440466116
2023-01-14 00:00:00+00:00,VUAA.L,73.69999694824219,VUSA.L,72.93735440466116
2023-01-15 00:00:00+00:00,VUAA.L,73.69999694824219,VUSA.L,72.93735440466116
2023-01-16 00:00:00+00:00,VUAA.L,74.2249984741211,VUSA.L,73.47901126714396
2023-01-17 00:00:00+00:00,VUAA.L,74.12999725341797,VUSA.L,72.91314950634842
2023-01-18 00:00:00+00:00,VUAA.L,73.55999755859375,VUSA.L,72.23417592358965
2023-01-19 00:00:00+00:00,VUAA.L,72.23999786376953,VUSA.L,71.29571846682984
2023-01-20 00:00:00+00:00,VUAA.L,73.08000183105469,VUSA.L,72.2877081370425
2023-01-21 00:00:00+00:00,VUAA.L,73.08000183105469,VUSA.L,72.2877081370425
2023-01-22 00:00:00+00:00,VUAA.L,73.08000183105469,VUSA.L,72.2877081370425
2023-01-23 00:00:00+00:00,VUAA.L,74.7300033569336,VUSA.L,74.01499157020226
2023-01-24 00:00:00+00:00,VUAA.L,74.52999877929688,VUSA.L,73.94635286615267
2023-01-25 00:00:00+00:00,VUAA.L,73.83000183105469,VUSA.L,72.81821360218419
2023-01-26 00:00:00+00:00,VUAA.L,74.7699966430664,VUSA.L,74.15086109926142
2023-01-27 00:00:00+00:00,VUAA.L,75.55000305175781,VUSA.L,74.80730119095824
2023-01-28 00:00:00+00:00,VUAA.L,75.55000305175781,VUSA.L,74.80730119095824
2023-01-29 00:00:00+00:00,VUAA.L,75.55000305175781,VUSA.L,74.80730119095824
2023-01-30 00:00:00+00:00,VUAA.L,75.12000274658203,VUSA.L,74.42009293214824
2023-01-31 00:00:00+00:00,VUAA.L,75.12000274658203,VUSA.L,74.44775161260759
2023-02-01 00:00:00+00:00,VUAA.L,75.5199966430664,VUSA.L,74.60125768761782
2023-02-02 00:00:00+00:00,VUAA.L,77.66000366210938,VUSA.L,77.56031864474244
2023-02-03 00:00:00+00:00,VUAA.L,77.66000366210938,VUSA.L,77.62668200237385
2023-02-04 00:00:00+00:00,VUAA.L,77.66000366210938,VUSA.L,77.62668200237385
2023-02-05 00:00:00+00:00,VUAA.L,77.66000366210938,VUSA.L,77.62668200237385
2023-02-06 00:00:00+00:00,VUAA.L,76.54000091552734,VUSA.L,75.82685684035096
2023-02-07 00:00:00+00:00,VUAA.L,76.43000030517578,VUSA.L,75.54223217039953
2023-02-08 00:00:00+00:00,VUAA.L,76.48999786376953,VUSA.L,75.50415346646923
2023-02-09 00:00:00+00:00,VUAA.L,76.63999938964844,VUSA.L,75.27398229826076
2023-02-10 00:00:00+00:00,VUAA.L,75.7699966430664,VUSA.L,75.15213688985023
2023-02-11 00:00:00+00:00,VUAA.L,75.7699966430664,VUSA.L,75.15213688985023
2023-02-12 00:00:00+00:00,VUAA.L,75.7699966430664,VUSA.L,75.15213688985023
2023-02-13 00:00:00+00:00,VUAA.L,76.62000274658203,VUSA.L,75.26504799975692
2023-02-14 00:00:00+00:00,VUAA.L,76.19000244140625,VUSA.L,75.27428713559766
2023-02-15 00:00:00+00:00,VUAA.L,76.63999938964844,VUSA.L,76.76385600782032
2023-02-16 00:00:00+00:00,VUAA.L,76.62000274658203,VUSA.L,75.8513268539773
2023-02-17 00:00:00+00:00,VUAA.L,75.33000183105469,VUSA.L,74.33261241151376
2023-02-18 00:00:00+00:00,VUAA.L,75.33000183105469,VUSA.L,74.33261241151376
2023-02-19 00:00:00+00:00,VUAA.L,75.33000183105469,VUSA.L,74.33261241151376
2023-02-20 00:00:00+00:00,VUAA.L,75.65499877929688,VUSA.L,74.705552709931
2023-02-21 00:00:00+00:00,VUAA.L,74.62999725341797,VUSA.L,73.24339339600465
2023-02-22 00:00:00+00:00,VUAA.L,74.38999938964844,VUSA.L,73.7696165780635
2023-02-23 00:00:00+00:00,VUAA.L,74.1500015258789,VUSA.L,73.4034572060591
2023-02-24 00:00:00+00:00,VUAA.L,73.63999938964844,VUSA.L,73.17418786385588
2023-02-25 00:00:00+00:00,VUAA.L,73.63999938964844,VUSA.L,73.17418786385588
2023-02-26 00:00:00+00:00,VUAA.L,73.63999938964844,VUSA.L,73.17418786385588
2023-02-27 00:00:00+00:00,VUAA.L,74.0999984741211,VUSA.L,72.82828299250832
2023-02-28 00:00:00+00:00,VUAA.L,74.06999969482422,VUSA.L,72.84536119253971
2023-03-01 00:00:00+00:00,VUAA.L,73.45999908447266,VUSA.L,72.69946963541406
2023-03-02 00:00:00+00:00,VUAA.L,73.30999755859375,VUSA.L,72.95994620385181
2023-03-03 00:00:00+00:00,VUAA.L,74.70999908447266,VUSA.L,73.67617832893848
2023-03-04 00:00:00+00:00,VUAA.L,74.70999908447266,VUSA.L,73.67617832893848
2023-03-05 00:00:00+00:00,VUAA.L,74.70999908447266,VUSA.L,73.67617832893848
2023-03-06 00:00:00+00:00,VUAA.L,75.7300033569336,VUSA.L,74.78187136680162
2023-03-07 00:00:00+00:00,VUAA.L,74.5199966430664,VUSA.L,74.7008810740881
2023-03-08 00:00:00+00:00,VUAA.L,74.08999633789062,VUSA.L,73.18468682198727
2023-03-09 00:00:00+00:00,VUAA.L,74.34500122070312,VUSA.L,73.03097605101357
2023-03-10 00:00:00+00:00,VUAA.L,73.19999694824219,VUSA.L,71.4949036959747
2023-03-11 00:00:00+00:00,VUAA.L,73.19999694824219,VUSA.L,71.4949036959747
2023-03-12 00:00:00+00:00,VUAA.L,73.19999694824219,VUSA.L,71.4949036959747
2023-03-13 00:00:00+00:00,VUAA.L,72.08000183105469,VUSA.L,70.76646084951244
2023-03-14 00:00:00+00:00,VUAA.L,73.12000274658203,VUSA.L,72.24218074168402
2023-03-15 00:00:00+00:00,VUAA.L,71.70999908447266,VUSA.L,71.57231557119485
2023-03-16 00:00:00+00:00,VUAA.L,73.26000213623047,VUSA.L,72.14644853670688
2023-03-17 00:00:00+00:00,VUAA.L,73.08000183105469,VUSA.L,71.86332515764661
2023-03-18 00:00:00+00:00,VUAA.L,73.08000183105469,VUSA.L,71.86332515764661
2023-03-19 00:00:00+00:00,VUAA.L,73.08000183105469,VUSA.L,71.86332515764661
2023-03-20 00:00:00+00:00,VUAA.L,73.18000030517578,VUSA.L,71.94542002612434
2023-03-21 00:00:00+00:00,VUAA.L,74.11000061035156,VUSA.L,73.7684337345263
2023-03-22 00:00:00+00:00,VUAA.L,74.43000030517578,VUSA.L,73.53217531130076
2023-03-23 00:00:00+00:00,VUAA.L,74.33999633789062,VUSA.L,73.2105958255197
2023-03-24 00:00:00+00:00,VUAA.L,73.37000274658203,VUSA.L,72.91410698838081
2023-03-25 00:00:00+00:00,VUAA.L,73.37000274658203,VUSA.L,72.91410698838081
2023-03-26 00:00:00+00:00,VUAA.L,74.16000366210938,VUSA.L,73.07196863154059
2023-03-27 00:00:00+00:00,VUAA.L,73.95999908447266,VUSA.L,72.83291849717625
2023-03-28 00:00:00+00:00,VUAA.L,74.69000244140625,VUSA.L,73.80953292940467
2023-03-29 00:00:00+00:00,VUAA.L,75.38999938964844,VUSA.L,74.12739876628439
2023-03-30 00:00:00+00:00,VUAA.L,76.05000305175781,VUSA.L,75.21180649418966
2023-03-31 00:00:00+00:00,VUAA.L,76.05000305175781,VUSA.L,75.21180649418966
2023-04-01 00:00:00+00:00,VUAA.L,76.05000305175781,VUSA.L,75.21180649418966
2023-04-02 00:00:00+00:00,VUAA.L,76.45999908447266,VUSA.L,74.9490145717291
2023-04-03 00:00:00+00:00,VUAA.L,76.37000274658203,VUSA.L,75.06135894150339
2023-04-04 00:00:00+00:00,VUAA.L,76.11000061035156,VUSA.L,75.3858048297725
2023-04-05 00:00:00+00:00,VUAA.L,76.11000061035156,VUSA.L,75.38142870618321
2023-04-06 00:00:00+00:00,VUAA.L,76.11000061035156,VUSA.L,75.38142870618321
2023-04-07 00:00:00+00:00,VUAA.L,76.11000061035156,VUSA.L,75.38142870618321
2023-04-08 00:00:00+00:00,VUAA.L,76.11000061035156,VUSA.L,75.38142870618321
2023-04-09 00:00:00+00:00,VUAA.L,76.11000061035156,VUSA.L,75.38142870618321
2023-04-10 00:00:00+00:00,VUAA.L,76.5999984741211,VUSA.L,75.48846749281847
2023-04-11 00:00:00+00:00,VUAA.L,76.52999877929688,VUSA.L,75.48035427427521
2023-04-12 00:00:00+00:00,VUAA.L,76.76000213623047,VUSA.L,75.65745862444737
2023-04-13 00:00:00+00:00,VUAA.L,76.94999694824219,VUSA.L,76.68573764846587
2023-04-14 00:00:00+00:00,VUAA.L,76.94999694824219,VUSA.L,76.68573764846587
2023-04-15 00:00:00+00:00,VUAA.L,76.94999694824219,VUSA.L,76.68573764846587
2023-04-16 00:00:00+00:00,VUAA.L,76.94000244140625,VUSA.L,76.30221599772631
2023-04-17 00:00:00+00:00,VUAA.L,77.30999755859375,VUSA.L,76.1050809024764
2023-04-18 00:00:00+00:00,VUAA.L,77.19999694824219,VUSA.L,76.19511535946413
2023-04-19 00:00:00+00:00,VUAA.L,76.98999786376953,VUSA.L,75.94121402663086
2023-04-20 00:00:00+00:00,VUAA.L,76.94999694824219,VUSA.L,76.20529245112266
2023-04-21 00:00:00+00:00,VUAA.L,76.94999694824219,VUSA.L,76.20529245112266
2023-04-22 00:00:00+00:00,VUAA.L,76.94999694824219,VUSA.L,76.20529245112266
2023-04-23 00:00:00+00:00,VUAA.L,76.87999725341797,VUSA.L,75.9509061636827
2023-04-24 00:00:00+00:00,VUAA.L,76.48999786376953,VUSA.L,76.16646766662598
2023-04-25 00:00:00+00:00,VUAA.L,76.11000061035156,VUSA.L,74.80296087115858
2023-04-26 00:00:00+00:00,VUAA.L,76.4000015258789,VUSA.L,75.37463983517864
2023-04-27 00:00:00+00:00,VUAA.L,77.33000183105469,VUSA.L,75.94481104621127
2023-04-28 00:00:00+00:00,VUAA.L,77.33000183105469,VUSA.L,75.94481104621127
2023-04-29 00:00:00+00:00,VUAA.L,77.33000183105469,VUSA.L,75.94481104621127
2023-04-30 00:00:00+00:00,VUAA.L,77.33000183105469,VUSA.L,75.94481104621127
2023-05-01 00:00:00+00:00,VUAA.L,76.31999969482422,VUSA.L,75.6122882956538
2023-05-02 00:00:00+00:00,VUAA.L,76.80000305175781,VUSA.L,75.46022339038609
2023-05-03 00:00:00+00:00,VUAA.L,75.7300033569336,VUSA.L,74.78847183438847
2023-05-04 00:00:00+00:00,VUAA.L,76.8499984741211,VUSA.L,75.67187806031507
2023-05-05 00:00:00+00:00,VUAA.L,76.8499984741211,VUSA.L,75.67187806031507
2023-05-06 00:00:00+00:00,VUAA.L,76.8499984741211,VUSA.L,75.67187806031507
2023-05-07 00:00:00+00:00,VUAA.L,76.8499984741211,VUSA.L,75.67187806031507
2023-05-08 00:00:00+00:00,VUAA.L,76.94000244140625,VUSA.L,75.93422813355437
2023-05-09 00:00:00+00:00,VUAA.L,77.04000091552734,VUSA.L,76.1119181266422
2023-05-10 00:00:00+00:00,VUAA.L,76.87999725341797,VUSA.L,76.78080041522117
2023-05-11 00:00:00+00:00,VUAA.L,76.80999755859375,VUSA.L,76.15523730573841
2023-05-12 00:00:00+00:00,VUAA.L,76.80999755859375,VUSA.L,76.15523730573841
2023-05-13 00:00:00+00:00,VUAA.L,76.80999755859375,VUSA.L,76.15523730573841
2023-05-14 00:00:00+00:00,VUAA.L,76.98999786376953,VUSA.L,75.6817395482376
2023-05-15 00:00:00+00:00,VUAA.L,76.91000366210938,VUSA.L,76.2653026951848
2023-05-16 00:00:00+00:00,VUAA.L,77.0,VUSA.L,76.12898823201567
2023-05-17 00:00:00+00:00,VUAA.L,77.96499633789062,VUSA.L,77.49136208925484
2023-05-18 00:00:00+00:00,VUAA.L,78.20500183105469,VUSA.L,76.91372182319174
2023-05-19 00:00:00+00:00,VUAA.L,78.20500183105469,VUSA.L,76.91372182319174
2023-05-20 00:00:00+00:00,VUAA.L,78.20500183105469,VUSA.L,76.91372182319174
2023-05-21 00:00:00+00:00,VUAA.L,78.37000274658203,VUSA.L,77.65450580830839
2023-05-22 00:00:00+00:00,VUAA.L,78.02999877929688,VUSA.L,77.23471876871827
2023-05-23 00:00:00+00:00,VUAA.L,76.80000305175781,VUSA.L,76.19926120358787
2023-05-24 00:00:00+00:00,VUAA.L,77.19000244140625,VUSA.L,76.64875323226443
2023-05-25 00:00:00+00:00,VUAA.L,78.2699966430664,VUSA.L,77.2586187239599
2023-05-26 00:00:00+00:00,VUAA.L,78.2699966430664,VUSA.L,77.2586187239599
2023-05-27 00:00:00+00:00,VUAA.L,78.2699966430664,VUSA.L,77.2586187239599
2023-05-28 00:00:00+00:00,VUAA.L,78.2699966430664,VUSA.L,77.2586187239599
2023-05-29 00:00:00+00:00,VUAA.L,78.56999969482422,VUSA.L,77.29426037942176
2023-05-30 00:00:00+00:00,VUAA.L,77.79000091552734,VUSA.L,76.98018673360457
2023-05-31 00:00:00+00:00,VUAA.L,78.5,VUSA.L,77.10245620452042
2023-06-01 00:00:00+00:00,VUAA.L,79.8499984741211,VUSA.L,79.22144232403343
2023-06-02 00:00:00+00:00,VUAA.L,79.8499984741211,VUSA.L,79.22144232403343
2023-06-03 00:00:00+00:00,VUAA.L,79.8499984741211,VUSA.L,79.22144232403343
2023-06-04 00:00:00+00:00,VUAA.L,80.12999725341797,VUSA.L,79.26802549770491
2023-06-05 00:00:00+00:00,VUAA.L,79.9000015258789,VUSA.L,79.0904291782681
2023-06-06 00:00:00+00:00,VUAA.L,79.97000122070312,VUSA.L,78.81642769631435
2023-06-07 00:00:00+00:00,VUAA.L,80.0199966430664,VUSA.L,78.38815090513526
2023-06-08 00:00:00+00:00,VUAA.L,80.27999877929688,VUSA.L,79.24116866746635
2023-06-09 00:00:00+00:00,VUAA.L,80.27999877929688,VUSA.L,79.24116866746635
2023-06-10 00:00:00+00:00,VUAA.L,80.27999877929688,VUSA.L,79.24116866746635
2023-06-11 00:00:00+00:00,VUAA.L,80.5,VUSA.L,80.06740672540218
2023-06-12 00:00:00+00:00,VUAA.L,81.55000305175781,VUSA.L,79.99915683486824
2023-06-13 00:00:00+00:00,VUAA.L,81.94999694824219,VUSA.L,80.42180800184997
2023-06-14 00:00:00+00:00,VUAA.L,82.31999969482422,VUSA.L,80.80966693349183
2023-06-15 00:00:00+00:00,VUAA.L,82.6500015258789,VUSA.L,81.47523817934325
2023-06-16 00:00:00+00:00,VUAA.L,82.6500015258789,VUSA.L,81.47523817934325
2023-06-17 00:00:00+00:00,VUAA.L,82.6500015258789,VUSA.L,81.47523817934325
2023-06-18 00:00:00+00:00,VUAA.L,82.2300033569336,VUSA.L,81.48285037202868
2023-06-19 00:00:00+00:00,VUAA.L,81.77999877929688,VUSA.L,81.1505888877291
2023-06-20 00:00:00+00:00,VUAA.L,81.63999938964844,VUSA.L,80.85835594378295
2023-06-21 00:00:00+00:00,VUAA.L,81.61000061035156,VUSA.L,80.8135389675881
2023-06-22 00:00:00+00:00,VUAA.L,81.23999786376953,VUSA.L,80.52388875617908
2023-06-23 00:00:00+00:00,VUAA.L,81.23999786376953,VUSA.L,80.52388875617908
2023-06-24 00:00:00+00:00,VUAA.L,81.23999786376953,VUSA.L,80.52388875617908
2023-06-25 00:00:00+00:00,VUAA.L,81.16999816894531,VUSA.L,80.2534367277749
2023-06-26 00:00:00+00:00,VUAA.L,81.37999725341797,VUSA.L,80.16391811494259
2023-06-27 00:00:00+00:00,VUAA.L,81.86000061035156,VUSA.L,81.49310105127188
2023-06-28 00:00:00+00:00,VUAA.L,82.02999877929688,VUSA.L,81.2958958722129
2023-06-29 00:00:00+00:00,VUAA.L,82.9800033569336,VUSA.L,81.35471334352405
2023-06-30 00:00:00+00:00,VUAA.L,82.9800033569336,VUSA.L,81.35471334352405
2023-07-01 00:00:00+00:00,VUAA.L,82.9800033569336,VUSA.L,81.35471334352405
2023-07-02 00:00:00+00:00,VUAA.L,83.18000030517578,VUSA.L,82.30720526340883
2023-07-03 00:00:00+00:00,VUAA.L,83.21499633789062,VUSA.L,82.08545936191695
2023-07-04 00:00:00+00:00,VUAA.L,83.22000122070312,VUSA.L,82.25449510236467
2023-07-05 00:00:00+00:00,VUAA.L,82.08000183105469,VUSA.L,81.13261218619073
2023-07-06 00:00:00+00:00,VUAA.L,82.55000305175781,VUSA.L,80.97910238492796
2023-07-07 00:00:00+00:00,VUAA.L,82.55000305175781,VUSA.L,80.97910238492796
2023-07-08 00:00:00+00:00,VUAA.L,82.55000305175781,VUSA.L,80.97910238492796
2023-07-09 00:00:00+00:00,VUAA.L,82.33000183105469,VUSA.L,81.44024268533485
2023-07-10 00:00:00+00:00,VUAA.L,82.5999984741211,VUSA.L,81.49081381073483
2023-07-11 00:00:00+00:00,VUAA.L,83.7300033569336,VUSA.L,82.37590238806297
2023-07-12 00:00:00+00:00,VUAA.L,84.01000213623047,VUSA.L,82.33698963686447
2023-07-13 00:00:00+00:00,VUAA.L,84.51000213623047,VUSA.L,83.53788556881773
2023-07-14 00:00:00+00:00,VUAA.L,84.51000213623047,VUSA.L,83.53788556881773
2023-07-15 00:00:00+00:00,VUAA.L,84.51000213623047,VUSA.L,83.53788556881773
2023-07-16 00:00:00+00:00,VUAA.L,84.47000122070312,VUSA.L,83.51573521959199
2023-07-17 00:00:00+00:00,VUAA.L,84.80999755859375,VUSA.L,83.82788647615871
2023-07-18 00:00:00+00:00,VUAA.L,85.51000213623047,VUSA.L,85.48312790922137
2023-07-19 00:00:00+00:00,VUAA.L,85.13999938964844,VUSA.L,84.69102144314456
2023-07-20 00:00:00+00:00,VUAA.L,85.06999969482422,VUSA.L,84.21813192063837
2023-07-21 00:00:00+00:00,VUAA.L,85.06999969482422,VUSA.L,84.21813192063837
2023-07-22 00:00:00+00:00,VUAA.L,85.06999969482422,VUSA.L,84.21813192063837
2023-07-23 00:00:00+00:00,VUAA.L,85.16999816894531,VUSA.L,84.329682611522
2023-07-24 00:00:00+00:00,VUAA.L,85.36000061035156,VUSA.L,83.99614222435775
2023-07-25 00:00:00+00:00,VUAA.L,85.2300033569336,VUSA.L,84.03249822536782
2023-07-26 00:00:00+00:00,VUAA.L,85.87000274658203,VUSA.L,85.27682282030582
2023-07-27 00:00:00+00:00,VUAA.L,85.76000213623047,VUSA.L,84.30907917763943
2023-07-28 00:00:00+00:00,VUAA.L,85.76000213623047,VUSA.L,84.30907917763943
2023-07-29 00:00:00+00:00,VUAA.L,85.76000213623047,VUSA.L,84.30907917763943
2023-07-30 00:00:00+00:00,VUAA.L,85.70999908447266,VUSA.L,84.6900527268881
2023-07-31 00:00:00+00:00,VUAA.L,85.52999877929688,VUSA.L,85.13717374168482
2023-08-01 00:00:00+00:00,VUAA.L,84.66000366210938,VUSA.L,84.19417731751128
2023-08-02 00:00:00+00:00,VUAA.L,84.23999786376953,VUSA.L,83.29529322029703
2023-08-03 00:00:00+00:00,VUAA.L,84.6500015258789,VUSA.L,83.29051806492134
2023-08-04 00:00:00+00:00,VUAA.L,84.6500015258789,VUSA.L,83.29051806492134
2023-08-05 00:00:00+00:00,VUAA.L,84.6500015258789,VUSA.L,83.29051806492134
2023-08-06 00:00:00+00:00,VUAA.L,84.11000061035156,VUSA.L,82.96007961275427
2023-08-07 00:00:00+00:00,VUAA.L,83.63999938964844,VUSA.L,82.99168122793526
2023-08-08 00:00:00+00:00,VUAA.L,83.69999694824219,VUSA.L,82.838121060704
2023-08-09 00:00:00+00:00,VUAA.L,84.2300033569336,VUSA.L,83.1536833878672
2023-08-10 00:00:00+00:00,VUAA.L,83.3499984741211,VUSA.L,82.17245615239517
2023-08-11 00:00:00+00:00,VUAA.L,83.3499984741211,VUSA.L,82.17245615239517
2023-08-12 00:00:00+00:00,VUAA.L,83.3499984741211,VUSA.L,82.17245615239517
2023-08-13 00:00:00+00:00,VUAA.L,83.77999877929688,VUSA.L,82.85082307833
2023-08-14 00:00:00+00:00,VUAA.L,83.3949966430664,VUSA.L,82.14987449435284
2023-08-15 00:00:00+00:00,VUAA.L,83.12999725341797,VUSA.L,81.82395799415463
2023-08-16 00:00:00+00:00,VUAA.L,82.37000274658203,VUSA.L,81.2647708953732
2023-08-17 00:00:00+00:00,VUAA.L,81.61000061035156,VUSA.L,80.72828608498548
2023-08-18 00:00:00+00:00,VUAA.L,81.61000061035156,VUSA.L,80.72828608498548
2023-08-19 00:00:00+00:00,VUAA.L,81.61000061035156,VUSA.L,80.72828608498548
2023-08-20 00:00:00+00:00,VUAA.L,81.81999969482422,VUSA.L,80.88078875179781
2023-08-21 00:00:00+00:00,VUAA.L,82.4000015258789,VUSA.L,81.59449862441397
2023-08-22 00:00:00+00:00,VUAA.L,82.87000274658203,VUSA.L,82.07461024436816
2023-08-23 00:00:00+00:00,VUAA.L,82.52999877929688,VUSA.L,82.09352643431703
2023-08-24 00:00:00+00:00,VUAA.L,82.12999725341797,VUSA.L,81.22969534231561
2023-08-25 00:00:00+00:00,VUAA.L,82.12999725341797,VUSA.L,81.22969534231561
2023-08-26 00:00:00+00:00,VUAA.L,82.12999725341797,VUSA.L,81.22969534231561
2023-08-27 00:00:00+00:00,VUAA.L,82.12999725341797,VUSA.L,81.22969534231561
2023-08-28 00:00:00+00:00,VUAA.L,83.83999633789062,VUSA.L,82.79814533120953
2023-08-29 00:00:00+00:00,VUAA.L,84.48999786376953,VUSA.L,82.92964417149142
2023-08-30 00:00:00+00:00,VUAA.L,84.66000366210938,VUSA.L,83.9887647226551
2023-08-31 00:00:00+00:00,VUAA.L,84.48999786376953,VUSA.L,83.99691080782122
2023-09-01 00:00:00+00:00,VUAA.L,84.48999786376953,VUSA.L,83.99691080782122
2023-09-02 00:00:00+00:00,VUAA.L,84.48999786376953,VUSA.L,83.99691080782122
2023-09-03 00:00:00+00:00,VUAA.L,84.52999877929688,VUSA.L,83.36852592939977
2023-09-04 00:00:00+00:00,VUAA.L,84.41000366210938,VUSA.L,83.79942585512981
2023-09-05 00:00:00+00:00,VUAA.L,83.56999969482422,VUSA.L,83.0708668022562
2023-09-06 00:00:00+00:00,VUAA.L,83.43000030517578,VUSA.L,82.4623747628284
2023-09-07 00:00:00+00:00,VUAA.L,83.76000213623047,VUSA.L,82.74075084426659
2023-09-08 00:00:00+00:00,VUAA.L,83.76000213623047,VUSA.L,82.74075084426659
2023-09-09 00:00:00+00:00,VUAA.L,83.76000213623047,VUSA.L,82.74075084426659
2023-09-10 00:00:00+00:00,VUAA.L,83.80000305175781,VUSA.L,82.58416656675763
2023-09-11 00:00:00+00:00,VUAA.L,83.77999877929688,VUSA.L,83.00087114903363
2023-09-12 00:00:00+00:00,VUAA.L,83.87000274658203,VUSA.L,82.90005936967646
2023-09-13 00:00:00+00:00,VUAA.L,84.27999877929688,VUSA.L,83.82660917478916
2023-09-14 00:00:00+00:00,VUAA.L,83.70500183105469,VUSA.L,82.76520017321673
2023-09-15 00:00:00+00:00,VUAA.L,83.70500183105469,VUSA.L,82.76520017321673
2023-09-16 00:00:00+00:00,VUAA.L,83.70500183105469,VUSA.L,82.76520017321673
2023-09-17 00:00:00+00:00,VUAA.L,83.56999969482422,VUSA.L,82.64857244899031
2023-09-18 00:00:00+00:00,VUAA.L,82.94999694824219,VUSA.L,81.92368538868323
2023-09-19 00:00:00+00:00,VUAA.L,83.41000366210938,VUSA.L,82.42802891792962
2023-09-20 00:00:00+00:00,VUAA.L,81.70999908447266,VUSA.L,80.94919185602612
2023-09-21 00:00:00+00:00,VUAA.L,81.61000061035156,VUSA.L,80.87760574102867
2023-09-22 00:00:00+00:00,VUAA.L,81.61000061035156,VUSA.L,80.87760574102867
2023-09-23 00:00:00+00:00,VUAA.L,81.61000061035156,VUSA.L,80.87760574102867
2023-09-24 00:00:00+00:00,VUAA.L,81.0999984741211,VUSA.L,80.33850357348274
2023-09-25 00:00:00+00:00,VUAA.L,80.37000274658203,VUSA.L,79.71416533102456
2023-09-26 00:00:00+00:00,VUAA.L,80.16000366210938,VUSA.L,79.19522786005473
2023-09-27 00:00:00+00:00,VUAA.L,80.62999725341797,VUSA.L,79.19148118430257
2023-09-28 00:00:00+00:00,VUAA.L,80.8499984741211,VUSA.L,79.9073527548444
2023-09-29 00:00:00+00:00,VUAA.L,80.8499984741211,VUSA.L,79.9073527548444
2023-09-30 00:00:00+00:00,VUAA.L,80.8499984741211,VUSA.L,79.9073527548444
2023-10-01 00:00:00+00:00,VUAA.L,80.55999755859375,VUSA.L,79.94962111196219
2023-10-02 00:00:00+00:00,VUAA.L,79.19000244140625,VUSA.L,78.45395311538323
2023-10-03 00:00:00+00:00,VUAA.L,79.48999786376953,VUSA.L,78.17957361276422
2023-10-04 00:00:00+00:00,VUAA.L,79.4000015258789,VUSA.L,78.28208719229224
2023-10-05 00:00:00+00:00,VUAA.L,80.2699966430664,VUSA.L,78.9461498320452
2023-10-06 00:00:00+00:00,VUAA.L,80.2699966430664,VUSA.L,78.9461498320452
2023-10-07 00:00:00+00:00,VUAA.L,80.2699966430664,VUSA.L,78.9461498320452
2023-10-08 00:00:00+00:00,VUAA.L,80.66999816894531,VUSA.L,79.7857480394232
2023-10-09 00:00:00+00:00,VUAA.L,82.12999725341797,VUSA.L,80.99661870972523
2023-10-10 00:00:00+00:00,VUAA.L,81.7699966430664,VUSA.L,80.67539983846655
2023-10-11 00:00:00+00:00,VUAA.L,82.05000305175781,VUSA.L,81.75774174596518
2023-10-12 00:00:00+00:00,VUAA.L,81.30999755859375,VUSA.L,80.66574278479038
2023-10-13 00:00:00+00:00,VUAA.L,81.30999755859375,VUSA.L,80.66574278479038
2023-10-14 00:00:00+00:00,VUAA.L,81.30999755859375,VUSA.L,80.66574278479038
2023-10-15 00:00:00+00:00,VUAA.L,82.11499786376953,VUSA.L,80.84205177037802
2023-10-16 00:00:00+00:00,VUAA.L,82.08999633789062,VUSA.L,81.25293560855789
2023-10-17 00:00:00+00:00,VUAA.L,81.44000244140625,VUSA.L,80.66008526101541
2023-10-18 00:00:00+00:00,VUAA.L,80.93000030517578,VUSA.L,79.95985779347757
2023-10-19 00:00:00+00:00,VUAA.L,79.41999816894531,VUSA.L,78.39686353692196
2023-10-20 00:00:00+00:00,VUAA.L,79.41999816894531,VUSA.L,78.39686353692196
2023-10-21 00:00:00+00:00,VUAA.L,79.41999816894531,VUSA.L,78.39686353692196
2023-10-22 00:00:00+00:00,VUAA.L,79.48999786376953,VUSA.L,78.10852830467593
2023-10-23 00:00:00+00:00,VUAA.L,79.5199966430664,VUSA.L,79.2225958269737
2023-10-24 00:00:00+00:00,VUAA.L,79.05999755859375,VUSA.L,78.25876138810872
2023-10-25 00:00:00+00:00,VUAA.L,77.9800033569336,VUSA.L,76.99203408167068
2023-10-26 00:00:00+00:00,VUAA.L,77.72000122070312,VUSA.L,76.73719232690473
2023-10-27 00:00:00+00:00,VUAA.L,77.72000122070312,VUSA.L,76.73719232690473
2023-10-28 00:00:00+00:00,VUAA.L,77.72000122070312,VUSA.L,76.73719232690473
2023-10-29 00:00:00+00:00,VUAA.L,77.72000122070312,VUSA.L,76.73719232690473
2023-10-30 00:00:00+00:00,VUAA.L,77.83000183105469,VUSA.L,76.72858060430735
2023-10-31 00:00:00+00:00,VUAA.L,78.29000091552734,VUSA.L,77.57266932670973
2023-11-01 00:00:00+00:00,VUAA.L,79.05000305175781,VUSA.L,78.25541117599278
2023-11-02 00:00:00+00:00,VUAA.L,80.70999908447266,VUSA.L,79.80704738482018
2023-11-03 00:00:00+00:00,VUAA.L,81.9800033569336,VUSA.L,79.765961834486
2023-11-04 00:00:00+00:00,VUAA.L,81.9800033569336,VUSA.L,79.765961834486
2023-11-05 00:00:00+00:00,VUAA.L,81.9800033569336,VUSA.L,79.765961834486
2023-11-06 00:00:00+00:00,VUAA.L,81.91000366210938,VUSA.L,80.83832199018161
2023-11-07 00:00:00+00:00,VUAA.L,82.27999877929688,VUSA.L,81.52898031999575
2023-11-08 00:00:00+00:00,VUAA.L,82.09500122070312,VUSA.L,81.07805944023494
2023-11-09 00:00:00+00:00,VUAA.L,82.31999969482422,VUSA.L,81.42368029127738
2023-11-10 00:00:00+00:00,VUAA.L,82.12000274658203,VUSA.L,81.24187254669778
2023-11-11 00:00:00+00:00,VUAA.L,82.12000274658203,VUSA.L,81.24187254669778
2023-11-12 00:00:00+00:00,VUAA.L,82.12000274658203,VUSA.L,81.24187254669778
2023-11-13 00:00:00+00:00,VUAA.L,82.86000061035156,VUSA.L,81.59143974941617
2023-11-14 00:00:00+00:00,VUAA.L,84.61000061035156,VUSA.L,82.20834869303872
2023-11-15 00:00:00+00:00,VUAA.L,84.75,VUSA.L,84.1197736667873
2023-11-16 00:00:00+00:00,VUAA.L,84.37999725341797,VUSA.L,83.40610435714098
2023-11-17 00:00:00+00:00,VUAA.L,84.56999969482422,VUSA.L,83.56278226355607
2023-11-18 00:00:00+00:00,VUAA.L,84.56999969482422,VUSA.L,83.56278226355607
2023-11-19 00:00:00+00:00,VUAA.L,84.56999969482422,VUSA.L,83.56278226355607
2023-11-20 00:00:00+00:00,VUAA.L,85.16000366210938,VUSA.L,83.89315997823724
2023-11-21 00:00:00+00:00,VUAA.L,85.13999938964844,VUSA.L,83.96075346783618
2023-11-22 00:00:00+00:00,VUAA.L,85.58999633789062,VUSA.L,85.12897091692321
2023-11-23 00:00:00+00:00,VUAA.L,85.68000030517578,VUSA.L,84.40382586924352
2023-11-24 00:00:00+00:00,VUAA.L,85.55000305175781,VUSA.L,84.13102835322206
2023-11-25 00:00:00+00:00,VUAA.L,85.55000305175781,VUSA.L,84.13102835322206
2023-11-26 00:00:00+00:00,VUAA.L,85.55000305175781,VUSA.L,84.13102835322206
2023-11-27 00:00:00+00:00,VUAA.L,85.54000091552734,VUSA.L,84.55786488685135
2023-11-28 00:00:00+00:00,VUAA.L,85.80000305175781,VUSA.L,84.4498136293696
2023-11-29 00:00:00+00:00,VUAA.L,85.63999938964844,VUSA.L,84.87415119311663
2023-11-30 00:00:00+00:00,VUAA.L,85.43000030517578,VUSA.L,84.7897362220283
2023-12-01 00:00:00+00:00,VUAA.L,86.01000213623047,VUSA.L,84.74977202346417
2023-12-02 00:00:00+00:00,VUAA.L,86.01000213623047,VUSA.L,84.74977202346417
2023-12-03 00:00:00+00:00,VUAA.L,86.01000213623047,VUSA.L,84.74977202346417
2023-12-04 00:00:00+00:00,VUAA.L,85.55999755859375,VUSA.L,85.18722951851305
2023-12-05 00:00:00+00:00,VUAA.L,85.80500030517578,VUSA.L,85.14577417450164
2023-12-06 00:00:00+00:00,VUAA.L,85.80000305175781,VUSA.L,84.87874948942317
2023-12-07 00:00:00+00:00,VUAA.L,85.94999694824219,VUSA.L,84.95714791417049
2023-12-08 00:00:00+00:00,VUAA.L,86.2699966430664,VUSA.L,85.59046748348464
2023-12-09 00:00:00+00:00,VUAA.L,86.2699966430664,VUSA.L,85.59046748348464
2023-12-10 00:00:00+00:00,VUAA.L,86.2699966430664,VUSA.L,85.59046748348464
2023-12-11 00:00:00+00:00,VUAA.L,86.58499908447266,VUSA.L,85.5965496789986
2023-12-12 00:00:00+00:00,VUAA.L,87.0,VUSA.L,86.03438015266147
2023-12-13 00:00:00+00:00,VUAA.L,87.43000030517578,VUSA.L,86.74093091538816
2023-12-14 00:00:00+00:00,VUAA.L,88.77999877929688,VUSA.L,86.72203554749376
2023-12-15 00:00:00+00:00,VUAA.L,88.7699966430664,VUSA.L,88.27452920304495
2023-12-16 00:00:00+00:00,VUAA.L,88.7699966430664,VUSA.L,88.27452920304495
2023-12-17 00:00:00+00:00,VUAA.L,88.7699966430664,VUSA.L,88.27452920304495
2023-12-18 00:00:00+00:00,VUAA.L,89.08999633789062,VUSA.L,88.23322990326051
2023-12-19 00:00:00+00:00,VUAA.L,89.5,VUSA.L,87.77078491146403
2023-12-20 00:00:00+00:00,VUAA.L,89.66999816894531,VUSA.L,89.1217925322635
2023-12-21 00:00:00+00:00,VUAA.L,88.93000030517578,VUSA.L,87.78744901093796
2023-12-22 00:00:00+00:00,VUAA.L,89.31999969482422,VUSA.L,87.96046004803429
2023-12-23 00:00:00+00:00,VUAA.L,89.31999969482422,VUSA.L,87.96046004803429
2023-12-24 00:00:00+00:00,VUAA.L,89.31999969482422,VUSA.L,87.96046004803429
2023-12-25 00:00:00+00:00,VUAA.L,89.31999969482422,VUSA.L,87.96046004803429
2023-12-26 00:00:00+00:00,VUAA.L,89.31999969482422,VUSA.L,87.96046004803429
2023-12-27 00:00:00+00:00,VUAA.L,89.79000091552734,VUSA.L,88.34037588112187
2023-12-28 00:00:00+00:00,VUAA.L,90.01000213623047,VUSA.L,89.34439425291202
2023-12-29 00:00:00+00:00,VUAA.L,90.05999755859375,VUSA.L,88.91382215820158
2023-12-30 00:00:00+00:00,VUAA.L,90.05999755859375,VUSA.L,88.91382215820158
2023-12-31 00:00:00+00:00,VUAA.L,90.05999755859375,VUSA.L,88.91382215820158
2024-01-01 00:00:00+00:00,VUAA.L,90.05999755859375,VUSA.L,88.91382215820158
2024-01-02 00:00:00+00:00,VUAA.L,89.23999786376953,VUSA.L,88.96659886294947
2024-01-03 00:00:00+00:00,VUAA.L,88.68000030517578,VUSA.L,87.44751274777445
2024-01-04 00:00:00+00:00,VUAA.L,88.80000305175781,VUSA.L,87.66543306815038
2024-01-05 00:00:00+00:00,VUAA.L,88.58000183105469,VUSA.L,87.07689564929751
2024-01-06 00:00:00+00:00,VUAA.L,88.58000183105469,VUSA.L,87.07689564929751
2024-01-07 00:00:00+00:00,VUAA.L,88.58000183105469,VUSA.L,87.07689564929751
2024-01-08 00:00:00+00:00,VUAA.L,88.83999633789062,VUSA.L,87.4892518933575
2024-01-09 00:00:00+00:00,VUAA.L,89.37999725341797,VUSA.L,88.56850272381052
2024-01-10 00:00:00+00:00,VUAA.L,89.62999725341797,VUSA.L,88.45980752315427
2024-01-11 00:00:00+00:00,VUAA.L,89.2699966430664,VUSA.L,88.4778574107495
2024-01-12 00:00:00+00:00,VUAA.L,89.98999786376953,VUSA.L,89.03926781857717
2024-01-13 00:00:00+00:00,VUAA.L,89.98999786376953,VUSA.L,89.03926781857717
2024-01-14 00:00:00+00:00,VUAA.L,89.98999786376953,VUSA.L,89.03926781857717
2024-01-15 00:00:00+00:00,VUAA.L,89.95999908447266,VUSA.L,88.91480018628499
2024-01-16 00:00:00+00:00,VUAA.L,89.91999816894531,VUSA.L,89.19019676086464
2024-01-17 00:00:00+00:00,VUAA.L,89.26000213623047,VUSA.L,88.02584281703457
2024-01-18 00:00:00+00:00,VUAA.L,89.68000030517578,VUSA.L,88.54435583914346
2024-01-19 00:00:00+00:00,VUAA.L,90.4000015258789,VUSA.L,89.5948392466471
2024-01-20 00:00:00+00:00,VUAA.L,90.4000015258789,VUSA.L,89.5948392466471
2024-01-21 00:00:00+00:00,VUAA.L,90.4000015258789,VUSA.L,89.5948392466471
2024-01-22 00:00:00+00:00,VUAA.L,91.4000015258789,VUSA.L,90.21259653140442
2024-01-23 00:00:00+00:00,VUAA.L,91.19999694824219,VUSA.L,90.45936756741867
2024-01-24 00:00:00+00:00,VUAA.L,92.12999725341797,VUSA.L,90.60784009185863
2024-01-25 00:00:00+00:00,VUAA.L,92.0999984741211,VUSA.L,91.15469535565353
2024-01-26 00:00:00+00:00,VUAA.L,92.26000213623047,VUSA.L,91.04824796574849
2024-01-27 00:00:00+00:00,VUAA.L,92.26000213623047,VUSA.L,91.04824796574849
2024-01-28 00:00:00+00:00,VUAA.L,92.26000213623047,VUSA.L,91.04824796574849
2024-01-29 00:00:00+00:00,VUAA.L,92.0999984741211,VUSA.L,91.18681383476996
2024-01-30 00:00:00+00:00,VUAA.L,92.69999694824219,VUSA.L,91.96335491051741
2024-01-31 00:00:00+00:00,VUAA.L,91.94000244140625,VUSA.L,90.72653167242606
2024-02-01 00:00:00+00:00,VUAA.L,91.56999969482422,VUSA.L,90.225265640016
2024-02-02 00:00:00+00:00,VUAA.L,93.12000274658203,VUSA.L,92.7628939626884
2024-02-03 00:00:00+00:00,VUAA.L,93.12000274658203,VUSA.L,92.7628939626884
2024-02-04 00:00:00+00:00,VUAA.L,93.12000274658203,VUSA.L,92.7628939626884
2024-02-05 00:00:00+00:00,VUAA.L,92.87999725341797,VUSA.L,92.49153133063646
2024-02-06 00:00:00+00:00,VUAA.L,93.11000061035156,VUSA.L,91.62294311304322
2024-02-07 00:00:00+00:00,VUAA.L,93.83000183105469,VUSA.L,92.57012050882622
2024-02-08 00:00:00+00:00,VUAA.L,93.94999694824219,VUSA.L,92.98338207390134
2024-02-09 00:00:00+00:00,VUAA.L,94.33000183105469,VUSA.L,93.14647144288756
2024-02-10 00:00:00+00:00,VUAA.L,94.33000183105469,VUSA.L,93.14647144288756
2024-02-11 00:00:00+00:00,VUAA.L,94.33000183105469,VUSA.L,93.14647144288756
2024-02-12 00:00:00+00:00,VUAA.L,95.0199966430664,VUSA.L,93.9735987138265
2024-02-13 00:00:00+00:00,VUAA.L,93.54000091552734,VUSA.L,92.61911966274329
2024-02-14 00:00:00+00:00,VUAA.L,93.68000030517578,VUSA.L,92.81791864227216
2024-02-15 00:00:00+00:00,VUAA.L,94.30999755859375,VUSA.L,93.11578901544272
2024-02-16 00:00:00+00:00,VUAA.L,94.73999786376953,VUSA.L,93.67206792203251
2024-02-17 00:00:00+00:00,VUAA.L,94.73999786376953,VUSA.L,93.67206792203251
2024-02-18 00:00:00+00:00,VUAA.L,94.73999786376953,VUSA.L,93.67206792203251
2024-02-19 00:00:00+00:00,VUAA.L,94.36499786376953,VUSA.L,93.46994622506463
2024-02-20 00:00:00+00:00,VUAA.L,93.69000244140625,VUSA.L,92.15670547559967
2024-02-21 00:00:00+00:00,VUAA.L,93.58000183105469,VUSA.L,92.52504807292826
2024-02-22 00:00:00+00:00,VUAA.L,95.44999694824219,VUSA.L,94.39174671926594
2024-02-23 00:00:00+00:00,VUAA.L,95.93000030517578,VUSA.L,94.74758962868236
2024-02-24 00:00:00+00:00,VUAA.L,95.93000030517578,VUSA.L,94.74758962868236
2024-02-25 00:00:00+00:00,VUAA.L,95.93000030517578,VUSA.L,94.74758962868236
2024-02-26 00:00:00+00:00,VUAA.L,95.7699966430664,VUSA.L,94.63769416556534
2024-02-27 00:00:00+00:00,VUAA.L,95.44000244140625,VUSA.L,94.33144579907093
2024-02-28 00:00:00+00:00,VUAA.L,95.58999633789062,VUSA.L,94.69866733718845
2024-02-29 00:00:00+00:00,VUAA.L,95.68000030517578,VUSA.L,94.72415486166028
2024-03-01 00:00:00+00:00,VUAA.L,96.37000274658203,VUSA.L,95.15526566046174
2024-03-02 00:00:00+00:00,VUAA.L,96.37000274658203,VUSA.L,95.15526566046174
2024-03-03 00:00:00+00:00,VUAA.L,96.37000274658203,VUSA.L,95.15526566046174
2024-03-04 00:00:00+00:00,VUAA.L,96.68000030517578,VUSA.L,95.32163113807837
2024-03-05 00:00:00+00:00,VUAA.L,95.91999816894531,VUSA.L,94.5888367587022
2024-03-06 00:00:00+00:00,VUAA.L,96.37999725341797,VUSA.L,94.92489550696519
2024-03-07 00:00:00+00:00,VUAA.L,97.04000091552734,VUSA.L,95.43134687528527
2024-03-08 00:00:00+00:00,VUAA.L,97.2300033569336,VUSA.L,95.72384305027481
2024-03-09 00:00:00+00:00,VUAA.L,97.2300033569336,VUSA.L,95.72384305027481
2024-03-10 00:00:00+00:00,VUAA.L,97.2300033569336,VUSA.L,95.72384305027481
2024-03-11 00:00:00+00:00,VUAA.L,96.41000366210938,VUSA.L,95.67869201716712
2024-03-12 00:00:00+00:00,VUAA.L,97.2300033569336,VUSA.L,96.40933129510722
2024-03-13 00:00:00+00:00,VUAA.L,97.45999908447266,VUSA.L,96.31432183244033
2024-03-14 00:00:00+00:00,VUAA.L,97.1500015258789,VUSA.L,96.09742397742139
2024-03-15 00:00:00+00:00,VUAA.L,96.38999938964844,VUSA.L,95.36432347659684
2024-03-16 00:00:00+00:00,VUAA.L,96.38999938964844,VUSA.L,95.36432347659684
2024-03-17 00:00:00+00:00,VUAA.L,96.38999938964844,VUSA.L,95.36432347659684
2024-03-18 00:00:00+00:00,VUAA.L,97.31999969482422,VUSA.L,96.28980873737419
2024-03-19 00:00:00+00:00,VUAA.L,97.3499984741211,VUSA.L,96.30491375141992
2024-03-20 00:00:00+00:00,VUAA.L,97.63999938964844,VUSA.L,96.53083884207444
2024-03-21 00:00:00+00:00,VUAA.L,99.21499633789062,VUSA.L,99.03800648567994
2024-03-22 00:00:00+00:00,VUAA.L,98.66999816894531,VUSA.L,97.99457716968118
2024-03-23 00:00:00+00:00,VUAA.L,98.66999816894531,VUSA.L,97.99457716968118
2024-03-24 00:00:00+00:00,VUAA.L,98.66999816894531,VUSA.L,97.99457716968118
2024-03-25 00:00:00+00:00,VUAA.L,98.55000305175781,VUSA.L,97.05945835960392
2024-03-26 00:00:00+00:00,VUAA.L,98.66999816894531,VUSA.L,97.54144036683283
2024-03-27 00:00:00+00:00,VUAA.L,98.48999786376953,VUSA.L,97.41905726600635
2024-03-28 00:00:00+00:00,VUAA.L,99.02999877929688,VUSA.L,97.6912507791385
2024-03-29 00:00:00+00:00,VUAA.L,99.02999877929688,VUSA.L,97.6912507791385
2024-03-30 00:00:00+00:00,VUAA.L,99.02999877929688,VUSA.L,97.6912507791385
2024-03-31 00:00:00+00:00,VUAA.L,99.02999877929688,VUSA.L,97.6912507791385
2024-04-01 00:00:00+00:00,VUAA.L,98.0199966430664,VUSA.L,96.68914059934741
2024-04-02 00:00:00+00:00,VUAA.L,98.58999633789062,VUSA.L,96.98682324856964
2024-04-03 00:00:00+00:00,VUAA.L,98.98999786376953,VUSA.L,97.69237582074402
2024-04-04 00:00:00+00:00,VUAA.L,98.01000213623047,VUSA.L,96.99623357383098
2024-04-05 00:00:00+00:00,VUAA.L,98.01000213623047,VUSA.L,96.99623357383098
2024-04-06 00:00:00+00:00,VUAA.L,98.01000213623047,VUSA.L,96.99623357383098
2024-04-07 00:00:00+00:00,VUAA.L,98.31999969482422,VUSA.L,96.94099635886414
2024-04-08 00:00:00+00:00,VUAA.L,97.66999816894531,VUSA.L,96.40337447549882
2024-04-09 00:00:00+00:00,VUAA.L,97.31999969482422,VUSA.L,97.13704357360257
2024-04-10 00:00:00+00:00,VUAA.L,97.26000213623047,VUSA.L,96.32317267986946
2024-04-11 00:00:00+00:00,VUAA.L,97.26000213623047,VUSA.L,96.90591992972713
2024-04-12 00:00:00+00:00,VUAA.L,97.26000213623047,VUSA.L,96.90591992972713
2024-04-13 00:00:00+00:00,VUAA.L,97.26000213623047,VUSA.L,96.90591992972713
2024-04-14 00:00:00+00:00,VUAA.L,96.93000030517578,VUSA.L,95.84522417012977
2024-04-15 00:00:00+00:00,VUAA.L,95.41999816894531,VUSA.L,94.42369504982344
2024-04-16 00:00:00+00:00,VUAA.L,94.93000030517578,VUSA.L,93.70904815503764
2024-04-17 00:00:00+00:00,VUAA.L,95.29000091552734,VUSA.L,94.11040037428029
2024-04-18 00:00:00+00:00,VUAA.L,94.18000030517578,VUSA.L,93.34612924459998
2024-04-19 00:00:00+00:00,VUAA.L,94.18000030517578,VUSA.L,93.34612924459998
2024-04-20 00:00:00+00:00,VUAA.L,94.18000030517578,VUSA.L,93.34612924459998
2024-04-21 00:00:00+00:00,VUAA.L,94.02999877929688,VUSA.L,93.20746657814652
2024-04-22 00:00:00+00:00,VUAA.L,95.56999969482422,VUSA.L,93.69276915400405
2024-04-23 00:00:00+00:00,VUAA.L,95.6500015258789,VUSA.L,94.62463134235259
2024-04-24 00:00:00+00:00,VUAA.L,94.52999877929688,VUSA.L,93.21892308205042
2024-04-25 00:00:00+00:00,VUAA.L,96.22000122070312,VUSA.L,95.49614027750795
2024-04-26 00:00:00+00:00,VUAA.L,96.22000122070312,VUSA.L,95.49614027750795
2024-04-27 00:00:00+00:00,VUAA.L,96.22000122070312,VUSA.L,95.49614027750795
2024-04-28 00:00:00+00:00,VUAA.L,96.37000274658203,VUSA.L,94.98213757309895
2024-04-29 00:00:00+00:00,VUAA.L,95.94000244140625,VUSA.L,95.0817293766886
2024-04-30 00:00:00+00:00,VUAA.L,94.83999633789062,VUSA.L,93.71869260003587
2024-05-01 00:00:00+00:00,VUAA.L,95.01000213623047,VUSA.L,94.23576402521485
2024-05-02 00:00:00+00:00,VUAA.L,96.62000274658203,VUSA.L,95.32191881410108
2024-05-03 00:00:00+00:00,VUAA.L,96.62000274658203,VUSA.L,95.32191881410108
2024-05-04 00:00:00+00:00,VUAA.L,96.62000274658203,VUSA.L,95.32191881410108
2024-05-05 00:00:00+00:00,VUAA.L,96.62000274658203,VUSA.L,95.32191881410108
2024-05-06 00:00:00+00:00,VUAA.L,98.05000305175781,VUSA.L,96.98504854642943
2024-05-07 00:00:00+00:00,VUAA.L,97.91000366210938,VUSA.L,96.80771067094611
2024-05-08 00:00:00+00:00,VUAA.L,98.30000305175781,VUSA.L,96.95997532779529
2024-05-09 00:00:00+00:00,VUAA.L,98.52999877929688,VUSA.L,97.44863897676623
2024-05-10 00:00:00+00:00,VUAA.L,98.52999877929688,VUSA.L,97.44863897676623
2024-05-11 00:00:00+00:00,VUAA.L,98.52999877929688,VUSA.L,97.44863897676623
2024-05-12 00:00:00+00:00,VUAA.L,98.61000061035156,VUSA.L,97.19870496819931
2024-05-13 00:00:00+00:00,VUAA.L,98.69999694824219,VUSA.L,97.38717150479351
2024-05-14 00:00:00+00:00,VUAA.L,99.94999694824219,VUSA.L,98.09798421783307
2024-05-15 00:00:00+00:00,VUAA.L,100.58000183105469,VUSA.L,99.51400469178134
2024-05-16 00:00:00+00:00,VUAA.L,100.05999755859375,VUSA.L,98.64940758830016
2024-05-17 00:00:00+00:00,VUAA.L,100.05999755859375,VUSA.L,98.64940758830016
2024-05-18 00:00:00+00:00,VUAA.L,100.05999755859375,VUSA.L,98.64940758830016
2024-05-19 00:00:00+00:00,VUAA.L,100.58000183105469,VUSA.L,99.43041650005034
2024-05-20 00:00:00+00:00,VUAA.L,100.41999816894531,VUSA.L,99.22063516258822
2024-05-21 00:00:00+00:00,VUAA.L,100.4800033569336,VUSA.L,99.22442248463358
2024-05-22 00:00:00+00:00,VUAA.L,100.4800033569336,VUSA.L,99.34083484417351
2024-05-23 00:00:00+00:00,VUAA.L,100.23999786376953,VUSA.L,98.6774373795015
2024-05-24 00:00:00+00:00,VUAA.L,100.23999786376953,VUSA.L,98.6774373795015
2024-05-25 00:00:00+00:00,VUAA.L,100.23999786376953,VUSA.L,98.6774373795015
2024-05-26 00:00:00+00:00,VUAA.L,100.23999786376953,VUSA.L,98.6774373795015
2024-05-27 00:00:00+00:00,VUAA.L,100.26000213623047,VUSA.L,99.0536837627551
2024-05-28 00:00:00+00:00,VUAA.L,99.66500091552734,VUSA.L,98.87594750882727
2024-05-29 00:00:00+00:00,VUAA.L,99.30000305175781,VUSA.L,97.75526167004227
2024-05-30 00:00:00+00:00,VUAA.L,98.47000122070312,VUSA.L,97.30964993420457
2024-05-31 00:00:00+00:00,VUAA.L,98.47000122070312,VUSA.L,97.30964993420457
2024-06-01 00:00:00+00:00,VUAA.L,98.47000122070312,VUSA.L,97.30964993420457
2024-06-02 00:00:00+00:00,VUAA.L,99.63999938964844,VUSA.L,98.02267568349362
2024-06-03 00:00:00+00:00,VUAA.L,99.47000122070312,VUSA.L,98.5179767461068
2024-06-04 00:00:00+00:00,VUAA.L,100.73999786376953,VUSA.L,99.54578834950826
2024-06-05 00:00:00+00:00,VUAA.L,101.20999908447266,VUSA.L,100.08345899438427
2024-06-06 00:00:00+00:00,VUAA.L,101.33999633789062,VUSA.L,100.65730013826578
2024-06-07 00:00:00+00:00,VUAA.L,101.33999633789062,VUSA.L,100.65730013826578
2024-06-08 00:00:00+00:00,VUAA.L,101.33999633789062,VUSA.L,100.65730013826578
2024-06-09 00:00:00+00:00,VUAA.L,101.16000366210938,VUSA.L,100.03289037843842
2024-06-10 00:00:00+00:00,VUAA.L,101.22000122070312,VUSA.L,100.04001537526892
2024-06-11 00:00:00+00:00,VUAA.L,102.80000305175781,VUSA.L,100.81848487639581
2024-06-12 00:00:00+00:00,VUAA.L,102.54000091552734,VUSA.L,101.53814357571355
2024-06-13 00:00:00+00:00,VUAA.L,102.4800033569336,VUSA.L,101.90070308118266
2024-06-14 00:00:00+00:00,VUAA.L,102.4800033569336,VUSA.L,101.90070308118266
2024-06-15 00:00:00+00:00,VUAA.L,102.4800033569336,VUSA.L,101.90070308118266
2024-06-16 00:00:00+00:00,VUAA.L,102.91999816894531,VUSA.L,101.65403680366217
2024-06-17 00:00:00+00:00,VUAA.L,103.58000183105469,VUSA.L,102.54168822536303
2024-06-18 00:00:00+00:00,VUAA.L,103.87999725341797,VUSA.L,102.52602731884417
2024-06-19 00:00:00+00:00,VUAA.L,103.95999908447266,VUSA.L,103.11091031497563
2024-06-20 00:00:00+00:00,VUAA.L,103.31999969482422,VUSA.L,102.46235291635548
2024-06-21 00:00:00+00:00,VUAA.L,103.31999969482422,VUSA.L,102.46235291635548
2024-06-22 00:00:00+00:00,VUAA.L,103.31999969482422,VUSA.L,102.46235291635548
2024-06-23 00:00:00+00:00,VUAA.L,103.72000122070312,VUSA.L,102.12050411454766
2024-06-24 00:00:00+00:00,VUAA.L,103.33999633789062,VUSA.L,102.20714291783952
2024-06-25 00:00:00+00:00,VUAA.L,103.30000305175781,VUSA.L,102.54639904178111
2024-06-26 00:00:00+00:00,VUAA.L,103.54000091552734,VUSA.L,102.10891710855776
2024-06-27 00:00:00+00:00,VUAA.L,104.05999755859375,VUSA.L,102.92637305963217
2024-06-28 00:00:00+00:00,VUAA.L,104.05999755859375,VUSA.L,102.92637305963217
2024-06-29 00:00:00+00:00,VUAA.L,104.05999755859375,VUSA.L,102.92637305963217
2024-06-30 00:00:00+00:00,VUAA.L,103.33999633789062,VUSA.L,102.20112853793125
2024-07-01 00:00:00+00:00,VUAA.L,103.69999694824219,VUSA.L,102.22463048865484
2024-07-02 00:00:00+00:00,VUAA.L,104.5199966430664,VUSA.L,102.70109393796702
2024-07-03 00:00:00+00:00,VUAA.L,104.69999694824219,VUSA.L,103.35449997916567
2024-07-04 00:00:00+00:00,VUAA.L,105.04000091552734,VUSA.L,103.35931841210186
2024-07-05 00:00:00+00:00,VUAA.L,105.04000091552734,VUSA.L,103.35931841210186
2024-07-06 00:00:00+00:00,VUAA.L,105.04000091552734,VUSA.L,103.35931841210186
2024-07-07 00:00:00+00:00,VUAA.L,105.41999816894531,VUSA.L,103.99484458819643
2024-07-08 00:00:00+00:00,VUAA.L,105.62000274658203,VUSA.L,104.6358618408276
2024-07-09 00:00:00+00:00,VUAA.L,105.91999816894531,VUSA.L,104.22074687448912
2024-07-10 00:00:00+00:00,VUAA.L,105.86000061035156,VUSA.L,104.11907332378178
2024-07-11 00:00:00+00:00,VUAA.L,106.62000274658203,VUSA.L,104.8702967923573
2024-07-12 00:00:00+00:00,VUAA.L,106.62000274658203,VUSA.L,104.8702967923573
2024-07-13 00:00:00+00:00,VUAA.L,106.62000274658203,VUSA.L,104.8702967923573
2024-07-14 00:00:00+00:00,VUAA.L,107.0,VUSA.L,105.58753200725187
2024-07-15 00:00:00+00:00,VUAA.L,106.87999725341797,VUSA.L,105.78628955345266
2024-07-16 00:00:00+00:00,VUAA.L,106.04000091552734,VUSA.L,104.58477819148357
2024-07-17 00:00:00+00:00,VUAA.L,105.16000366210938,VUSA.L,104.24716137099585
2024-07-18 00:00:00+00:00,VUAA.L,104.4000015258789,VUSA.L,103.47125743927973
2024-07-19 00:00:00+00:00,VUAA.L,104.4000015258789,VUSA.L,103.47125743927973
2024-07-20 00:00:00+00:00,VUAA.L,104.4000015258789,VUSA.L,103.47125743927973
2024-07-21 00:00:00+00:00,VUAA.L,104.73999786376953,VUSA.L,103.65763878763391
2024-07-22 00:00:00+00:00,VUAA.L,105.69999694824219,VUSA.L,104.61230468467147
2024-07-23 00:00:00+00:00,VUAA.L,103.45999908447266,VUSA.L,102.10347671079398
2024-07-24 00:00:00+00:00,VUAA.L,103.18000030517578,VUSA.L,102.16029179540419
2024-07-25 00:00:00+00:00,VUAA.L,103.12000274658203,VUSA.L,101.96466071946361
2024-07-26 00:00:00+00:00,VUAA.L,103.12000274658203,VUSA.L,101.96466071946361
2024-07-27 00:00:00+00:00,VUAA.L,103.12000274658203,VUSA.L,101.96466071946361
2024-07-28 00:00:00+00:00,VUAA.L,103.12000274658203,VUSA.L,102.07554556211107
2024-07-29 00:00:00+00:00,VUAA.L,102.95999908447266,VUSA.L,101.95544603141025
2024-07-30 00:00:00+00:00,VUAA.L,104.72000122070312,VUSA.L,103.44122777496523
2024-07-31 00:00:00+00:00,VUAA.L,103.68000030517578,VUSA.L,103.15625176950562
2024-08-01 00:00:00+00:00,VUAA.L,100.63999938964844,VUSA.L,98.86020090187867
2024-08-02 00:00:00+00:00,VUAA.L,100.63999938964844,VUSA.L,98.86020090187867
2024-08-03 00:00:00+00:00,VUAA.L,100.63999938964844,VUSA.L,98.86020090187867
2024-08-04 00:00:00+00:00,VUAA.L,98.75,VUSA.L,97.8607793459123
2024-08-05 00:00:00+00:00,VUAA.L,99.4000015258789,VUSA.L,99.00565042390372
2024-08-06 00:00:00+00:00,VUAA.L,100.5999984741211,VUSA.L,99.10476131824907
2024-08-07 00:00:00+00:00,VUAA.L,100.27999877929688,VUSA.L,98.72993631321879
2024-08-08 00:00:00+00:00,VUAA.L,100.91999816894531,VUSA.L,99.53833141224459
2024-08-09 00:00:00+00:00,VUAA.L,100.91999816894531,VUSA.L,99.53833141224459
2024-08-10 00:00:00+00:00,VUAA.L,100.91999816894531,VUSA.L,99.53833141224459
2024-08-11 00:00:00+00:00,VUAA.L,101.12000274658203,VUSA.L,99.76558358416878
2024-08-12 00:00:00+00:00,VUAA.L,102.30000305175781,VUSA.L,100.6751585474949
2024-08-13 00:00:00+00:00,VUAA.L,103.27999877929688,VUSA.L,102.2020510480861
2024-08-14 00:00:00+00:00,VUAA.L,104.72000122070312,VUSA.L,103.22616750578891
2024-08-15 00:00:00+00:00,VUAA.L,104.94000244140625,VUSA.L,103.38110154890455
2024-08-16 00:00:00+00:00,VUAA.L,104.94000244140625,VUSA.L,103.38110154890455
2024-08-17 00:00:00+00:00,VUAA.L,104.94000244140625,VUSA.L,103.38110154890455
2024-08-18 00:00:00+00:00,VUAA.L,105.72000122070312,VUSA.L,104.16469837850127
2024-08-19 00:00:00+00:00,VUAA.L,106.0,VUSA.L,104.55891437883474
2024-08-20 00:00:00+00:00,VUAA.L,106.26000213623047,VUSA.L,104.77358869696036
2024-08-21 00:00:00+00:00,VUAA.L,106.18000030517578,VUSA.L,104.96230118697349
2024-08-22 00:00:00+00:00,VUAA.L,106.68000030517578,VUSA.L,104.47658091654921
2024-08-23 00:00:00+00:00,VUAA.L,106.68000030517578,VUSA.L,104.47658091654921
2024-08-24 00:00:00+00:00,VUAA.L,106.68000030517578,VUSA.L,104.47658091654921
2024-08-25 00:00:00+00:00,VUAA.L,106.68000030517578,VUSA.L,104.47658091654921
2024-08-26 00:00:00+00:00,VUAA.L,106.37999725341797,VUSA.L,104.83919125507327
2024-08-27 00:00:00+00:00,VUAA.L,105.94000244140625,VUSA.L,105.12966159552889
2024-08-28 00:00:00+00:00,VUAA.L,106.80000305175781,VUSA.L,105.68740496172268
2024-08-29 00:00:00+00:00,VUAA.L,106.0199966430664,VUSA.L,105.1038831716669
2024-08-30 00:00:00+00:00,VUAA.L,106.0199966430664,VUSA.L,105.1038831716669
2024-08-31 00:00:00+00:00,VUAA.L,106.0199966430664,VUSA.L,105.1038831716669
2024-09-01 00:00:00+00:00,VUAA.L,107.04000091552734,VUSA.L,105.68052848527441
2024-09-02 00:00:00+00:00,VUAA.L,105.68000030517578,VUSA.L,104.8197422296771
2024-09-03 00:00:00+00:00,VUAA.L,104.81999969482422,VUSA.L,103.30334647294512
2024-09-04 00:00:00+00:00,VUAA.L,104.05999755859375,VUSA.L,102.75239336124741
2024-09-05 00:00:00+00:00,VUAA.L,102.87999725341797,VUSA.L,101.9699710935547
2024-09-06 00:00:00+00:00,VUAA.L,102.87999725341797,VUSA.L,101.9699710935547
2024-09-07 00:00:00+00:00,VUAA.L,102.87999725341797,VUSA.L,101.9699710935547
2024-09-08 00:00:00+00:00,VUAA.L,103.45999908447266,VUSA.L,102.68764480488062
2024-09-09 00:00:00+00:00,VUAA.L,103.87999725341797,VUSA.L,102.69309232756314
2024-09-10 00:00:00+00:00,VUAA.L,103.04000091552734,VUSA.L,102.22097507818035
2024-09-11 00:00:00+00:00,VUAA.L,105.41999816894531,VUSA.L,103.88562654952148
2024-09-12 00:00:00+00:00,VUAA.L,106.72000122070312,VUSA.L,105.40127024538378
2024-09-13 00:00:00+00:00,VUAA.L,106.72000122070312,VUSA.L,105.40127024538378
2024-09-14 00:00:00+00:00,VUAA.L,106.72000122070312,VUSA.L,105.40127024538378
2024-09-15 00:00:00+00:00,VUAA.L,106.54000091552734,VUSA.L,104.8034847078552
2024-09-16 00:00:00+00:00,VUAA.L,107.27999877929688,VUSA.L,106.38674442011506
2024-09-17 00:00:00+00:00,VUAA.L,106.73999786376953,VUSA.L,105.22058071554966
2024-09-18 00:00:00+00:00,VUAA.L,108.37999725341797,VUSA.L,106.50212373009708
2024-09-19 00:00:00+00:00,VUAA.L,107.87999725341797,VUSA.L,106.65025024384249
2024-09-20 00:00:00+00:00,VUAA.L,107.87999725341797,VUSA.L,106.65025024384249
2024-09-21 00:00:00+00:00,VUAA.L,107.87999725341797,VUSA.L,106.65025024384249
2024-09-22 00:00:00+00:00,VUAA.L,108.5199966430664,VUSA.L,106.94488472766443
2024-09-23 00:00:00+00:00,VUAA.L,108.55999755859375,VUSA.L,107.10123970168297
2024-09-24 00:00:00+00:00,VUAA.L,108.69999694824219,VUSA.L,108.04126972398808
2024-09-25 00:00:00+00:00,VUAA.L,108.77999877929688,VUSA.L,106.7025673258031
2024-09-26 00:00:00+00:00,VUAA.L,109.05999755859375,VUSA.L,107.94584630290046
2024-09-27 00:00:00+00:00,VUAA.L,109.05999755859375,VUSA.L,107.94584630290046
2024-09-28 00:00:00+00:00,VUAA.L,109.05999755859375,VUSA.L,107.94584630290046
2024-09-29 00:00:00+00:00,VUAA.L,108.81999969482422,VUSA.L,107.33288122231897
2024-09-30 00:00:00+00:00,VUAA.L,108.23999786376953,VUSA.L,107.78818020038125
2024-10-01 00:00:00+00:00,VUAA.L,108.45999908447266,VUSA.L,107.23468212983425
2024-10-02 00:00:00+00:00,VUAA.L,108.18000030517578,VUSA.L,108.17129598489919
2024-10-03 00:00:00+00:00,VUAA.L,108.33999633789062,VUSA.L,107.26153562444597
2024-10-04 00:00:00+00:00,VUAA.L,108.33999633789062,VUSA.L,107.26153562444597
2024-10-05 00:00:00+00:00,VUAA.L,108.33999633789062,VUSA.L,107.26153562444597
2024-10-06 00:00:00+00:00,VUAA.L,108.86000061035156,VUSA.L,107.93480538584299
2024-10-07 00:00:00+00:00,VUAA.L,108.87999725341797,VUSA.L,107.64683158012122
2024-10-08 00:00:00+00:00,VUAA.L,109.69999694824219,VUSA.L,108.56227095078793
2024-10-09 00:00:00+00:00,VUAA.L,109.76000213623047,VUSA.L,108.64294955761943
2024-10-10 00:00:00+00:00,VUAA.L,110.30000305175781,VUSA.L,108.91164873946036
2024-10-11 00:00:00+00:00,VUAA.L,110.30000305175781,VUSA.L,108.91164873946036
2024-10-12 00:00:00+00:00,VUAA.L,110.30000305175781,VUSA.L,108.91164873946036
2024-10-13 00:00:00+00:00,VUAA.L,111.0,VUSA.L,109.62512574974426
2024-10-14 00:00:00+00:00,VUAA.L,110.87999725341797,VUSA.L,109.37588288416009
2024-10-15 00:00:00+00:00,VUAA.L,110.54000091552734,VUSA.L,109.75400598718625
2024-10-16 00:00:00+00:00,VUAA.L,111.27999877929688,VUSA.L,109.76064582098843
2024-10-17 00:00:00+00:00,VUAA.L,111.18000030517578,VUSA.L,109.68343823735086
2024-10-18 00:00:00+00:00,VUAA.L,111.18000030517578,VUSA.L,109.68343823735086
2024-10-19 00:00:00+00:00,VUAA.L,111.18000030517578,VUSA.L,109.68343823735086
2024-10-20 00:00:00+00:00,VUAA.L,110.62000274658203,VUSA.L,109.86500273941783
2024-10-21 00:00:00+00:00,VUAA.L,110.86000061035156,VUSA.L,109.59982678101278
2024-10-22 00:00:00+00:00,VUAA.L,110.22000122070312,VUSA.L,109.25806899580493
2024-10-23 00:00:00+00:00,VUAA.L,110.19999694824219,VUSA.L,108.5586046364333
2024-10-24 00:00:00+00:00,VUAA.L,110.91999816894531,VUSA.L,109.54445120960008
2024-10-25 00:00:00+00:00,VUAA.L,110.91999816894531,VUSA.L,109.54445120960008
2024-10-26 00:00:00+00:00,VUAA.L,110.91999816894531,VUSA.L,109.54445120960008
2024-10-27 00:00:00+00:00,VUAA.L,110.91999816894531,VUSA.L,109.54445120960008
2024-10-28 00:00:00+00:00,VUAA.L,110.63999938964844,VUSA.L,109.1058496218102
2024-10-29 00:00:00+00:00,VUAA.L,110.66000366210938,VUSA.L,109.20606686453539
2024-10-30 00:00:00+00:00,VUAA.L,110.91999816894531,VUSA.L,109.7045797555038
2024-10-31 00:00:00+00:00,VUAA.L,108.72000122070312,VUSA.L,108.29028042602658
2024-11-01 00:00:00+00:00,VUAA.L,109.33999633789062,VUSA.L,107.5757287868746
2024-11-02 00:00:00+00:00,VUAA.L,109.33999633789062,VUSA.L,107.5757287868746
2024-11-03 00:00:00+00:00,VUAA.L,109.33999633789062,VUSA.L,107.5757287868746
2024-11-04 00:00:00+00:00,VUAA.L,108.63999938964844,VUSA.L,107.35770164959649
2024-11-05 00:00:00+00:00,VUAA.L,109.5199966430664,VUSA.L,107.7548087438845
2024-11-06 00:00:00+00:00,VUAA.L,112.0199966430664,VUSA.L,112.12127246965974
2024-11-07 00:00:00+00:00,VUAA.L,113.30000305175781,VUSA.L,111.06503914714995
2024-11-08 00:00:00+00:00,VUAA.L,113.86000061035156,VUSA.L,113.05518089325051
2024-11-09 00:00:00+00:00,VUAA.L,113.86000061035156,VUSA.L,113.05518089325051
2024-11-10 00:00:00+00:00,VUAA.L,113.86000061035156,VUSA.L,113.05518089325051
2024-11-11 00:00:00+00:00,VUAA.L,114.12000274658203,VUSA.L,113.20266604773678
2024-11-12 00:00:00+00:00,VUAA.L,113.72000122070312,VUSA.L,113.55352989208677
2024-11-13 00:00:00+00:00,VUAA.L,113.86000061035156,VUSA.L,112.72751528737899
2024-11-14 00:00:00+00:00,VUAA.L,113.5199966430664,VUSA.L,112.24934412643324
2024-11-15 00:00:00+00:00,VUAA.L,111.69999694824219,VUSA.L,110.7053373353956
2024-11-16 00:00:00+00:00,VUAA.L,111.69999694824219,VUSA.L,110.7053373353956
2024-11-17 00:00:00+00:00,VUAA.L,111.69999694824219,VUSA.L,110.7053373353956
2024-11-18 00:00:00+00:00,VUAA.L,112.16000366210938,VUSA.L,110.58814691068619
2024-11-19 00:00:00+00:00,VUAA.L,112.12000274658203,VUSA.L,110.97434871677979
2024-11-20 00:00:00+00:00,VUAA.L,111.54000091552734,VUSA.L,110.80049313561176
2024-11-21 00:00:00+00:00,VUAA.L,112.86000061035156,VUSA.L,112.07017168234597
2024-11-22 00:00:00+00:00,VUAA.L,113.12000274658203,VUSA.L,112.45065588227044
2024-11-23 00:00:00+00:00,VUAA.L,113.12000274658203,VUSA.L,112.45065588227044
2024-11-24 00:00:00+00:00,VUAA.L,113.12000274658203,VUSA.L,112.45065588227044
2024-11-25 00:00:00+00:00,VUAA.L,113.81999969482422,VUSA.L,112.74939830322637
2024-11-26 00:00:00+00:00,VUAA.L,114.18000030517578,VUSA.L,112.71367016948443
2024-11-27 00:00:00+00:00,VUAA.L,114.0,VUSA.L,111.72495816531591
2024-11-28 00:00:00+00:00,VUAA.L,114.27999877929688,VUSA.L,112.96370184749321
2024-11-29 00:00:00+00:00,VUAA.L,114.68000030517578,VUSA.L,113.30079852536437
2024-11-30 00:00:00+00:00,VUAA.L,114.68000030517578,VUSA.L,113.30079852536437
2024-12-01 00:00:00+00:00,VUAA.L,114.68000030517578,VUSA.L,113.30079852536437
2024-12-02 00:00:00+00:00,VUAA.L,114.86000061035156,VUSA.L,114.07273785147663
2024-12-03 00:00:00+00:00,VUAA.L,114.83999633789062,VUSA.L,113.50729821428104
2024-12-04 00:00:00+00:00,VUAA.L,115.45999908447266,VUSA.L,113.73605253061214
2024-12-05 00:00:00+00:00,VUAA.L,115.63999938964844,VUSA.L,113.8485105605605
2024-12-06 00:00:00+00:00,VUAA.L,115.77999877929688,VUSA.L,114.48359800817343
2024-12-07 00:00:00+00:00,VUAA.L,115.77999877929688,VUSA.L,114.48359800817343
2024-12-08 00:00:00+00:00,VUAA.L,115.77999877929688,VUSA.L,114.48359800817343
2024-12-09 00:00:00+00:00,VUAA.L,115.30000305175781,VUSA.L,113.65574837062923
2024-12-10 00:00:00+00:00,VUAA.L,115.08000183105469,VUSA.L,113.73898642576023
2024-12-11 00:00:00+00:00,VUAA.L,115.63999938964844,VUSA.L,114.6062085348185
2024-12-12 00:00:00+00:00,VUAA.L,115.5199966430664,VUSA.L,114.72230198451143
2024-12-13 00:00:00+00:00,VUAA.L,115.12000274658203,VUSA.L,114.20219063500554
2024-12-14 00:00:00+00:00,VUAA.L,115.12000274658203,VUSA.L,114.20219063500554
2024-12-15 00:00:00+00:00,VUAA.L,115.12000274658203,VUSA.L,114.20219063500554
2024-12-16 00:00:00+00:00,VUAA.L,115.4800033569336,VUSA.L,113.51429830044344
2024-12-17 00:00:00+00:00,VUAA.L,115.13999938964844,VUSA.L,113.61784779195477
2024-12-18 00:00:00+00:00,VUAA.L,115.19999694824219,VUSA.L,114.08491563473945
2024-12-19 00:00:00+00:00,VUAA.L,112.37999725341797,VUSA.L,111.20154358914624
2024-12-20 00:00:00+00:00,VUAA.L,113.19999694824219,VUSA.L,111.1826051757962
2024-12-21 00:00:00+00:00,VUAA.L,113.19999694824219,VUSA.L,111.1826051757962
2024-12-22 00:00:00+00:00,VUAA.L,113.19999694824219,VUSA.L,111.1826051757962
2024-12-23 00:00:00+00:00,VUAA.L,112.81999969482422,VUSA.L,111.96606790711576
2024-12-24 00:00:00+00:00,VUAA.L,113.73999786376953,VUSA.L,112.28435265888947
2024-12-25 00:00:00+00:00,VUAA.L,113.73999786376953,VUSA.L,112.28435265888947
2024-12-26 00:00:00+00:00,VUAA.L,113.73999786376953,VUSA.L,112.28435265888947
2024-12-27 00:00:00+00:00,VUAA.L,113.5199966430664,VUSA.L,111.69843729039621
2024-12-28 00:00:00+00:00,VUAA.L,113.5199966430664,VUSA.L,111.69843729039621
2024-12-29 00:00:00+00:00,VUAA.L,113.5199966430664,VUSA.L,111.69843729039621
2024-12-30 00:00:00+00:00,VUAA.L,112.4000015258789,VUSA.L,111.53992508617375
2024-12-31 00:00:00+00:00,VUAA.L,112.81999969482422,VUSA.L,111.56900537429647
2025-01-01 00:00:00+00:00,VUAA.L,112.81999969482422,VUSA.L,111.56900537429647
2025-01-02 00:00:00+00:00,VUAA.L,112.19999694824219,VUSA.L,112.30011195075804
2025-01-03 00:00:00+00:00,VUAA.L,112.68000030517578,VUSA.L,111.04687627220756
2025-01-04 00:00:00+00:00,VUAA.L,112.68000030517578,VUSA.L,111.04687627220756
2025-01-05 00:00:00+00:00,VUAA.L,112.68000030517578,VUSA.L,111.04687627220756
2025-01-06 00:00:00+00:00,VUAA.L,114.45999908447266,VUSA.L,112.2230325944347
2025-01-07 00:00:00+00:00,VUAA.L,113.05999755859375,VUSA.L,111.96815527907984
2025-01-08 00:00:00+00:00,VUAA.L,112.36000061035156,VUSA.L,112.24436858760419
2025-01-09 00:00:00+00:00,VUAA.L,112.19999694824219,VUSA.L,111.6550594475566
2025-01-10 00:00:00+00:00,VUAA.L,110.68000030517578,VUSA.L,110.2118431842473
2025-01-11 00:00:00+00:00,VUAA.L,110.68000030517578,VUSA.L,110.2118431842473
2025-01-12 00:00:00+00:00,VUAA.L,110.68000030517578,VUSA.L,110.2118431842473
2025-01-13 00:00:00+00:00,VUAA.L,110.27999877929688,VUSA.L,109.33245902606359
2025-01-14 00:00:00+00:00,VUAA.L,110.94000244140625,VUSA.L,110.01430979851284
2025-01-15 00:00:00+00:00,VUAA.L,112.66000366210938,VUSA.L,111.46493700996143
2025-01-16 00:00:00+00:00,VUAA.L,113.30000305175781,VUSA.L,111.93217263405586
2025-01-17 00:00:00+00:00,VUAA.L,114.26000213623047,VUSA.L,113.35101042890346
2025-01-18 00:00:00+00:00,VUAA.L,114.26000213623047,VUSA.L,113.35101042890346
2025-01-19 00:00:00+00:00,VUAA.L,114.26000213623047,VUSA.L,113.35101042890346
2025-01-20 00:00:00+00:00,VUAA.L,114.5999984741211,VUSA.L,112.06451225419642
2025-01-21 00:00:00+00:00,VUAA.L,114.76000213623047,VUSA.L,113.55635276211524
2025-01-22 00:00:00+00:00,VUAA.L,115.9800033569336,VUSA.L,114.78028335600811
2025-01-23 00:00:00+00:00,VUAA.L,116.0199966430664,VUSA.L,114.39379630132407
2025-01-24 00:00:00+00:00,VUAA.L,116.45999908447266,VUSA.L,113.85589046171845
2025-01-25 00:00:00+00:00,VUAA.L,116.45999908447266,VUSA.L,113.85589046171845
2025-01-26 00:00:00+00:00,VUAA.L,116.45999908447266,VUSA.L,113.85589046171845
2025-01-27 00:00:00+00:00,VUAA.L,113.95999908447266,VUSA.L,112.36836084795323
2025-01-28 00:00:00+00:00,VUAA.L,114.87999725341797,VUSA.L,113.79469796559079
2025-01-29 00:00:00+00:00,VUAA.L,115.0999984741211,VUSA.L,113.75464526912583
2025-01-30 00:00:00+00:00,VUAA.L,115.0,VUSA.L,113.65680032844102
2025-01-31 00:00:00+00:00,VUAA.L,116.27999877929688,VUSA.L,114.82747152077172
2025-02-01 00:00:00+00:00,VUAA.L,116.27999877929688,VUSA.L,114.82747152077172
2025-02-02 00:00:00+00:00,VUAA.L,116.27999877929688,VUSA.L,114.82747152077172
2025-02-03 00:00:00+00:00,VUAA.L,114.23999786376953,VUSA.L,111.76393153398203
2025-02-04 00:00:00+00:00,VUAA.L,114.94000244140625,VUSA.L,113.11231615079669
2025-02-05 00:00:00+00:00,VUAA.L,114.83999633789062,VUSA.L,113.11973062100333
2025-02-06 00:00:00+00:00,VUAA.L,115.62000274658203,VUSA.L,114.8614249552802
2025-02-07 00:00:00+00:00,VUAA.L,115.08000183105469,VUSA.L,113.92460461566225
2025-02-08 00:00:00+00:00,VUAA.L,115.08000183105469,VUSA.L,113.92460461566225
2025-02-09 00:00:00+00:00,VUAA.L,115.08000183105469,VUSA.L,113.92460461566225
2025-02-10 00:00:00+00:00,VUAA.L,115.33999633789062,VUSA.L,114.10464447233608
2025-02-11 00:00:00+00:00,VUAA.L,115.44000244140625,VUSA.L,113.5254959125441
2025-02-12 00:00:00+00:00,VUAA.L,114.73999786376953,VUSA.L,113.74646713333823
2025-02-13 00:00:00+00:00,VUAA.L,115.9000015258789,VUSA.L,113.79047456869012
2025-02-14 00:00:00+00:00,VUAA.L,116.44000244140625,VUSA.L,114.6529813273155
2025-02-15 00:00:00+00:00,VUAA.L,116.44000244140625,VUSA.L,114.6529813273155
2025-02-16 00:00:00+00:00,VUAA.L,116.44000244140625,VUSA.L,114.6529813273155
2025-02-17 00:00:00+00:00,VUAA.L,116.68000030517578,VUSA.L,115.05418137242486
2025-02-18 00:00:00+00:00,VUAA.L,116.5,VUSA.L,115.15445533186721
2025-02-19 00:00:00+00:00,VUAA.L,116.69999694824219,VUSA.L,115.76977400268515
2025-02-20 00:00:00+00:00,VUAA.L,116.05999755859375,VUSA.L,114.24285318203601
2025-02-21 00:00:00+00:00,VUAA.L,115.95999908447266,VUSA.L,114.75877286073955
2025-02-22 00:00:00+00:00,VUAA.L,115.95999908447266,VUSA.L,114.75877286073955
2025-02-23 00:00:00+00:00,VUAA.L,115.95999908447266,VUSA.L,114.75877286073955
2025-02-24 00:00:00+00:00,VUAA.L,114.58000183105469,VUSA.L,113.36857952768696
2025-02-25 00:00:00+00:00,VUAA.L,112.73999786376953,VUSA.L,111.0880043511097
2025-02-26 00:00:00+00:00,VUAA.L,114.33999633789062,VUSA.L,112.83414071078732
2025-02-27 00:00:00+00:00,VUAA.L,113.55999755859375,VUSA.L,112.75959483180941
2025-02-28 00:00:00+00:00,VUAA.L,112.04000091552734,VUSA.L,110.85584141273648
2025-03-01 00:00:00+00:00,VUAA.L,112.04000091552734,VUSA.L,110.85584141273648
2025-03-02 00:00:00+00:00,VUAA.L,112.04000091552734,VUSA.L,110.85584141273648
2025-03-03 00:00:00+00:00,VUAA.L,113.0999984741211,VUSA.L,110.822425604827
2025-03-04 00:00:00+00:00,VUAA.L,109.45999908447266,VUSA.L,108.1521757827868
2025-03-05 00:00:00+00:00,VUAA.L,109.5,VUSA.L,107.63202468549025
2025-03-06 00:00:00+00:00,VUAA.L,110.4800033569336,VUSA.L,109.17273818794001
2025-03-07 00:00:00+00:00,VUAA.L,108.41999816894531,VUSA.L,106.94726206331688
2025-03-08 00:00:00+00:00,VUAA.L,108.41999816894531,VUSA.L,106.94726206331688
2025-03-09 00:00:00+00:00,VUAA.L,108.41999816894531,VUSA.L,106.94726206331688
2025-03-10 00:00:00+00:00,VUAA.L,107.5999984741211,VUSA.L,106.81890417957766
2025-03-11 00:00:00+00:00,VUAA.L,106.19999694824219,VUSA.L,104.37863306810323
2025-03-12 00:00:00+00:00,VUAA.L,107.0999984741211,VUSA.L,105.58590877177176
2025-03-13 00:00:00+00:00,VUAA.L,105.69999694824219,VUSA.L,104.55203040268316
2025-03-14 00:00:00+00:00,VUAA.L,106.9800033569336,VUSA.L,106.09517165678699
2025-03-15 00:00:00+00:00,VUAA.L,106.9800033569336,VUSA.L,106.09517165678699
2025-03-16 00:00:00+00:00,VUAA.L,106.9800033569336,VUSA.L,106.09517165678699
2025-03-17 00:00:00+00:00,VUAA.L,107.63999938964844,VUSA.L,105.90592351241139
2025-03-18 00:00:00+00:00,VUAA.L,107.13999938964844,VUSA.L,105.82617702495645
2025-03-19 00:00:00+00:00,VUAA.L,107.83999633789062,VUSA.L,106.9041967986268
2025-03-20 00:00:00+00:00,VUAA.L,108.0199966430664,VUSA.L,107.22021127374319
2025-03-21 00:00:00+00:00,VUAA.L,107.6500015258789,VUSA.L,106.81036791540828
2025-03-22 00:00:00+00:00,VUAA.L,107.6500015258789,VUSA.L,106.81036791540828
2025-03-23 00:00:00+00:00,VUAA.L,107.6500015258789,VUSA.L,106.81036791540828
2025-03-24 00:00:00+00:00,VUAA.L,109.80000305175781,VUSA.L,108.64829955853656
2025-03-25 00:00:00+00:00,VUAA.L,109.9800033569336,VUSA.L,108.37548599546608
2025-03-26 00:00:00+00:00,VUAA.L,109.33999633789062,VUSA.L,108.45170537943886
2025-03-27 00:00:00+00:00,VUAA.L,108.91999816894531,VUSA.L,106.98224390773248
2025-03-28 00:00:00+00:00,VUAA.L,106.68000030517578,VUSA.L,105.44520642715452
2025-03-29 00:00:00+00:00,VUAA.L,106.68000030517578,VUSA.L,105.44520642715452
2025-03-30 00:00:00+00:00,VUAA.L,105.86000061035156,VUSA.L,104.7476819183612
2025-03-31 00:00:00+00:00,VUAA.L,107.4000015258789,VUSA.L,106.12049658805972
2025-04-01 00:00:00+00:00,VUAA.L,107.91999816894531,VUSA.L,106.2138494898827
2025-04-02 00:00:00+00:00,VUAA.L,103.9000015258789,VUSA.L,102.17638742284726
2025-04-03 00:00:00+00:00,VUAA.L,98.80000305175781,VUSA.L,98.76450057154943
2025-04-04 00:00:00+00:00,VUAA.L,98.80000305175781,VUSA.L,98.76450057154943
2025-04-05 00:00:00+00:00,VUAA.L,98.80000305175781,VUSA.L,98.76450057154943
2025-04-06 00:00:00+00:00,VUAA.L,95.23999786376953,VUSA.L,95.55943080952875
2025-04-07 00:00:00+00:00,VUAA.L,98.68000030517578,VUSA.L,97.276939558913
2025-04-08 00:00:00+00:00,VUAA.L,95.23999786376953,VUSA.L,94.10063328425167
2025-04-09 00:00:00+00:00,VUAA.L,100.22000122070312,VUSA.L,97.99364152509952
2025-04-10 00:00:00+00:00,VUAA.L,100.26000213623047,VUSA.L,98.45250163209312
2025-04-11 00:00:00+00:00,VUAA.L,100.26000213623047,VUSA.L,98.45250163209312
2025-04-12 00:00:00+00:00,VUAA.L,100.26000213623047,VUSA.L,98.45250163209312
2025-04-13 00:00:00+00:00,VUAA.L,103.30000305175781,VUSA.L,101.39425990900418
2025-04-14 00:00:00+00:00,VUAA.L,103.4800033569336,VUSA.L,101.83391219605801
2025-04-15 00:00:00+00:00,VUAA.L,102.18000030517578,VUSA.L,101.08910898551767
2025-04-16 00:00:00+00:00,VUAA.L,100.95999908447266,VUSA.L,99.66692835300819
2025-04-17 00:00:00+00:00,VUAA.L,100.95999908447266,VUSA.L,99.66692835300819
2025-04-18 00:00:00+00:00,VUAA.L,100.95999908447266,VUSA.L,99.66692835300819
2025-04-19 00:00:00+00:00,VUAA.L,100.95999908447266,VUSA.L,99.66692835300819
2025-04-20 00:00:00+00:00,VUAA.L,100.95999908447266,VUSA.L,99.66692835300819
2025-04-21 00:00:00+00:00,VUAA.L,100.4800033569336,VUSA.L,99.3102421034564
2025-04-22 00:00:00+00:00,VUAA.L,103.12000274658203,VUSA.L,101.95251848438147
2025-04-23 00:00:00+00:00,VUAA.L,103.91999816894531,VUSA.L,102.41739226183381
2025-04-24 00:00:00+00:00,VUAA.L,104.62000274658203,VUSA.L,103.43066005264518
2025-04-25 00:00:00+00:00,VUAA.L,104.62000274658203,VUSA.L,103.43066005264518
2025-04-26 00:00:00+00:00,VUAA.L,104.62000274658203,VUSA.L,103.43066005264518
2025-04-27 00:00:00+00:00,VUAA.L,104.80000305175781,VUSA.L,102.78334051216461
2025-04-28 00:00:00+00:00,VUAA.L,105.41999816894531,VUSA.L,104.44767873568344
2025-04-29 00:00:00+00:00,VUAA.L,105.12000274658203,VUSA.L,104.49060743854716
2025-04-30 00:00:00+00:00,VUAA.L,107.68000030517578,VUSA.L,106.78282366321946
2025-05-01 00:00:00+00:00,VUAA.L,108.22000122070312,VUSA.L,106.84884539501581
2025-05-02 00:00:00+00:00,VUAA.L,108.22000122070312,VUSA.L,106.84884539501581
2025-05-03 00:00:00+00:00,VUAA.L,108.22000122070312,VUSA.L,106.84884539501581
2025-05-04 00:00:00+00:00,VUAA.L,108.22000122070312,VUSA.L,106.84884539501581
2025-05-05 00:00:00+00:00,VUAA.L,107.55999755859375,VUSA.L,105.70180384751438
2025-05-06 00:00:00+00:00,VUAA.L,106.9800033569336,VUSA.L,105.88025517017377
2025-05-07 00:00:00+00:00,VUAA.L,108.45999908447266,VUSA.L,107.15602266081441
2025-05-08 00:00:00+00:00,VUAA.L,108.13999938964844,VUSA.L,106.33997579707466
2025-05-09 00:00:00+00:00,VUAA.L,108.13999938964844,VUSA.L,106.33997579707466
2025-05-10 00:00:00+00:00,VUAA.L,108.13999938964844,VUSA.L,106.33997579707466
2025-05-11 00:00:00+00:00,VUAA.L,110.83999633789062,VUSA.L,110.23804084550284
2025-05-12 00:00:00+00:00,VUAA.L,112.54000091552734,VUSA.L,110.3676335389946
2025-05-13 00:00:00+00:00,VUAA.L,112.54000091552734,VUSA.L,111.31861381785711
2025-05-14 00:00:00+00:00,VUAA.L,112.63999938964844,VUSA.L,111.1937717786468
2025-05-15 00:00:00+00:00,VUAA.L,113.18000030517578,VUSA.L,112.22960035452888
2025-05-16 00:00:00+00:00,VUAA.L,113.18000030517578,VUSA.L,112.22960035452888
2025-05-17 00:00:00+00:00,VUAA.L,113.18000030517578,VUSA.L,112.22960035452888
2025-05-18 00:00:00+00:00,VUAA.L,113.41999816894531,VUSA.L,111.57582925393945
2025-05-19 00:00:00+00:00,VUAA.L,113.5199966430664,VUSA.L,112.18616315063628
2025-05-20 00:00:00+00:00,VUAA.L,113.27999877929688,VUSA.L,111.54363839445887
2025-05-21 00:00:00+00:00,VUAA.L,111.68000030517578,VUSA.L,110.3452565431362
2025-05-22 00:00:00+00:00,VUAA.L,110.77999877929688,VUSA.L,108.86156425716308
2025-05-23 00:00:00+00:00,VUAA.L,110.77999877929688,VUSA.L,108.86156425716308
2025-05-24 00:00:00+00:00,VUAA.L,110.77999877929688,VUSA.L,108.86156425716308
2025-05-25 00:00:00+00:00,VUAA.L,110.77999877929688,VUSA.L,108.86156425716308
2025-05-26 00:00:00+00:00,VUAA.L,112.63999938964844,VUSA.L,111.81036976737869
2025-05-27 00:00:00+00:00,VUAA.L,112.77999877929688,VUSA.L,111.88690393489651
2025-05-28 00:00:00+00:00,VUAA.L,112.83999633789062,VUSA.L,111.01539772830438
2025-05-29 00:00:00+00:00,VUAA.L,112.5199966430664,VUSA.L,111.45932002435438
2025-05-30 00:00:00+00:00,VUAA.L,112.5199966430664,VUSA.L,111.45932002435438
2025-05-31 00:00:00+00:00,VUAA.L,112.5199966430664,VUSA.L,111.45932002435438
2025-06-01 00:00:00+00:00,VUAA.L,112.58000183105469,VUSA.L,110.62814256734782
2025-06-02 00:00:00+00:00,VUAA.L,113.87999725341797,VUSA.L,112.870171881832
2025-06-03 00:00:00+00:00,VUAA.L,114.30000305175781,VUSA.L,112.6661237210692
2025-06-04 00:00:00+00:00,VUAA.L,114.62000274658203,VUSA.L,112.89596293576687
2025-06-05 00:00:00+00:00,VUAA.L,114.5199966430664,VUSA.L,113.64619029992173
2025-06-06 00:00:00+00:00,VUAA.L,114.5199966430664,VUSA.L,113.64619029992173
2025-06-07 00:00:00+00:00,VUAA.L,114.5199966430664,VUSA.L,113.64619029992173
2025-06-08 00:00:00+00:00,VUAA.L,114.73999786376953,VUSA.L,113.26129247165682
2025-06-09 00:00:00+00:00,VUAA.L,114.86000061035156,VUSA.L,113.90190466167951
2025-06-10 00:00:00+00:00,VUAA.L,115.62000274658203,VUSA.L,113.98467311781133
2025-06-11 00:00:00+00:00,VUAA.L,115.23999786376953,VUSA.L,113.78906817765164
2025-06-12 00:00:00+00:00,VUAA.L,114.91999816894531,VUSA.L,113.86075792252086
2025-06-13 00:00:00+00:00,VUAA.L,114.91999816894531,VUSA.L,113.86075792252086
2025-06-14 00:00:00+00:00,VUAA.L,114.91999816894531,VUSA.L,113.86075792252086
2025-06-15 00:00:00+00:00,VUAA.L,115.4000015258789,VUSA.L,113.85010773085833
2025-06-16 00:00:00+00:00,VUAA.L,114.91999816894531,VUSA.L,114.04691543023546
2025-06-17 00:00:00+00:00,VUAA.L,114.87999725341797,VUSA.L,113.17456427452726
2025-06-18 00:00:00+00:00,VUAA.L,113.27999877929688,VUSA.L,111.90372214679883
2025-06-19 00:00:00+00:00,VUAA.L,114.37999725341797,VUSA.L,113.13525837200177
2025-06-20 00:00:00+00:00,VUAA.L,114.37999725341797,VUSA.L,113.13525837200177
2025-06-21 00:00:00+00:00,VUAA.L,114.37999725341797,VUSA.L,113.13525837200177
2025-06-22 00:00:00+00:00,VUAA.L,114.5,VUSA.L,112.57208188981167
2025-06-23 00:00:00+00:00,VUAA.L,116.27999877929688,VUSA.L,114.3060201894059
2025-06-24 00:00:00+00:00,VUAA.L,116.44000244140625,VUSA.L,115.07268732792636
2025-06-25 00:00:00+00:00,VUAA.L,117.18000030517578,VUSA.L,115.41607228589783
2025-06-26 00:00:00+00:00,VUAA.L,118.16000366210938,VUSA.L,116.86732573609152
2025-06-27 00:00:00+00:00,VUAA.L,118.16000366210938,VUSA.L,116.86732573609152
2025-06-28 00:00:00+00:00,VUAA.L,118.16000366210938,VUSA.L,116.86732573609152
2025-06-29 00:00:00+00:00,VUAA.L,118.31999969482422,VUSA.L,117.0738237486803
2025-06-30 00:00:00+00:00,VUAA.L,118.4800033569336,VUSA.L,117.20815018830126
2025-07-01 00:00:00+00:00,VUAA.L,118.77999877929688,VUSA.L,118.62190027926135
2025-07-02 00:00:00+00:00,VUAA.L,120.0199966430664,VUSA.L,118.62401133056483
2025-07-03 00:00:00+00:00,VUAA.L,119.37999725341797,VUSA.L,118.19318038694928
2025-07-04 00:00:00+00:00,VUAA.L,119.37999725341797,VUSA.L,118.19318038694928
2025-07-05 00:00:00+00:00,VUAA.L,119.37999725341797,VUSA.L,118.19318038694928
2025-07-06 00:00:00+00:00,VUAA.L,119.36000061035156,VUSA.L,118.04796701524174
2025-07-07 00:00:00+00:00,VUAA.L,119.0199966430664,VUSA.L,118.13290531630628
2025-07-08 00:00:00+00:00,VUAA.L,119.36000061035156,VUSA.L,118.03108696940762
2025-07-09 00:00:00+00:00,VUAA.L,120.08000183105469,VUSA.L,118.96293851927294
2025-07-10 00:00:00+00:00,VUAA.L,119.69999694824219,VUSA.L,118.95336444190616
2025-07-11 00:00:00+00:00,VUAA.L,119.69999694824219,VUSA.L,118.95336444190616
2025-07-12 00:00:00+00:00,VUAA.L,119.69999694824219,VUSA.L,118.95336444190616
2025-07-13 00:00:00+00:00,VUAA.L,119.72000122070312,VUSA.L,118.72042798722123
2025-07-14 00:00:00+00:00,VUAA.L,119.9000015258789,VUSA.L,118.86173504727503
2025-07-15 00:00:00+00:00,VUAA.L,118.80000305175781,VUSA.L,116.85431672312552
2025-07-16 00:00:00+00:00,VUAA.L,120.27999877929688,VUSA.L,118.84218273392253
2025-07-17 00:00:00+00:00,VUAA.L,120.5,VUSA.L,118.97201800597031
2025-07-18 00:00:00+00:00,VUAA.L,120.5,VUSA.L,118.97201800597031
2025-07-19 00:00:00+00:00,VUAA.L,120.5,VUSA.L,118.97201800597031
2025-07-20 00:00:00+00:00,VUAA.L,121.19999694824219,VUSA.L,118.9790745299033
2025-07-21 00:00:00+00:00,VUAA.L,120.5199966430664,VUSA.L,118.96457646879207
2025-07-22 00:00:00+00:00,VUAA.L,121.04000091552734,VUSA.L,119.33537256004183
2025-07-23 00:00:00+00:00,VUAA.L,121.91999816894531,VUSA.L,120.93118443435742
2025-07-24 00:00:00+00:00,VUAA.L,122.08000183105469,VUSA.L,121.29244846656002
2025-07-25 00:00:00+00:00,VUAA.L,122.08000183105469,VUSA.L,121.29244846656002
2025-07-26 00:00:00+00:00,VUAA.L,122.08000183105469,VUSA.L,121.29244846656002
2025-07-27 00:00:00+00:00,VUAA.L,122.30000305175781,VUSA.L,121.19758986405031
2025-07-28 00:00:00+00:00,VUAA.L,121.95999908447266,VUSA.L,120.74045773795206
2025-07-29 00:00:00+00:00,VUAA.L,121.9000015258789,VUSA.L,121.11706620472887
2025-07-30 00:00:00+00:00,VUAA.L,122.23999786376953,VUSA.L,120.99731537574371
2025-07-31 00:00:00+00:00,VUAA.L,119.30000305175781,VUSA.L,117.51358800747948
2025-08-01 00:00:00+00:00,VUAA.L,119.30000305175781,VUSA.L,117.51358800747948
2025-08-02 00:00:00+00:00,VUAA.L,119.30000305175781,VUSA.L,117.51358800747948
2025-08-03 00:00:00+00:00,VUAA.L,120.76000213623047,VUSA.L,119.37585145732919
2025-08-04 00:00:00+00:00,VUAA.L,120.5199966430664,VUSA.L,119.10252480826148
2025-08-05 00:00:00+00:00,VUAA.L,121.33999633789062,VUSA.L,119.49806636816538
2025-08-06 00:00:00+00:00,VUAA.L,121.30000305175781,VUSA.L,119.32363426385837
2025-08-07 00:00:00+00:00,VUAA.L,122.0,VUSA.L,120.58593538422247
2025-08-08 00:00:00+00:00,VUAA.L,122.0,VUSA.L,120.58593538422247
2025-08-09 00:00:00+00:00,VUAA.L,122.0,VUSA.L,120.58593538422247
2025-08-10 00:00:00+00:00,VUAA.L,122.26000213623047,VUSA.L,121.10949436692317
2025-08-11 00:00:00+00:00,VUAA.L,122.95999908447266,VUSA.L,120.89580513447072
2025-08-12 00:00:00+00:00,VUAA.L,123.58000183105469,VUSA.L,121.49937260219303
2025-08-13 00:00:00+00:00,VUAA.L,123.4800033569336,VUSA.L,122.42884344717095
2025-08-14 00:00:00+00:00,VUAA.L,123.58000183105469,VUSA.L,121.7748673548158
2025-08-15 00:00:00+00:00,VUAA.L,123.58000183105469,VUSA.L,121.7748673548158
2025-08-16 00:00:00+00:00,VUAA.L,123.58000183105469,VUSA.L,121.7748673548158
2025-08-17 00:00:00+00:00,VUAA.L,123.33999633789062,VUSA.L,122.21221860159858
2025-08-18 00:00:00+00:00,VUAA.L,123.18000030517578,VUSA.L,121.81171521185024
2025-08-19 00:00:00+00:00,VUAA.L,122.13999938964844,VUSA.L,120.93236727197655
2025-08-20 00:00:00+00:00,VUAA.L,122.31999969482422,VUSA.L,121.24636273148735
2025-08-21 00:00:00+00:00,VUAA.L,124.05999755859375,VUSA.L,121.55291928822862
2025-08-22 00:00:00+00:00,VUAA.L,124.05999755859375,VUSA.L,121.55291928822862
2025-08-23 00:00:00+00:00,VUAA.L,124.05999755859375,VUSA.L,121.55291928822862
2025-08-24 00:00:00+00:00,VUAA.L,124.05999755859375,VUSA.L,121.55291928822862
2025-08-25 00:00:00+00:00,VUAA.L,123.27999877929688,VUSA.L,121.61035280264696
2025-08-26 00:00:00+00:00,VUAA.L,123.95999908447266,VUSA.L,122.73235010238477
2025-08-27 00:00:00+00:00,VUAA.L,124.16000366210938,VUSA.L,122.59060891285662
2025-08-28 00:00:00+00:00,VUAA.L,123.63999938964844,VUSA.L,122.16490409745893
2025-08-29 00:00:00+00:00,VUAA.L,123.63999938964844,VUSA.L,122.16490409745893
2025-08-30 00:00:00+00:00,VUAA.L,123.63999938964844,VUSA.L,122.16490409745893
2025-08-31 00:00:00+00:00,VUAA.L,123.94000244140625,VUSA.L,122.14269250176403
2025-09-01 00:00:00+00:00,VUAA.L,122.08000183105469,VUSA.L,122.13604497093911
2025-09-02 00:00:00+00:00,VUAA.L,123.22000122070312,VUSA.L,121.24758868529534
2025-09-03 00:00:00+00:00,VUAA.L,124.0199966430664,VUSA.L,122.63218027595303
2025-09-04 00:00:00+00:00,VUAA.L,124.0,VUSA.L,121.72307701323098
2025-09-05 00:00:00+00:00,VUAA.L,124.0,VUSA.L,121.72307701323098
2025-09-06 00:00:00+00:00,VUAA.L,124.0,VUSA.L,121.72307701323098
2025-09-07 00:00:00+00:00,VUAA.L,124.52559661865234,VUSA.L,122.72692417033977
2025-09-08 00:00:00+00:00,VUAA.L,124.45999908447266,VUSA.L,123.19641565330312
2025-09-09 00:00:00+00:00,VUAA.L,125.22000122070312,VUSA.L,123.46888819015294
2025-09-10 00:00:00+00:00,VUAA.L,126.18000030517578,VUSA.L,124.38324759240004
2025-09-11 00:00:00+00:00,VUAA.L,126.16000366210938,VUSA.L,124.98158554708425
2025-09-12 00:00:00+00:00,VUAA.L,126.16000366210938,VUSA.L,124.98158554708425
2025-09-13 00:00:00+00:00,VUAA.L,126.16000366210938,VUSA.L,124.98158554708425
2025-09-14 00:00:00+00:00,VUAA.L,126.72000122070312,VUSA.L,124.83911847380114
2025-09-15 00:00:00+00:00,VUAA.L,126.55999755859375,VUSA.L,124.70225536090584
2025-09-16 00:00:00+00:00,VUAA.L,126.5,VUSA.L,124.93723341116493
2025-09-17 00:00:00+00:00,VUAA.L,127.36000061035156,VUSA.L,126.58274855748459
2025-09-18 00:00:00+00:00,VUAA.L,127.12000274658203,VUSA.L,126.40304794228723
2025-09-19 00:00:00+00:00,VUAA.L,127.12000274658203,VUSA.L,126.40304794228723
2025-09-20 00:00:00+00:00,VUAA.L,127.12000274658203,VUSA.L,126.40304794228723
2025-09-21 00:00:00+00:00,VUAA.L,127.87999725341797,VUSA.L,126.05024357094408
2025-09-22 00:00:00+00:00,VUAA.L,128.16000366210938,VUSA.L,126.69950030640757
2025-09-23 00:00:00+00:00,VUAA.L,127.44000244140625,VUSA.L,126.68041515915775
2025-09-24 00:00:00+00:00,VUAA.L,126.72000122070312,VUSA.L,126.29782640775375
2025-09-25 00:00:00+00:00,VUAA.L,126.95999908447266,VUSA.L,124.78328830638202
2025-09-26 00:00:00+00:00,VUAA.L,126.95999908447266,VUSA.L,124.78328830638202
2025-09-27 00:00:00+00:00,VUAA.L,126.95999908447266,VUSA.L,124.78328830638202
2025-09-28 00:00:00+00:00,VUAA.L,126.95999908447266,VUSA.L,124.78328830638202
2025-09-29 00:00:00+00:00,VUAA.L,126.95999908447266,VUSA.L,124.78328830638202
