date,pair,spread_pct
2023-10-09 00:00:00+00:00,CSP1_L_IUSA_DE,92605.377
2023-10-10 00:00:00+00:00,CSP1_L_IUSA_DE,92658.29
2023-10-11 00:00:00+00:00,CSP1_L_IUSA_DE,92550.324
2023-10-12 00:00:00+00:00,CSP1_L_IUSA_DE,92698.804
2023-10-13 00:00:00+00:00,CSP1_L_IUSA_DE,92796.293
2023-10-16 00:00:00+00:00,CSP1_L_IUSA_DE,92777.028
2023-10-17 00:00:00+00:00,CSP1_L_IUSA_DE,93050.499
2023-10-18 00:00:00+00:00,CSP1_L_IUSA_DE,92964.375
2023-10-19 00:00:00+00:00,CSP1_L_IUSA_DE,93442.02
2023-10-20 00:00:00+00:00,CSP1_L_IUSA_DE,93425.966
2023-10-23 00:00:00+00:00,CSP1_L_IUSA_DE,93247.947
2023-10-24 00:00:00+00:00,CSP1_L_IUSA_DE,93393.628
2023-10-25 00:00:00+00:00,CSP1_L_IUSA_DE,93515.232
2023-10-26 00:00:00+00:00,CSP1_L_IUSA_DE,93262.749
2023-10-27 00:00:00+00:00,CSP1_L_IUSA_DE,93497.046
2023-10-30 00:00:00+00:00,CSP1_L_IUSA_DE,93590.156
2023-10-31 00:00:00+00:00,CSP1_L_IUSA_DE,93475.452
2023-11-01 00:00:00+00:00,CSP1_L_IUSA_DE,93228.602
2023-11-02 00:00:00+00:00,CSP1_L_IUSA_DE,93420.622
2023-11-03 00:00:00+00:00,CSP1_L_IUSA_DE,93034.158
2023-11-06 00:00:00+00:00,CSP1_L_IUSA_DE,93052.421
2023-11-07 00:00:00+00:00,CSP1_L_IUSA_DE,93153.817
2023-11-08 00:00:00+00:00,CSP1_L_IUSA_DE,93382.021
2023-11-09 00:00:00+00:00,CSP1_L_IUSA_DE,93574.179
2023-11-10 00:00:00+00:00,CSP1_L_IUSA_DE,93822.179
2023-11-13 00:00:00+00:00,CSP1_L_IUSA_DE,93543.754
2023-11-14 00:00:00+00:00,CSP1_L_IUSA_DE,93289.947
2023-11-15 00:00:00+00:00,CSP1_L_IUSA_DE,93560.712
2023-11-16 00:00:00+00:00,CSP1_L_IUSA_DE,93775.311
2023-11-17 00:00:00+00:00,CSP1_L_IUSA_DE,93871.44
2023-11-20 00:00:00+00:00,CSP1_L_IUSA_DE,93908.597
2023-11-21 00:00:00+00:00,CSP1_L_IUSA_DE,93568.01
2023-11-22 00:00:00+00:00,CSP1_L_IUSA_DE,93522.15
2023-11-23 00:00:00+00:00,CSP1_L_IUSA_DE,93274.102
2023-11-24 00:00:00+00:00,CSP1_L_IUSA_DE,93007.592
2023-11-27 00:00:00+00:00,CSP1_L_IUSA_DE,93005.555
2023-11-28 00:00:00+00:00,CSP1_L_IUSA_DE,92951.028
2023-11-29 00:00:00+00:00,CSP1_L_IUSA_DE,92749.529
2023-11-30 00:00:00+00:00,CSP1_L_IUSA_DE,92463.227
2023-12-01 00:00:00+00:00,CSP1_L_IUSA_DE,92005.763
2023-12-04 00:00:00+00:00,CSP1_L_IUSA_DE,91850.044
2023-12-05 00:00:00+00:00,CSP1_L_IUSA_DE,92290.438
2023-12-06 00:00:00+00:00,CSP1_L_IUSA_DE,92382.897
2023-12-07 00:00:00+00:00,CSP1_L_IUSA_DE,91917.809
2023-12-08 00:00:00+00:00,CSP1_L_IUSA_DE,91946.993
2023-12-11 00:00:00+00:00,CSP1_L_IUSA_DE,91823.919
2023-12-12 00:00:00+00:00,CSP1_L_IUSA_DE,92244.826
2023-12-13 00:00:00+00:00,CSP1_L_IUSA_DE,92405.552
2023-12-14 00:00:00+00:00,CSP1_L_IUSA_DE,92383.574
2023-12-15 00:00:00+00:00,CSP1_L_IUSA_DE,92168.007
2023-12-18 00:00:00+00:00,CSP1_L_IUSA_DE,92570.745
2023-12-19 00:00:00+00:00,CSP1_L_IUSA_DE,92350.936
2023-12-20 00:00:00+00:00,CSP1_L_IUSA_DE,92743.648
2023-12-21 00:00:00+00:00,CSP1_L_IUSA_DE,93089.688
2023-12-22 00:00:00+00:00,CSP1_L_IUSA_DE,92628.818
2023-12-27 00:00:00+00:00,CSP1_L_IUSA_DE,93205.352
2023-12-28 00:00:00+00:00,CSP1_L_IUSA_DE,93291.061
2023-12-29 00:00:00+00:00,CSP1_L_IUSA_DE,93067.784
2024-01-02 00:00:00+00:00,CSP1_L_IUSA_DE,93093.299
2024-01-03 00:00:00+00:00,CSP1_L_IUSA_DE,92552.761
2024-01-04 00:00:00+00:00,CSP1_L_IUSA_DE,92578.052
2024-01-05 00:00:00+00:00,CSP1_L_IUSA_DE,92267.018
2024-01-08 00:00:00+00:00,CSP1_L_IUSA_DE,92261.046
2024-01-09 00:00:00+00:00,CSP1_L_IUSA_DE,92170.115
2024-01-10 00:00:00+00:00,CSP1_L_IUSA_DE,92321.408
2024-01-11 00:00:00+00:00,CSP1_L_IUSA_DE,92363.668
2024-01-12 00:00:00+00:00,CSP1_L_IUSA_DE,92209.641
2024-01-15 00:00:00+00:00,CSP1_L_IUSA_DE,92186.413
2024-01-16 00:00:00+00:00,CSP1_L_IUSA_DE,92071.091
2024-01-17 00:00:00+00:00,CSP1_L_IUSA_DE,91933.362
2024-01-18 00:00:00+00:00,CSP1_L_IUSA_DE,91786.448
2024-01-19 00:00:00+00:00,CSP1_L_IUSA_DE,92150.345
2024-01-22 00:00:00+00:00,CSP1_L_IUSA_DE,91822.066
2024-01-23 00:00:00+00:00,CSP1_L_IUSA_DE,91745.541
2024-01-24 00:00:00+00:00,CSP1_L_IUSA_DE,91756.002
2024-01-25 00:00:00+00:00,CSP1_L_IUSA_DE,91531.086
2024-01-26 00:00:00+00:00,CSP1_L_IUSA_DE,91647.584
2024-01-29 00:00:00+00:00,CSP1_L_IUSA_DE,91389.466
2024-01-30 00:00:00+00:00,CSP1_L_IUSA_DE,91733.097
2024-01-31 00:00:00+00:00,CSP1_L_IUSA_DE,91480.627
2024-02-01 00:00:00+00:00,CSP1_L_IUSA_DE,91556.516
2024-02-02 00:00:00+00:00,CSP1_L_IUSA_DE,91540.174
2024-02-05 00:00:00+00:00,CSP1_L_IUSA_DE,91864.828
2024-02-06 00:00:00+00:00,CSP1_L_IUSA_DE,91606.915
2024-02-07 00:00:00+00:00,CSP1_L_IUSA_DE,91497.807
2024-02-08 00:00:00+00:00,CSP1_L_IUSA_DE,91485.647
2024-02-09 00:00:00+00:00,CSP1_L_IUSA_DE,91598.842
2024-02-12 00:00:00+00:00,CSP1_L_IUSA_DE,91454.191
2024-02-13 00:00:00+00:00,CSP1_L_IUSA_DE,91209.796
2024-02-14 00:00:00+00:00,CSP1_L_IUSA_DE,91671.827
2024-02-15 00:00:00+00:00,CSP1_L_IUSA_DE,91720.134
2024-02-16 00:00:00+00:00,CSP1_L_IUSA_DE,91782.24
2024-02-19 00:00:00+00:00,CSP1_L_IUSA_DE,91749.399
2024-02-20 00:00:00+00:00,CSP1_L_IUSA_DE,91773.232
2024-02-21 00:00:00+00:00,CSP1_L_IUSA_DE,91877.205
2024-02-22 00:00:00+00:00,CSP1_L_IUSA_DE,91722.236
2024-02-23 00:00:00+00:00,CSP1_L_IUSA_DE,91597.772
2024-02-26 00:00:00+00:00,CSP1_L_IUSA_DE,91792.277
2024-02-27 00:00:00+00:00,CSP1_L_IUSA_DE,91673.348
2024-02-28 00:00:00+00:00,CSP1_L_IUSA_DE,91870.106
2024-02-29 00:00:00+00:00,CSP1_L_IUSA_DE,91832.057
2024-03-01 00:00:00+00:00,CSP1_L_IUSA_DE,91955.653
2024-03-04 00:00:00+00:00,CSP1_L_IUSA_DE,91751.353
2024-03-05 00:00:00+00:00,CSP1_L_IUSA_DE,91581.986
2024-03-06 00:00:00+00:00,CSP1_L_IUSA_DE,91677.376
2024-03-07 00:00:00+00:00,CSP1_L_IUSA_DE,91724.06
2024-03-08 00:00:00+00:00,CSP1_L_IUSA_DE,91297.895
2024-03-11 00:00:00+00:00,CSP1_L_IUSA_DE,91419.847
2024-03-12 00:00:00+00:00,CSP1_L_IUSA_DE,91648.44
2024-03-13 00:00:00+00:00,CSP1_L_IUSA_DE,91733.903
2024-03-14 00:00:00+00:00,CSP1_L_IUSA_DE,91574.889
2024-03-15 00:00:00+00:00,CSP1_L_IUSA_DE,91659.942
2024-03-18 00:00:00+00:00,CSP1_L_IUSA_DE,91623.11
2024-03-19 00:00:00+00:00,CSP1_L_IUSA_DE,91498.836
2024-03-20 00:00:00+00:00,CSP1_L_IUSA_DE,91565.793
2024-03-21 00:00:00+00:00,CSP1_L_IUSA_DE,92010.667
2024-03-22 00:00:00+00:00,CSP1_L_IUSA_DE,91995.197
2024-03-25 00:00:00+00:00,CSP1_L_IUSA_DE,91911.158
2024-03-26 00:00:00+00:00,CSP1_L_IUSA_DE,91988.93
2024-03-27 00:00:00+00:00,CSP1_L_IUSA_DE,91876.719
2024-03-28 00:00:00+00:00,CSP1_L_IUSA_DE,91661.669
2024-04-02 00:00:00+00:00,CSP1_L_IUSA_DE,91817.714
2024-04-03 00:00:00+00:00,CSP1_L_IUSA_DE,91962.843
2024-04-04 00:00:00+00:00,CSP1_L_IUSA_DE,91965.698
2024-04-05 00:00:00+00:00,CSP1_L_IUSA_DE,91976.354
2024-04-08 00:00:00+00:00,CSP1_L_IUSA_DE,92019.887
2024-04-09 00:00:00+00:00,CSP1_L_IUSA_DE,91897.629
2024-04-10 00:00:00+00:00,CSP1_L_IUSA_DE,91807.794
2024-04-11 00:00:00+00:00,CSP1_L_IUSA_DE,91691.266
2024-04-12 00:00:00+00:00,CSP1_L_IUSA_DE,91689.735
2024-04-15 00:00:00+00:00,CSP1_L_IUSA_DE,91503.239
2024-04-16 00:00:00+00:00,CSP1_L_IUSA_DE,91670.082
2024-04-17 00:00:00+00:00,CSP1_L_IUSA_DE,91665.672
2024-04-18 00:00:00+00:00,CSP1_L_IUSA_DE,91795.36
2024-04-19 00:00:00+00:00,CSP1_L_IUSA_DE,92172.526
2024-04-22 00:00:00+00:00,CSP1_L_IUSA_DE,92510.169
2024-04-23 00:00:00+00:00,CSP1_L_IUSA_DE,92222.759
2024-04-24 00:00:00+00:00,CSP1_L_IUSA_DE,92211.05
2024-04-25 00:00:00+00:00,CSP1_L_IUSA_DE,92017.986
2024-04-26 00:00:00+00:00,CSP1_L_IUSA_DE,91984.549
2024-04-29 00:00:00+00:00,CSP1_L_IUSA_DE,91570.237
2024-04-30 00:00:00+00:00,CSP1_L_IUSA_DE,91561.509
2024-05-02 00:00:00+00:00,CSP1_L_IUSA_DE,91844.112
2024-05-03 00:00:00+00:00,CSP1_L_IUSA_DE,92027.531
2024-05-07 00:00:00+00:00,CSP1_L_IUSA_DE,92089.921
2024-05-08 00:00:00+00:00,CSP1_L_IUSA_DE,92279.101
2024-05-09 00:00:00+00:00,CSP1_L_IUSA_DE,92367.66
2024-05-10 00:00:00+00:00,CSP1_L_IUSA_DE,92338.772
2024-05-13 00:00:00+00:00,CSP1_L_IUSA_DE,92249.661
2024-05-14 00:00:00+00:00,CSP1_L_IUSA_DE,92198.793
2024-05-15 00:00:00+00:00,CSP1_L_IUSA_DE,92013.329
2024-05-16 00:00:00+00:00,CSP1_L_IUSA_DE,92017.437
2024-05-17 00:00:00+00:00,CSP1_L_IUSA_DE,91798.168
2024-05-20 00:00:00+00:00,CSP1_L_IUSA_DE,91662.061
2024-05-21 00:00:00+00:00,CSP1_L_IUSA_DE,91521.208
2024-05-22 00:00:00+00:00,CSP1_L_IUSA_DE,91334.913
2024-05-23 00:00:00+00:00,CSP1_L_IUSA_DE,91327.876
2024-05-24 00:00:00+00:00,CSP1_L_IUSA_DE,91375.949
2024-05-28 00:00:00+00:00,CSP1_L_IUSA_DE,91261.575
2024-05-29 00:00:00+00:00,CSP1_L_IUSA_DE,91193.039
2024-05-30 00:00:00+00:00,CSP1_L_IUSA_DE,91217.836
2024-05-31 00:00:00+00:00,CSP1_L_IUSA_DE,91424.2
2024-06-03 00:00:00+00:00,CSP1_L_IUSA_DE,91286.805
2024-06-04 00:00:00+00:00,CSP1_L_IUSA_DE,91291.148
2024-06-05 00:00:00+00:00,CSP1_L_IUSA_DE,91257.416
2024-06-06 00:00:00+00:00,CSP1_L_IUSA_DE,91305.522
2024-06-07 00:00:00+00:00,CSP1_L_IUSA_DE,91114.943
2024-06-10 00:00:00+00:00,CSP1_L_IUSA_DE,90584.23
2024-06-11 00:00:00+00:00,CSP1_L_IUSA_DE,90426.006
2024-06-12 00:00:00+00:00,CSP1_L_IUSA_DE,90642.874
2024-06-13 00:00:00+00:00,CSP1_L_IUSA_DE,90438.767
2024-06-14 00:00:00+00:00,CSP1_L_IUSA_DE,90457.441
2024-06-17 00:00:00+00:00,CSP1_L_IUSA_DE,90644.713
2024-06-18 00:00:00+00:00,CSP1_L_IUSA_DE,90733.193
2024-06-19 00:00:00+00:00,CSP1_L_IUSA_DE,90527.547
2024-06-20 00:00:00+00:00,CSP1_L_IUSA_DE,90700.963
2024-06-21 00:00:00+00:00,CSP1_L_IUSA_DE,90747.273
2024-06-24 00:00:00+00:00,CSP1_L_IUSA_DE,90687.272
2024-06-25 00:00:00+00:00,CSP1_L_IUSA_DE,90610.788
2024-06-26 00:00:00+00:00,CSP1_L_IUSA_DE,90763.995
2024-06-27 00:00:00+00:00,CSP1_L_IUSA_DE,90841.07
2024-06-28 00:00:00+00:00,CSP1_L_IUSA_DE,90949.731
2024-07-01 00:00:00+00:00,CSP1_L_IUSA_DE,90982.815
2024-07-02 00:00:00+00:00,CSP1_L_IUSA_DE,90809.096
2024-07-03 00:00:00+00:00,CSP1_L_IUSA_DE,90784.669
2024-07-04 00:00:00+00:00,CSP1_L_IUSA_DE,90840.537
2024-07-05 00:00:00+00:00,CSP1_L_IUSA_DE,90658.116
2024-07-08 00:00:00+00:00,CSP1_L_IUSA_DE,90593.693
2024-07-09 00:00:00+00:00,CSP1_L_IUSA_DE,90662.202
2024-07-10 00:00:00+00:00,CSP1_L_IUSA_DE,90389.824
2024-07-11 00:00:00+00:00,CSP1_L_IUSA_DE,90267.443
2024-07-12 00:00:00+00:00,CSP1_L_IUSA_DE,90081.485
2024-07-15 00:00:00+00:00,CSP1_L_IUSA_DE,90124.761
2024-07-16 00:00:00+00:00,CSP1_L_IUSA_DE,90069.86
2024-07-17 00:00:00+00:00,CSP1_L_IUSA_DE,90139.879
2024-07-18 00:00:00+00:00,CSP1_L_IUSA_DE,90197.792
2024-07-19 00:00:00+00:00,CSP1_L_IUSA_DE,90404.905
2024-07-22 00:00:00+00:00,CSP1_L_IUSA_DE,90371.631
2024-07-23 00:00:00+00:00,CSP1_L_IUSA_DE,90150.543
2024-07-24 00:00:00+00:00,CSP1_L_IUSA_DE,90076.767
2024-07-25 00:00:00+00:00,CSP1_L_IUSA_DE,90439.902
2024-07-26 00:00:00+00:00,CSP1_L_IUSA_DE,90599.347
2024-07-29 00:00:00+00:00,CSP1_L_IUSA_DE,90460.631
2024-07-30 00:00:00+00:00,CSP1_L_IUSA_DE,90410.887
2024-07-31 00:00:00+00:00,CSP1_L_IUSA_DE,90444.343
2024-08-01 00:00:00+00:00,CSP1_L_IUSA_DE,90669.804
2024-08-02 00:00:00+00:00,CSP1_L_IUSA_DE,91352.932
2024-08-05 00:00:00+00:00,CSP1_L_IUSA_DE,92097.529
2024-08-06 00:00:00+00:00,CSP1_L_IUSA_DE,92097.316
2024-08-07 00:00:00+00:00,CSP1_L_IUSA_DE,92125.773
2024-08-08 00:00:00+00:00,CSP1_L_IUSA_DE,91902.569
2024-08-09 00:00:00+00:00,CSP1_L_IUSA_DE,91753.094
2024-08-12 00:00:00+00:00,CSP1_L_IUSA_DE,91791.947
2024-08-13 00:00:00+00:00,CSP1_L_IUSA_DE,91558.035
2024-08-14 00:00:00+00:00,CSP1_L_IUSA_DE,91926.553
2024-08-15 00:00:00+00:00,CSP1_L_IUSA_DE,91591.194
2024-08-16 00:00:00+00:00,CSP1_L_IUSA_DE,91397.37
2024-08-19 00:00:00+00:00,CSP1_L_IUSA_DE,91406.429
2024-08-20 00:00:00+00:00,CSP1_L_IUSA_DE,91421.352
2024-08-21 00:00:00+00:00,CSP1_L_IUSA_DE,91411.773
2024-08-22 00:00:00+00:00,CSP1_L_IUSA_DE,91006.617
2024-08-23 00:00:00+00:00,CSP1_L_IUSA_DE,90785.074
2024-08-27 00:00:00+00:00,CSP1_L_IUSA_DE,90527.846
2024-08-28 00:00:00+00:00,CSP1_L_IUSA_DE,90381.127
2024-08-29 00:00:00+00:00,CSP1_L_IUSA_DE,90235.78
2024-08-30 00:00:00+00:00,CSP1_L_IUSA_DE,90298.213
2024-09-02 00:00:00+00:00,CSP1_L_IUSA_DE,90287.634
2024-09-03 00:00:00+00:00,CSP1_L_IUSA_DE,90340.592
2024-09-04 00:00:00+00:00,CSP1_L_IUSA_DE,90376.723
2024-09-05 00:00:00+00:00,CSP1_L_IUSA_DE,90303.453
2024-09-06 00:00:00+00:00,CSP1_L_IUSA_DE,90545.088
2024-09-09 00:00:00+00:00,CSP1_L_IUSA_DE,90449.68
2024-09-10 00:00:00+00:00,CSP1_L_IUSA_DE,90502.499
2024-09-11 00:00:00+00:00,CSP1_L_IUSA_DE,90692.301
2024-09-12 00:00:00+00:00,CSP1_L_IUSA_DE,90462.119
2024-09-13 00:00:00+00:00,CSP1_L_IUSA_DE,90383.753
2024-09-16 00:00:00+00:00,CSP1_L_IUSA_DE,90379.328
2024-09-17 00:00:00+00:00,CSP1_L_IUSA_DE,90562.985
2024-09-18 00:00:00+00:00,CSP1_L_IUSA_DE,90259.393
2024-09-19 00:00:00+00:00,CSP1_L_IUSA_DE,90043.893
2024-09-20 00:00:00+00:00,CSP1_L_IUSA_DE,90020.377
2024-09-23 00:00:00+00:00,CSP1_L_IUSA_DE,89436.32
2024-09-24 00:00:00+00:00,CSP1_L_IUSA_DE,89330.925
2024-09-25 00:00:00+00:00,CSP1_L_IUSA_DE,89529.19
2024-09-26 00:00:00+00:00,CSP1_L_IUSA_DE,89343.191
2024-09-27 00:00:00+00:00,CSP1_L_IUSA_DE,89350.862
2024-09-30 00:00:00+00:00,CSP1_L_IUSA_DE,89174.298
2024-10-01 00:00:00+00:00,CSP1_L_IUSA_DE,89265.943
2024-10-02 00:00:00+00:00,CSP1_L_IUSA_DE,89276.355
2024-10-03 00:00:00+00:00,CSP1_L_IUSA_DE,90022.42
2024-10-04 00:00:00+00:00,CSP1_L_IUSA_DE,89741.932
2024-10-07 00:00:00+00:00,CSP1_L_IUSA_DE,89988.873
2024-10-08 00:00:00+00:00,CSP1_L_IUSA_DE,89880.601
2024-10-09 00:00:00+00:00,CSP1_L_IUSA_DE,89773.703
2024-10-10 00:00:00+00:00,CSP1_L_IUSA_DE,89819.576
2024-10-11 00:00:00+00:00,CSP1_L_IUSA_DE,89834.187
2024-10-14 00:00:00+00:00,CSP1_L_IUSA_DE,89657.573
2024-10-15 00:00:00+00:00,CSP1_L_IUSA_DE,89286.319
2024-10-16 00:00:00+00:00,CSP1_L_IUSA_DE,89702.67
2024-10-17 00:00:00+00:00,CSP1_L_IUSA_DE,89303.237
2024-10-18 00:00:00+00:00,CSP1_L_IUSA_DE,89282.593
2024-10-21 00:00:00+00:00,CSP1_L_IUSA_DE,89386.053
2024-10-22 00:00:00+00:00,CSP1_L_IUSA_DE,89350.916
2024-10-23 00:00:00+00:00,CSP1_L_IUSA_DE,89297.637
2024-10-24 00:00:00+00:00,CSP1_L_IUSA_DE,89384.301
2024-10-25 00:00:00+00:00,CSP1_L_IUSA_DE,89379.975
2024-10-28 00:00:00+00:00,CSP1_L_IUSA_DE,89409.065
2024-10-29 00:00:00+00:00,CSP1_L_IUSA_DE,89130.963
2024-10-30 00:00:00+00:00,CSP1_L_IUSA_DE,89577.04
2024-10-31 00:00:00+00:00,CSP1_L_IUSA_DE,90426.175
2024-11-01 00:00:00+00:00,CSP1_L_IUSA_DE,89841.137
2024-11-04 00:00:00+00:00,CSP1_L_IUSA_DE,90141.593
2024-11-05 00:00:00+00:00,CSP1_L_IUSA_DE,89971.517
2024-11-06 00:00:00+00:00,CSP1_L_IUSA_DE,89266.869
2024-11-07 00:00:00+00:00,CSP1_L_IUSA_DE,89128.631
2024-11-08 00:00:00+00:00,CSP1_L_IUSA_DE,89056.659
2024-11-11 00:00:00+00:00,CSP1_L_IUSA_DE,88731.469
2024-11-12 00:00:00+00:00,CSP1_L_IUSA_DE,89253.944
2024-11-13 00:00:00+00:00,CSP1_L_IUSA_DE,89121.301
2024-11-14 00:00:00+00:00,CSP1_L_IUSA_DE,89219.602
2024-11-15 00:00:00+00:00,CSP1_L_IUSA_DE,89570.904
2024-11-18 00:00:00+00:00,CSP1_L_IUSA_DE,89593.067
2024-11-19 00:00:00+00:00,CSP1_L_IUSA_DE,89529.861
2024-11-20 00:00:00+00:00,CSP1_L_IUSA_DE,89225.379
2024-11-21 00:00:00+00:00,CSP1_L_IUSA_DE,89372.358
2024-11-22 00:00:00+00:00,CSP1_L_IUSA_DE,89132.865
2024-11-25 00:00:00+00:00,CSP1_L_IUSA_DE,89571.855
2024-11-26 00:00:00+00:00,CSP1_L_IUSA_DE,89511.823
2024-11-27 00:00:00+00:00,CSP1_L_IUSA_DE,89416.95
2024-11-28 00:00:00+00:00,CSP1_L_IUSA_DE,89240.591
2024-11-29 00:00:00+00:00,CSP1_L_IUSA_DE,89076.172
2024-12-02 00:00:00+00:00,CSP1_L_IUSA_DE,88889.43
2024-12-03 00:00:00+00:00,CSP1_L_IUSA_DE,89044.226
2024-12-04 00:00:00+00:00,CSP1_L_IUSA_DE,88785.847
2024-12-05 00:00:00+00:00,CSP1_L_IUSA_DE,88873.267
2024-12-06 00:00:00+00:00,CSP1_L_IUSA_DE,88888.634
2024-12-09 00:00:00+00:00,CSP1_L_IUSA_DE,88751.406
2024-12-10 00:00:00+00:00,CSP1_L_IUSA_DE,88362.683
2024-12-11 00:00:00+00:00,CSP1_L_IUSA_DE,88285.117
2024-12-12 00:00:00+00:00,CSP1_L_IUSA_DE,88674.04
2024-12-13 00:00:00+00:00,CSP1_L_IUSA_DE,89067.876
2024-12-16 00:00:00+00:00,CSP1_L_IUSA_DE,88684.296
2024-12-17 00:00:00+00:00,CSP1_L_IUSA_DE,88502.426
2024-12-18 00:00:00+00:00,CSP1_L_IUSA_DE,88465.589
2024-12-19 00:00:00+00:00,CSP1_L_IUSA_DE,88702.573
2024-12-20 00:00:00+00:00,CSP1_L_IUSA_DE,88772.065
2024-12-23 00:00:00+00:00,CSP1_L_IUSA_DE,89163.481
2024-12-27 00:00:00+00:00,CSP1_L_IUSA_DE,88920.738
2024-12-30 00:00:00+00:00,CSP1_L_IUSA_DE,89378.131
2025-01-02 00:00:00+00:00,CSP1_L_IUSA_DE,88745.757
2025-01-03 00:00:00+00:00,CSP1_L_IUSA_DE,88870.524
2025-01-06 00:00:00+00:00,CSP1_L_IUSA_DE,89056.404
2025-01-07 00:00:00+00:00,CSP1_L_IUSA_DE,89050.329
2025-01-08 00:00:00+00:00,CSP1_L_IUSA_DE,89374.515
2025-01-09 00:00:00+00:00,CSP1_L_IUSA_DE,89650.612
2025-01-10 00:00:00+00:00,CSP1_L_IUSA_DE,89918.467
2025-01-13 00:00:00+00:00,CSP1_L_IUSA_DE,89925.494
2025-01-14 00:00:00+00:00,CSP1_L_IUSA_DE,90540.868
2025-01-15 00:00:00+00:00,CSP1_L_IUSA_DE,90146.852
2025-01-16 00:00:00+00:00,CSP1_L_IUSA_DE,90381.379
2025-01-17 00:00:00+00:00,CSP1_L_IUSA_DE,90614.326
2025-01-20 00:00:00+00:00,CSP1_L_IUSA_DE,90656.282
2025-01-21 00:00:00+00:00,CSP1_L_IUSA_DE,90653.482
2025-01-22 00:00:00+00:00,CSP1_L_IUSA_DE,90633.68
2025-01-23 00:00:00+00:00,CSP1_L_IUSA_DE,90545.521
2025-01-24 00:00:00+00:00,CSP1_L_IUSA_DE,90275.238
2025-01-27 00:00:00+00:00,CSP1_L_IUSA_DE,90198.054
2025-01-28 00:00:00+00:00,CSP1_L_IUSA_DE,89972.031
2025-01-29 00:00:00+00:00,CSP1_L_IUSA_DE,89812.187
2025-01-30 00:00:00+00:00,CSP1_L_IUSA_DE,89774.501
2025-01-31 00:00:00+00:00,CSP1_L_IUSA_DE,89662.421
2025-02-03 00:00:00+00:00,CSP1_L_IUSA_DE,88942.049
2025-02-04 00:00:00+00:00,CSP1_L_IUSA_DE,89173.801
2025-02-05 00:00:00+00:00,CSP1_L_IUSA_DE,89241.247
2025-02-06 00:00:00+00:00,CSP1_L_IUSA_DE,89408.732
2025-02-07 00:00:00+00:00,CSP1_L_IUSA_DE,89320.711
2025-02-10 00:00:00+00:00,CSP1_L_IUSA_DE,89278.464
2025-02-11 00:00:00+00:00,CSP1_L_IUSA_DE,89312.862
2025-02-12 00:00:00+00:00,CSP1_L_IUSA_DE,89474.74
2025-02-13 00:00:00+00:00,CSP1_L_IUSA_DE,89263.589
2025-02-14 00:00:00+00:00,CSP1_L_IUSA_DE,89341.657
2025-02-17 00:00:00+00:00,CSP1_L_IUSA_DE,89137.268
2025-02-18 00:00:00+00:00,CSP1_L_IUSA_DE,88944.014
2025-02-19 00:00:00+00:00,CSP1_L_IUSA_DE,88802.486
2025-02-20 00:00:00+00:00,CSP1_L_IUSA_DE,88969.097
2025-02-21 00:00:00+00:00,CSP1_L_IUSA_DE,88629.042
2025-02-24 00:00:00+00:00,CSP1_L_IUSA_DE,88865.264
2025-02-25 00:00:00+00:00,CSP1_L_IUSA_DE,88996.528
2025-02-26 00:00:00+00:00,CSP1_L_IUSA_DE,88768.66
2025-02-27 00:00:00+00:00,CSP1_L_IUSA_DE,88339.185
2025-02-28 00:00:00+00:00,CSP1_L_IUSA_DE,88464.232
2025-03-03 00:00:00+00:00,CSP1_L_IUSA_DE,88548.287
2025-03-04 00:00:00+00:00,CSP1_L_IUSA_DE,88710.431
2025-03-05 00:00:00+00:00,CSP1_L_IUSA_DE,89701.506
2025-03-06 00:00:00+00:00,CSP1_L_IUSA_DE,90042.6
2025-03-07 00:00:00+00:00,CSP1_L_IUSA_DE,90137.84
2025-03-10 00:00:00+00:00,CSP1_L_IUSA_DE,90165.675
2025-03-11 00:00:00+00:00,CSP1_L_IUSA_DE,90410.692
2025-03-12 00:00:00+00:00,CSP1_L_IUSA_DE,90092.505
2025-03-13 00:00:00+00:00,CSP1_L_IUSA_DE,89835.208
2025-03-14 00:00:00+00:00,CSP1_L_IUSA_DE,90215.138
2025-03-17 00:00:00+00:00,CSP1_L_IUSA_DE,90111.971
2025-03-18 00:00:00+00:00,CSP1_L_IUSA_DE,90265.05
2025-03-19 00:00:00+00:00,CSP1_L_IUSA_DE,89950.43
2025-03-20 00:00:00+00:00,CSP1_L_IUSA_DE,89637.302
2025-03-21 00:00:00+00:00,CSP1_L_IUSA_DE,89875.923
2025-03-24 00:00:00+00:00,CSP1_L_IUSA_DE,89652.615
2025-03-25 00:00:00+00:00,CSP1_L_IUSA_DE,89478.988
2025-03-26 00:00:00+00:00,CSP1_L_IUSA_DE,89743.08
2025-03-27 00:00:00+00:00,CSP1_L_IUSA_DE,89377.475
2025-03-28 00:00:00+00:00,CSP1_L_IUSA_DE,89690.091
2025-03-31 00:00:00+00:00,CSP1_L_IUSA_DE,89727.216
2025-04-01 00:00:00+00:00,CSP1_L_IUSA_DE,89709.986
2025-04-02 00:00:00+00:00,CSP1_L_IUSA_DE,89727.232
2025-04-03 00:00:00+00:00,CSP1_L_IUSA_DE,90517.831
2025-04-04 00:00:00+00:00,CSP1_L_IUSA_DE,91351.23
2025-04-07 00:00:00+00:00,CSP1_L_IUSA_DE,91456.147
2025-04-08 00:00:00+00:00,CSP1_L_IUSA_DE,91418.75
2025-04-09 00:00:00+00:00,CSP1_L_IUSA_DE,93101.915
2025-04-10 00:00:00+00:00,CSP1_L_IUSA_DE,92704.834
2025-04-11 00:00:00+00:00,CSP1_L_IUSA_DE,93151.206
2025-04-14 00:00:00+00:00,CSP1_L_IUSA_DE,92336.386
2025-04-15 00:00:00+00:00,CSP1_L_IUSA_DE,91562.718
2025-04-16 00:00:00+00:00,CSP1_L_IUSA_DE,92157.669
2025-04-17 00:00:00+00:00,CSP1_L_IUSA_DE,92071.107
2025-04-22 00:00:00+00:00,CSP1_L_IUSA_DE,92039.41
2025-04-23 00:00:00+00:00,CSP1_L_IUSA_DE,91858.621
2025-04-24 00:00:00+00:00,CSP1_L_IUSA_DE,91531.671
2025-04-25 00:00:00+00:00,CSP1_L_IUSA_DE,91639.973
2025-04-28 00:00:00+00:00,CSP1_L_IUSA_DE,91125.368
2025-04-29 00:00:00+00:00,CSP1_L_IUSA_DE,91212.612
2025-04-30 00:00:00+00:00,CSP1_L_IUSA_DE,91086.299
2025-05-02 00:00:00+00:00,CSP1_L_IUSA_DE,91419.7
2025-05-06 00:00:00+00:00,CSP1_L_IUSA_DE,91003.101
2025-05-07 00:00:00+00:00,CSP1_L_IUSA_DE,91153.782
2025-05-08 00:00:00+00:00,CSP1_L_IUSA_DE,90807.593
2025-05-09 00:00:00+00:00,CSP1_L_IUSA_DE,90754.804
2025-05-12 00:00:00+00:00,CSP1_L_IUSA_DE,90123.336
2025-05-13 00:00:00+00:00,CSP1_L_IUSA_DE,90223.949
2025-05-14 00:00:00+00:00,CSP1_L_IUSA_DE,90342.035
2025-05-15 00:00:00+00:00,CSP1_L_IUSA_DE,90220.202
2025-05-16 00:00:00+00:00,CSP1_L_IUSA_DE,90104.369
2025-05-19 00:00:00+00:00,CSP1_L_IUSA_DE,90298.521
2025-05-20 00:00:00+00:00,CSP1_L_IUSA_DE,90314.419
2025-05-21 00:00:00+00:00,CSP1_L_IUSA_DE,90500.046
2025-05-22 00:00:00+00:00,CSP1_L_IUSA_DE,89950.367
2025-05-23 00:00:00+00:00,CSP1_L_IUSA_DE,90007.097
2025-05-27 00:00:00+00:00,CSP1_L_IUSA_DE,89908.204
2025-05-28 00:00:00+00:00,CSP1_L_IUSA_DE,90042.202
2025-05-29 00:00:00+00:00,CSP1_L_IUSA_DE,90546.971
2025-05-30 00:00:00+00:00,CSP1_L_IUSA_DE,90323.212
2025-06-02 00:00:00+00:00,CSP1_L_IUSA_DE,90450.157
2025-06-03 00:00:00+00:00,CSP1_L_IUSA_DE,90230.85
2025-06-04 00:00:00+00:00,CSP1_L_IUSA_DE,90284.423
2025-06-05 00:00:00+00:00,CSP1_L_IUSA_DE,90335.817
2025-06-06 00:00:00+00:00,CSP1_L_IUSA_DE,90313.679
2025-06-09 00:00:00+00:00,CSP1_L_IUSA_DE,90309.459
2025-06-10 00:00:00+00:00,CSP1_L_IUSA_DE,90624.51
2025-06-11 00:00:00+00:00,CSP1_L_IUSA_DE,90899.667
2025-06-12 00:00:00+00:00,CSP1_L_IUSA_DE,91366.228
2025-06-13 00:00:00+00:00,CSP1_L_IUSA_DE,91285.342
2025-06-16 00:00:00+00:00,CSP1_L_IUSA_DE,91413.305
2025-06-17 00:00:00+00:00,CSP1_L_IUSA_DE,91472.247
2025-06-18 00:00:00+00:00,CSP1_L_IUSA_DE,91759.009
2025-06-19 00:00:00+00:00,CSP1_L_IUSA_DE,91543.083
2025-06-20 00:00:00+00:00,CSP1_L_IUSA_DE,91767.284
2025-06-23 00:00:00+00:00,CSP1_L_IUSA_DE,91715.138
2025-06-24 00:00:00+00:00,CSP1_L_IUSA_DE,91521.789
2025-06-25 00:00:00+00:00,CSP1_L_IUSA_DE,91491.803
2025-06-26 00:00:00+00:00,CSP1_L_IUSA_DE,91311.904
2025-06-27 00:00:00+00:00,CSP1_L_IUSA_DE,91551.982
2025-06-30 00:00:00+00:00,CSP1_L_IUSA_DE,91917.313
2025-07-01 00:00:00+00:00,CSP1_L_IUSA_DE,92102.134
2025-07-02 00:00:00+00:00,CSP1_L_IUSA_DE,92810.599
2025-07-03 00:00:00+00:00,CSP1_L_IUSA_DE,92389.477
2025-07-04 00:00:00+00:00,CSP1_L_IUSA_DE,92600.964
2025-07-07 00:00:00+00:00,CSP1_L_IUSA_DE,92224.842
2025-07-08 00:00:00+00:00,CSP1_L_IUSA_DE,92488.924
2025-07-09 00:00:00+00:00,CSP1_L_IUSA_DE,92407.968
2025-07-10 00:00:00+00:00,CSP1_L_IUSA_DE,92359.572
2025-07-11 00:00:00+00:00,CSP1_L_IUSA_DE,92917.045
2025-07-14 00:00:00+00:00,CSP1_L_IUSA_DE,93198.241
2025-07-15 00:00:00+00:00,CSP1_L_IUSA_DE,92968.532
2025-07-16 00:00:00+00:00,CSP1_L_IUSA_DE,93258.817
2025-07-17 00:00:00+00:00,CSP1_L_IUSA_DE,92694.563
2025-07-18 00:00:00+00:00,CSP1_L_IUSA_DE,92954.444
2025-07-21 00:00:00+00:00,CSP1_L_IUSA_DE,92984.759
2025-07-22 00:00:00+00:00,CSP1_L_IUSA_DE,93148.039
2025-07-23 00:00:00+00:00,CSP1_L_IUSA_DE,92732.568
2025-07-24 00:00:00+00:00,CSP1_L_IUSA_DE,93333.196
2025-07-25 00:00:00+00:00,CSP1_L_IUSA_DE,93669.408
2025-07-28 00:00:00+00:00,CSP1_L_IUSA_DE,92966.432
2025-07-29 00:00:00+00:00,CSP1_L_IUSA_DE,92774.773
2025-07-30 00:00:00+00:00,CSP1_L_IUSA_DE,92577.356
2025-07-31 00:00:00+00:00,CSP1_L_IUSA_DE,92697.423
2025-08-01 00:00:00+00:00,CSP1_L_IUSA_DE,93417.981
2025-08-04 00:00:00+00:00,CSP1_L_IUSA_DE,93329.562
2025-08-05 00:00:00+00:00,CSP1_L_IUSA_DE,93438.452
2025-08-06 00:00:00+00:00,CSP1_L_IUSA_DE,93538.292
2025-08-07 00:00:00+00:00,CSP1_L_IUSA_DE,93056.814
2025-08-08 00:00:00+00:00,CSP1_L_IUSA_DE,93007.367
2025-08-11 00:00:00+00:00,CSP1_L_IUSA_DE,92765.701
2025-08-12 00:00:00+00:00,CSP1_L_IUSA_DE,92732.885
2025-08-13 00:00:00+00:00,CSP1_L_IUSA_DE,92640.706
2025-08-14 00:00:00+00:00,CSP1_L_IUSA_DE,92256.832
2025-08-15 00:00:00+00:00,CSP1_L_IUSA_DE,92556.923
2025-08-18 00:00:00+00:00,CSP1_L_IUSA_DE,92594.562
2025-08-19 00:00:00+00:00,CSP1_L_IUSA_DE,92725.62
2025-08-20 00:00:00+00:00,CSP1_L_IUSA_DE,92850.082
2025-08-21 00:00:00+00:00,CSP1_L_IUSA_DE,92780.215
2025-08-22 00:00:00+00:00,CSP1_L_IUSA_DE,92851.924
2025-08-26 00:00:00+00:00,CSP1_L_IUSA_DE,92705.516
2025-08-27 00:00:00+00:00,CSP1_L_IUSA_DE,92472.885
2025-08-28 00:00:00+00:00,CSP1_L_IUSA_DE,92588.711
2025-08-29 00:00:00+00:00,CSP1_L_IUSA_DE,92875.647
2025-09-01 00:00:00+00:00,CSP1_L_IUSA_DE,92655.714
2025-09-02 00:00:00+00:00,CSP1_L_IUSA_DE,93476.23
2025-09-03 00:00:00+00:00,CSP1_L_IUSA_DE,93099.587
2025-09-04 00:00:00+00:00,CSP1_L_IUSA_DE,92990.905
2025-09-05 00:00:00+00:00,CSP1_L_IUSA_DE,93077.498
2025-09-08 00:00:00+00:00,CSP1_L_IUSA_DE,93049.636
2025-09-09 00:00:00+00:00,CSP1_L_IUSA_DE,92884.988
2025-09-10 00:00:00+00:00,CSP1_L_IUSA_DE,92850.664
2025-09-11 00:00:00+00:00,CSP1_L_IUSA_DE,92719.161
2025-09-12 00:00:00+00:00,CSP1_L_IUSA_DE,92746.8
2025-09-15 00:00:00+00:00,CSP1_L_IUSA_DE,92759.438
2025-09-16 00:00:00+00:00,CSP1_L_IUSA_DE,93077.728
2025-09-17 00:00:00+00:00,CSP1_L_IUSA_DE,92994.368
2025-09-18 00:00:00+00:00,CSP1_L_IUSA_DE,93217.308
2025-09-19 00:00:00+00:00,CSP1_L_IUSA_DE,93449.304
2025-09-22 00:00:00+00:00,CSP1_L_IUSA_DE,93547.866
2025-09-23 00:00:00+00:00,CSP1_L_IUSA_DE,93550.609
2025-09-24 00:00:00+00:00,CSP1_L_IUSA_DE,93622.282
2025-09-25 00:00:00+00:00,CSP1_L_IUSA_DE,93820.045
2025-09-26 00:00:00+00:00,CSP1_L_IUSA_DE,93566.393
2025-09-29 00:00:00+00:00,CSP1_L_IUSA_DE,93721.674
2025-09-30 00:00:00+00:00,CSP1_L_IUSA_DE,93632.94
2025-10-01 00:00:00+00:00,CSP1_L_IUSA_DE,93292.241
2025-10-02 00:00:00+00:00,CSP1_L_IUSA_DE,93520.452
2025-10-03 00:00:00+00:00,CSP1_L_IUSA_DE,93407.151
2025-10-07 00:00:00+00:00,CSP1_L_IUSA_DE,93419.964
2023-10-09 00:00:00+00:00,SWDA_L_EUNL_DE,8530.682
2023-10-10 00:00:00+00:00,SWDA_L_EUNL_DE,8544.824
2023-10-11 00:00:00+00:00,SWDA_L_EUNL_DE,8533.297
2023-10-12 00:00:00+00:00,SWDA_L_EUNL_DE,8541.471
2023-10-13 00:00:00+00:00,SWDA_L_EUNL_DE,8552.759
2023-10-16 00:00:00+00:00,SWDA_L_EUNL_DE,8548.78
2023-10-17 00:00:00+00:00,SWDA_L_EUNL_DE,8577.21
2023-10-18 00:00:00+00:00,SWDA_L_EUNL_DE,8570.602
2023-10-19 00:00:00+00:00,SWDA_L_EUNL_DE,8612.941
2023-10-20 00:00:00+00:00,SWDA_L_EUNL_DE,8613.539
2023-10-23 00:00:00+00:00,SWDA_L_EUNL_DE,8599.417
2023-10-24 00:00:00+00:00,SWDA_L_EUNL_DE,8606.079
2023-10-25 00:00:00+00:00,SWDA_L_EUNL_DE,8621.688
2023-10-26 00:00:00+00:00,SWDA_L_EUNL_DE,8592.038
2023-10-27 00:00:00+00:00,SWDA_L_EUNL_DE,8618.65
2023-10-30 00:00:00+00:00,SWDA_L_EUNL_DE,8631.789
2023-10-31 00:00:00+00:00,SWDA_L_EUNL_DE,8612.842
2023-11-01 00:00:00+00:00,SWDA_L_EUNL_DE,8591.275
2023-11-02 00:00:00+00:00,SWDA_L_EUNL_DE,8613.416
2023-11-03 00:00:00+00:00,SWDA_L_EUNL_DE,8566.883
2023-11-06 00:00:00+00:00,SWDA_L_EUNL_DE,8574.241
2023-11-07 00:00:00+00:00,SWDA_L_EUNL_DE,8585.41
2023-11-08 00:00:00+00:00,SWDA_L_EUNL_DE,8606.5
2023-11-09 00:00:00+00:00,SWDA_L_EUNL_DE,8626.873
2023-11-10 00:00:00+00:00,SWDA_L_EUNL_DE,8644.749
2023-11-13 00:00:00+00:00,SWDA_L_EUNL_DE,8624.66
2023-11-14 00:00:00+00:00,SWDA_L_EUNL_DE,8600.88
2023-11-15 00:00:00+00:00,SWDA_L_EUNL_DE,8632.466
2023-11-16 00:00:00+00:00,SWDA_L_EUNL_DE,8642.658
2023-11-17 00:00:00+00:00,SWDA_L_EUNL_DE,8652.395
2023-11-20 00:00:00+00:00,SWDA_L_EUNL_DE,8660.056
2023-11-21 00:00:00+00:00,SWDA_L_EUNL_DE,8623.394
2023-11-22 00:00:00+00:00,SWDA_L_EUNL_DE,8624.756
2023-11-23 00:00:00+00:00,SWDA_L_EUNL_DE,8599.01
2023-11-24 00:00:00+00:00,SWDA_L_EUNL_DE,8570.092
2023-11-27 00:00:00+00:00,SWDA_L_EUNL_DE,8573.34
2023-11-28 00:00:00+00:00,SWDA_L_EUNL_DE,8563.593
2023-11-29 00:00:00+00:00,SWDA_L_EUNL_DE,8548.223
2023-11-30 00:00:00+00:00,SWDA_L_EUNL_DE,8524.357
2023-12-01 00:00:00+00:00,SWDA_L_EUNL_DE,8478.265
2023-12-04 00:00:00+00:00,SWDA_L_EUNL_DE,8463.231
2023-12-05 00:00:00+00:00,SWDA_L_EUNL_DE,8497.058
2023-12-06 00:00:00+00:00,SWDA_L_EUNL_DE,8519.61
2023-12-07 00:00:00+00:00,SWDA_L_EUNL_DE,8480.493
2023-12-08 00:00:00+00:00,SWDA_L_EUNL_DE,8476.146
2023-12-11 00:00:00+00:00,SWDA_L_EUNL_DE,8466.675
2023-12-12 00:00:00+00:00,SWDA_L_EUNL_DE,8498.121
2023-12-13 00:00:00+00:00,SWDA_L_EUNL_DE,8512.223
2023-12-14 00:00:00+00:00,SWDA_L_EUNL_DE,8512.216
2023-12-15 00:00:00+00:00,SWDA_L_EUNL_DE,8495.447
2023-12-18 00:00:00+00:00,SWDA_L_EUNL_DE,8533.137
2023-12-19 00:00:00+00:00,SWDA_L_EUNL_DE,8508.614
2023-12-20 00:00:00+00:00,SWDA_L_EUNL_DE,8552.586
2023-12-21 00:00:00+00:00,SWDA_L_EUNL_DE,8576.665
2023-12-22 00:00:00+00:00,SWDA_L_EUNL_DE,8528.885
2023-12-27 00:00:00+00:00,SWDA_L_EUNL_DE,8578.874
2023-12-28 00:00:00+00:00,SWDA_L_EUNL_DE,8592.95
2023-12-29 00:00:00+00:00,SWDA_L_EUNL_DE,8579.796
2024-01-02 00:00:00+00:00,SWDA_L_EUNL_DE,8578.359
2024-01-03 00:00:00+00:00,SWDA_L_EUNL_DE,8531.265
2024-01-04 00:00:00+00:00,SWDA_L_EUNL_DE,8532.241
2024-01-05 00:00:00+00:00,SWDA_L_EUNL_DE,8506.116
2024-01-08 00:00:00+00:00,SWDA_L_EUNL_DE,8501.506
2024-01-09 00:00:00+00:00,SWDA_L_EUNL_DE,8496.917
2024-01-10 00:00:00+00:00,SWDA_L_EUNL_DE,8509.103
2024-01-11 00:00:00+00:00,SWDA_L_EUNL_DE,8515.523
2024-01-12 00:00:00+00:00,SWDA_L_EUNL_DE,8497.794
2024-01-15 00:00:00+00:00,SWDA_L_EUNL_DE,8495.789
2024-01-16 00:00:00+00:00,SWDA_L_EUNL_DE,8494.296
2024-01-17 00:00:00+00:00,SWDA_L_EUNL_DE,8469.417
2024-01-18 00:00:00+00:00,SWDA_L_EUNL_DE,8467.456
2024-01-19 00:00:00+00:00,SWDA_L_EUNL_DE,8493.562
2024-01-22 00:00:00+00:00,SWDA_L_EUNL_DE,8462.411
2024-01-23 00:00:00+00:00,SWDA_L_EUNL_DE,8454.979
2024-01-24 00:00:00+00:00,SWDA_L_EUNL_DE,8451.822
2024-01-25 00:00:00+00:00,SWDA_L_EUNL_DE,8431.442
2024-01-26 00:00:00+00:00,SWDA_L_EUNL_DE,8443.447
2024-01-29 00:00:00+00:00,SWDA_L_EUNL_DE,8423.034
2024-01-30 00:00:00+00:00,SWDA_L_EUNL_DE,8457.8
2024-01-31 00:00:00+00:00,SWDA_L_EUNL_DE,8429.702
2024-02-01 00:00:00+00:00,SWDA_L_EUNL_DE,8438.198
2024-02-02 00:00:00+00:00,SWDA_L_EUNL_DE,8435.707
2024-02-05 00:00:00+00:00,SWDA_L_EUNL_DE,8464.1
2024-02-06 00:00:00+00:00,SWDA_L_EUNL_DE,8437.291
2024-02-07 00:00:00+00:00,SWDA_L_EUNL_DE,8425.648
2024-02-08 00:00:00+00:00,SWDA_L_EUNL_DE,8435.939
2024-02-09 00:00:00+00:00,SWDA_L_EUNL_DE,8438.493
2024-02-12 00:00:00+00:00,SWDA_L_EUNL_DE,8435.249
2024-02-13 00:00:00+00:00,SWDA_L_EUNL_DE,8403.064
2024-02-14 00:00:00+00:00,SWDA_L_EUNL_DE,8445.199
2024-02-15 00:00:00+00:00,SWDA_L_EUNL_DE,8451.969
2024-02-16 00:00:00+00:00,SWDA_L_EUNL_DE,8457.552
2024-02-19 00:00:00+00:00,SWDA_L_EUNL_DE,8454.751
2024-02-20 00:00:00+00:00,SWDA_L_EUNL_DE,8455.076
2024-02-21 00:00:00+00:00,SWDA_L_EUNL_DE,8467.649
2024-02-22 00:00:00+00:00,SWDA_L_EUNL_DE,8458.221
2024-02-23 00:00:00+00:00,SWDA_L_EUNL_DE,8439.428
2024-02-26 00:00:00+00:00,SWDA_L_EUNL_DE,8460.881
2024-02-27 00:00:00+00:00,SWDA_L_EUNL_DE,8456.058
2024-02-28 00:00:00+00:00,SWDA_L_EUNL_DE,8461.262
2024-02-29 00:00:00+00:00,SWDA_L_EUNL_DE,8453.482
2024-03-01 00:00:00+00:00,SWDA_L_EUNL_DE,8465.701
2024-03-04 00:00:00+00:00,SWDA_L_EUNL_DE,8456.042
2024-03-05 00:00:00+00:00,SWDA_L_EUNL_DE,8441.813
2024-03-06 00:00:00+00:00,SWDA_L_EUNL_DE,8447.385
2024-03-07 00:00:00+00:00,SWDA_L_EUNL_DE,8447.066
2024-03-08 00:00:00+00:00,SWDA_L_EUNL_DE,8411.045
2024-03-11 00:00:00+00:00,SWDA_L_EUNL_DE,8431.643
2024-03-12 00:00:00+00:00,SWDA_L_EUNL_DE,8446.308
2024-03-13 00:00:00+00:00,SWDA_L_EUNL_DE,8451.45
2024-03-14 00:00:00+00:00,SWDA_L_EUNL_DE,8437.241
2024-03-15 00:00:00+00:00,SWDA_L_EUNL_DE,8448.696
2024-03-18 00:00:00+00:00,SWDA_L_EUNL_DE,8441.742
2024-03-19 00:00:00+00:00,SWDA_L_EUNL_DE,8434.733
2024-03-20 00:00:00+00:00,SWDA_L_EUNL_DE,8436.721
2024-03-21 00:00:00+00:00,SWDA_L_EUNL_DE,8474.128
2024-03-22 00:00:00+00:00,SWDA_L_EUNL_DE,8479.342
2024-03-25 00:00:00+00:00,SWDA_L_EUNL_DE,8471.822
2024-03-26 00:00:00+00:00,SWDA_L_EUNL_DE,8473.848
2024-03-27 00:00:00+00:00,SWDA_L_EUNL_DE,8468.882
2024-03-28 00:00:00+00:00,SWDA_L_EUNL_DE,8444.373
2024-04-02 00:00:00+00:00,SWDA_L_EUNL_DE,8463.962
2024-04-03 00:00:00+00:00,SWDA_L_EUNL_DE,8471.649
2024-04-04 00:00:00+00:00,SWDA_L_EUNL_DE,8478.064
2024-04-05 00:00:00+00:00,SWDA_L_EUNL_DE,8477.698
2024-04-08 00:00:00+00:00,SWDA_L_EUNL_DE,8476.549
2024-04-09 00:00:00+00:00,SWDA_L_EUNL_DE,8467.184
2024-04-10 00:00:00+00:00,SWDA_L_EUNL_DE,8457.251
2024-04-11 00:00:00+00:00,SWDA_L_EUNL_DE,8451.904
2024-04-12 00:00:00+00:00,SWDA_L_EUNL_DE,8447.215
2024-04-15 00:00:00+00:00,SWDA_L_EUNL_DE,8436.263
2024-04-16 00:00:00+00:00,SWDA_L_EUNL_DE,8449.844
2024-04-17 00:00:00+00:00,SWDA_L_EUNL_DE,8449.889
2024-04-18 00:00:00+00:00,SWDA_L_EUNL_DE,8454.953
2024-04-19 00:00:00+00:00,SWDA_L_EUNL_DE,8494.831
2024-04-22 00:00:00+00:00,SWDA_L_EUNL_DE,8528.619
2024-04-23 00:00:00+00:00,SWDA_L_EUNL_DE,8496.778
2024-04-24 00:00:00+00:00,SWDA_L_EUNL_DE,8499.368
2024-04-25 00:00:00+00:00,SWDA_L_EUNL_DE,8478.426
2024-04-26 00:00:00+00:00,SWDA_L_EUNL_DE,8468.661
2024-04-29 00:00:00+00:00,SWDA_L_EUNL_DE,8439.844
2024-04-30 00:00:00+00:00,SWDA_L_EUNL_DE,8432.42
2024-05-02 00:00:00+00:00,SWDA_L_EUNL_DE,8461.143
2024-05-03 00:00:00+00:00,SWDA_L_EUNL_DE,8482.264
2024-05-07 00:00:00+00:00,SWDA_L_EUNL_DE,8487.514
2024-05-08 00:00:00+00:00,SWDA_L_EUNL_DE,8504.043
2024-05-09 00:00:00+00:00,SWDA_L_EUNL_DE,8512.026
2024-05-10 00:00:00+00:00,SWDA_L_EUNL_DE,8506.02
2024-05-13 00:00:00+00:00,SWDA_L_EUNL_DE,8497.805
2024-05-14 00:00:00+00:00,SWDA_L_EUNL_DE,8493.031
2024-05-15 00:00:00+00:00,SWDA_L_EUNL_DE,8480.815
2024-05-16 00:00:00+00:00,SWDA_L_EUNL_DE,8480.747
2024-05-17 00:00:00+00:00,SWDA_L_EUNL_DE,8460.028
2024-05-20 00:00:00+00:00,SWDA_L_EUNL_DE,8448.08
2024-05-21 00:00:00+00:00,SWDA_L_EUNL_DE,8437.193
2024-05-22 00:00:00+00:00,SWDA_L_EUNL_DE,8416.698
2024-05-23 00:00:00+00:00,SWDA_L_EUNL_DE,8415.359
2024-05-24 00:00:00+00:00,SWDA_L_EUNL_DE,8419.492
2024-05-28 00:00:00+00:00,SWDA_L_EUNL_DE,8410.893
2024-05-29 00:00:00+00:00,SWDA_L_EUNL_DE,8406.455
2024-05-30 00:00:00+00:00,SWDA_L_EUNL_DE,8409.962
2024-05-31 00:00:00+00:00,SWDA_L_EUNL_DE,8422.364
2024-06-03 00:00:00+00:00,SWDA_L_EUNL_DE,8407.077
2024-06-04 00:00:00+00:00,SWDA_L_EUNL_DE,8411.618
2024-06-05 00:00:00+00:00,SWDA_L_EUNL_DE,8408.355
2024-06-06 00:00:00+00:00,SWDA_L_EUNL_DE,8410.294
2024-06-07 00:00:00+00:00,SWDA_L_EUNL_DE,8392.35
2024-06-10 00:00:00+00:00,SWDA_L_EUNL_DE,8341.058
2024-06-11 00:00:00+00:00,SWDA_L_EUNL_DE,8336.964
2024-06-12 00:00:00+00:00,SWDA_L_EUNL_DE,8350.945
2024-06-13 00:00:00+00:00,SWDA_L_EUNL_DE,8333.209
2024-06-14 00:00:00+00:00,SWDA_L_EUNL_DE,8334.683
2024-06-17 00:00:00+00:00,SWDA_L_EUNL_DE,8350.615
2024-06-18 00:00:00+00:00,SWDA_L_EUNL_DE,8360.156
2024-06-19 00:00:00+00:00,SWDA_L_EUNL_DE,8343.122
2024-06-20 00:00:00+00:00,SWDA_L_EUNL_DE,8357.398
2024-06-21 00:00:00+00:00,SWDA_L_EUNL_DE,8358.0
2024-06-24 00:00:00+00:00,SWDA_L_EUNL_DE,8353.404
2024-06-25 00:00:00+00:00,SWDA_L_EUNL_DE,8348.417
2024-06-26 00:00:00+00:00,SWDA_L_EUNL_DE,8357.177
2024-06-27 00:00:00+00:00,SWDA_L_EUNL_DE,8365.011
2024-06-28 00:00:00+00:00,SWDA_L_EUNL_DE,8380.239
2024-07-01 00:00:00+00:00,SWDA_L_EUNL_DE,8384.586
2024-07-02 00:00:00+00:00,SWDA_L_EUNL_DE,8364.621
2024-07-03 00:00:00+00:00,SWDA_L_EUNL_DE,8360.924
2024-07-04 00:00:00+00:00,SWDA_L_EUNL_DE,8371.322
2024-07-05 00:00:00+00:00,SWDA_L_EUNL_DE,8355.196
2024-07-08 00:00:00+00:00,SWDA_L_EUNL_DE,8345.366
2024-07-09 00:00:00+00:00,SWDA_L_EUNL_DE,8354.091
2024-07-10 00:00:00+00:00,SWDA_L_EUNL_DE,8331.401
2024-07-11 00:00:00+00:00,SWDA_L_EUNL_DE,8315.046
2024-07-12 00:00:00+00:00,SWDA_L_EUNL_DE,8296.994
2024-07-15 00:00:00+00:00,SWDA_L_EUNL_DE,8302.864
2024-07-16 00:00:00+00:00,SWDA_L_EUNL_DE,8301.045
2024-07-17 00:00:00+00:00,SWDA_L_EUNL_DE,8305.421
2024-07-18 00:00:00+00:00,SWDA_L_EUNL_DE,8311.456
2024-07-19 00:00:00+00:00,SWDA_L_EUNL_DE,8331.04
2024-07-22 00:00:00+00:00,SWDA_L_EUNL_DE,8325.473
2024-07-23 00:00:00+00:00,SWDA_L_EUNL_DE,8307.718
2024-07-24 00:00:00+00:00,SWDA_L_EUNL_DE,8301.922
2024-07-25 00:00:00+00:00,SWDA_L_EUNL_DE,8329.002
2024-07-26 00:00:00+00:00,SWDA_L_EUNL_DE,8343.055
2024-07-29 00:00:00+00:00,SWDA_L_EUNL_DE,8331.997
2024-07-30 00:00:00+00:00,SWDA_L_EUNL_DE,8323.618
2024-07-31 00:00:00+00:00,SWDA_L_EUNL_DE,8332.067
2024-08-01 00:00:00+00:00,SWDA_L_EUNL_DE,8352.525
2024-08-02 00:00:00+00:00,SWDA_L_EUNL_DE,8422.226
2024-08-05 00:00:00+00:00,SWDA_L_EUNL_DE,8489.254
2024-08-06 00:00:00+00:00,SWDA_L_EUNL_DE,8510.962
2024-08-07 00:00:00+00:00,SWDA_L_EUNL_DE,8490.493
2024-08-08 00:00:00+00:00,SWDA_L_EUNL_DE,8471.996
2024-08-09 00:00:00+00:00,SWDA_L_EUNL_DE,8456.767
2024-08-12 00:00:00+00:00,SWDA_L_EUNL_DE,8461.118
2024-08-13 00:00:00+00:00,SWDA_L_EUNL_DE,8438.97
2024-08-14 00:00:00+00:00,SWDA_L_EUNL_DE,8482.324
2024-08-15 00:00:00+00:00,SWDA_L_EUNL_DE,8440.429
2024-08-16 00:00:00+00:00,SWDA_L_EUNL_DE,8419.755
2024-08-19 00:00:00+00:00,SWDA_L_EUNL_DE,8421.04
2024-08-20 00:00:00+00:00,SWDA_L_EUNL_DE,8424.792
2024-08-21 00:00:00+00:00,SWDA_L_EUNL_DE,8418.432
2024-08-22 00:00:00+00:00,SWDA_L_EUNL_DE,8385.607
2024-08-23 00:00:00+00:00,SWDA_L_EUNL_DE,8367.033
2024-08-27 00:00:00+00:00,SWDA_L_EUNL_DE,8335.394
2024-08-28 00:00:00+00:00,SWDA_L_EUNL_DE,8324.287
2024-08-29 00:00:00+00:00,SWDA_L_EUNL_DE,8313.487
2024-08-30 00:00:00+00:00,SWDA_L_EUNL_DE,8316.726
2024-09-02 00:00:00+00:00,SWDA_L_EUNL_DE,8317.973
2024-09-03 00:00:00+00:00,SWDA_L_EUNL_DE,8323.718
2024-09-04 00:00:00+00:00,SWDA_L_EUNL_DE,8325.004
2024-09-05 00:00:00+00:00,SWDA_L_EUNL_DE,8321.834
2024-09-06 00:00:00+00:00,SWDA_L_EUNL_DE,8332.317
2024-09-09 00:00:00+00:00,SWDA_L_EUNL_DE,8340.328
2024-09-10 00:00:00+00:00,SWDA_L_EUNL_DE,8338.696
2024-09-11 00:00:00+00:00,SWDA_L_EUNL_DE,8350.339
2024-09-12 00:00:00+00:00,SWDA_L_EUNL_DE,8336.724
2024-09-13 00:00:00+00:00,SWDA_L_EUNL_DE,8332.822
2024-09-16 00:00:00+00:00,SWDA_L_EUNL_DE,8326.586
2024-09-17 00:00:00+00:00,SWDA_L_EUNL_DE,8342.637
2024-09-18 00:00:00+00:00,SWDA_L_EUNL_DE,8319.796
2024-09-19 00:00:00+00:00,SWDA_L_EUNL_DE,8295.141
2024-09-20 00:00:00+00:00,SWDA_L_EUNL_DE,8292.584
2024-09-23 00:00:00+00:00,SWDA_L_EUNL_DE,8235.416
2024-09-24 00:00:00+00:00,SWDA_L_EUNL_DE,8234.548
2024-09-25 00:00:00+00:00,SWDA_L_EUNL_DE,8254.322
2024-09-26 00:00:00+00:00,SWDA_L_EUNL_DE,8231.603
2024-09-27 00:00:00+00:00,SWDA_L_EUNL_DE,8233.161
2024-09-30 00:00:00+00:00,SWDA_L_EUNL_DE,8215.697
2024-10-01 00:00:00+00:00,SWDA_L_EUNL_DE,8234.196
2024-10-02 00:00:00+00:00,SWDA_L_EUNL_DE,8224.046
2024-10-03 00:00:00+00:00,SWDA_L_EUNL_DE,8297.617
2024-10-04 00:00:00+00:00,SWDA_L_EUNL_DE,8269.648
2024-10-07 00:00:00+00:00,SWDA_L_EUNL_DE,8290.032
2024-10-08 00:00:00+00:00,SWDA_L_EUNL_DE,8278.972
2024-10-09 00:00:00+00:00,SWDA_L_EUNL_DE,8269.959
2024-10-10 00:00:00+00:00,SWDA_L_EUNL_DE,8275.655
2024-10-11 00:00:00+00:00,SWDA_L_EUNL_DE,8274.823
2024-10-14 00:00:00+00:00,SWDA_L_EUNL_DE,8256.585
2024-10-15 00:00:00+00:00,SWDA_L_EUNL_DE,8228.471
2024-10-16 00:00:00+00:00,SWDA_L_EUNL_DE,8262.019
2024-10-17 00:00:00+00:00,SWDA_L_EUNL_DE,8231.255
2024-10-18 00:00:00+00:00,SWDA_L_EUNL_DE,8228.006
2024-10-21 00:00:00+00:00,SWDA_L_EUNL_DE,8236.341
2024-10-22 00:00:00+00:00,SWDA_L_EUNL_DE,8231.498
2024-10-23 00:00:00+00:00,SWDA_L_EUNL_DE,8225.463
2024-10-24 00:00:00+00:00,SWDA_L_EUNL_DE,8232.663
2024-10-25 00:00:00+00:00,SWDA_L_EUNL_DE,8233.668
2024-10-28 00:00:00+00:00,SWDA_L_EUNL_DE,8234.671
2024-10-29 00:00:00+00:00,SWDA_L_EUNL_DE,8209.944
2024-10-30 00:00:00+00:00,SWDA_L_EUNL_DE,8252.642
2024-10-31 00:00:00+00:00,SWDA_L_EUNL_DE,8335.822
2024-11-01 00:00:00+00:00,SWDA_L_EUNL_DE,8276.91
2024-11-04 00:00:00+00:00,SWDA_L_EUNL_DE,8306.852
2024-11-05 00:00:00+00:00,SWDA_L_EUNL_DE,8290.331
2024-11-06 00:00:00+00:00,SWDA_L_EUNL_DE,8225.662
2024-11-07 00:00:00+00:00,SWDA_L_EUNL_DE,8212.915
2024-11-08 00:00:00+00:00,SWDA_L_EUNL_DE,8196.614
2024-11-11 00:00:00+00:00,SWDA_L_EUNL_DE,8170.931
2024-11-12 00:00:00+00:00,SWDA_L_EUNL_DE,8216.851
2024-11-13 00:00:00+00:00,SWDA_L_EUNL_DE,8208.138
2024-11-14 00:00:00+00:00,SWDA_L_EUNL_DE,8219.072
2024-11-15 00:00:00+00:00,SWDA_L_EUNL_DE,8255.131
2024-11-18 00:00:00+00:00,SWDA_L_EUNL_DE,8257.83
2024-11-19 00:00:00+00:00,SWDA_L_EUNL_DE,8247.018
2024-11-20 00:00:00+00:00,SWDA_L_EUNL_DE,8220.633
2024-11-21 00:00:00+00:00,SWDA_L_EUNL_DE,8228.188
2024-11-22 00:00:00+00:00,SWDA_L_EUNL_DE,8212.202
2024-11-25 00:00:00+00:00,SWDA_L_EUNL_DE,8253.003
2024-11-26 00:00:00+00:00,SWDA_L_EUNL_DE,8248.44
2024-11-27 00:00:00+00:00,SWDA_L_EUNL_DE,8234.616
2024-11-28 00:00:00+00:00,SWDA_L_EUNL_DE,8221.364
2024-11-29 00:00:00+00:00,SWDA_L_EUNL_DE,8207.333
2024-12-02 00:00:00+00:00,SWDA_L_EUNL_DE,8196.675
2024-12-03 00:00:00+00:00,SWDA_L_EUNL_DE,8199.726
2024-12-04 00:00:00+00:00,SWDA_L_EUNL_DE,8179.311
2024-12-05 00:00:00+00:00,SWDA_L_EUNL_DE,8189.48
2024-12-06 00:00:00+00:00,SWDA_L_EUNL_DE,8190.288
2024-12-09 00:00:00+00:00,SWDA_L_EUNL_DE,8173.804
2024-12-10 00:00:00+00:00,SWDA_L_EUNL_DE,8139.8
2024-12-11 00:00:00+00:00,SWDA_L_EUNL_DE,8130.704
2024-12-12 00:00:00+00:00,SWDA_L_EUNL_DE,8167.282
2024-12-13 00:00:00+00:00,SWDA_L_EUNL_DE,8205.791
2024-12-16 00:00:00+00:00,SWDA_L_EUNL_DE,8173.939
2024-12-17 00:00:00+00:00,SWDA_L_EUNL_DE,8158.994
2024-12-18 00:00:00+00:00,SWDA_L_EUNL_DE,8152.827
2024-12-19 00:00:00+00:00,SWDA_L_EUNL_DE,8165.949
2024-12-20 00:00:00+00:00,SWDA_L_EUNL_DE,8176.094
2024-12-23 00:00:00+00:00,SWDA_L_EUNL_DE,8208.654
2024-12-27 00:00:00+00:00,SWDA_L_EUNL_DE,8181.37
2024-12-30 00:00:00+00:00,SWDA_L_EUNL_DE,8224.163
2025-01-02 00:00:00+00:00,SWDA_L_EUNL_DE,8183.586
2025-01-03 00:00:00+00:00,SWDA_L_EUNL_DE,8188.485
2025-01-06 00:00:00+00:00,SWDA_L_EUNL_DE,8201.815
2025-01-07 00:00:00+00:00,SWDA_L_EUNL_DE,8203.414
2025-01-08 00:00:00+00:00,SWDA_L_EUNL_DE,8239.36
2025-01-09 00:00:00+00:00,SWDA_L_EUNL_DE,8275.719
2025-01-10 00:00:00+00:00,SWDA_L_EUNL_DE,8292.146
2025-01-13 00:00:00+00:00,SWDA_L_EUNL_DE,8288.213
2025-01-14 00:00:00+00:00,SWDA_L_EUNL_DE,8338.238
2025-01-15 00:00:00+00:00,SWDA_L_EUNL_DE,8309.824
2025-01-16 00:00:00+00:00,SWDA_L_EUNL_DE,8317.62
2025-01-17 00:00:00+00:00,SWDA_L_EUNL_DE,8348.526
2025-01-20 00:00:00+00:00,SWDA_L_EUNL_DE,8352.667
2025-01-21 00:00:00+00:00,SWDA_L_EUNL_DE,8353.143
2025-01-22 00:00:00+00:00,SWDA_L_EUNL_DE,8353.608
2025-01-23 00:00:00+00:00,SWDA_L_EUNL_DE,8330.861
2025-01-24 00:00:00+00:00,SWDA_L_EUNL_DE,8318.664
2025-01-27 00:00:00+00:00,SWDA_L_EUNL_DE,8313.491
2025-01-28 00:00:00+00:00,SWDA_L_EUNL_DE,8287.279
2025-01-29 00:00:00+00:00,SWDA_L_EUNL_DE,8277.253
2025-01-30 00:00:00+00:00,SWDA_L_EUNL_DE,8264.451
2025-01-31 00:00:00+00:00,SWDA_L_EUNL_DE,8258.292
2025-02-03 00:00:00+00:00,SWDA_L_EUNL_DE,8201.851
2025-02-04 00:00:00+00:00,SWDA_L_EUNL_DE,8213.821
2025-02-05 00:00:00+00:00,SWDA_L_EUNL_DE,8221.256
2025-02-06 00:00:00+00:00,SWDA_L_EUNL_DE,8240.115
2025-02-07 00:00:00+00:00,SWDA_L_EUNL_DE,8239.282
2025-02-10 00:00:00+00:00,SWDA_L_EUNL_DE,8224.812
2025-02-11 00:00:00+00:00,SWDA_L_EUNL_DE,8228.716
2025-02-12 00:00:00+00:00,SWDA_L_EUNL_DE,8246.815
2025-02-13 00:00:00+00:00,SWDA_L_EUNL_DE,8228.014
2025-02-14 00:00:00+00:00,SWDA_L_EUNL_DE,8227.616
2025-02-17 00:00:00+00:00,SWDA_L_EUNL_DE,8211.58
2025-02-18 00:00:00+00:00,SWDA_L_EUNL_DE,8190.929
2025-02-19 00:00:00+00:00,SWDA_L_EUNL_DE,8178.27
2025-02-20 00:00:00+00:00,SWDA_L_EUNL_DE,8193.034
2025-02-21 00:00:00+00:00,SWDA_L_EUNL_DE,8169.819
2025-02-24 00:00:00+00:00,SWDA_L_EUNL_DE,8181.777
2025-02-25 00:00:00+00:00,SWDA_L_EUNL_DE,8199.138
2025-02-26 00:00:00+00:00,SWDA_L_EUNL_DE,8178.034
2025-02-27 00:00:00+00:00,SWDA_L_EUNL_DE,8137.253
2025-02-28 00:00:00+00:00,SWDA_L_EUNL_DE,8159.654
2025-03-03 00:00:00+00:00,SWDA_L_EUNL_DE,8157.458
2025-03-04 00:00:00+00:00,SWDA_L_EUNL_DE,8170.875
2025-03-05 00:00:00+00:00,SWDA_L_EUNL_DE,8270.131
2025-03-06 00:00:00+00:00,SWDA_L_EUNL_DE,8306.041
2025-03-07 00:00:00+00:00,SWDA_L_EUNL_DE,8300.573
2025-03-10 00:00:00+00:00,SWDA_L_EUNL_DE,8310.246
2025-03-11 00:00:00+00:00,SWDA_L_EUNL_DE,8334.072
2025-03-12 00:00:00+00:00,SWDA_L_EUNL_DE,8305.863
2025-03-13 00:00:00+00:00,SWDA_L_EUNL_DE,8279.149
2025-03-14 00:00:00+00:00,SWDA_L_EUNL_DE,8319.321
2025-03-17 00:00:00+00:00,SWDA_L_EUNL_DE,8306.954
2025-03-18 00:00:00+00:00,SWDA_L_EUNL_DE,8315.771
2025-03-19 00:00:00+00:00,SWDA_L_EUNL_DE,8289.975
2025-03-20 00:00:00+00:00,SWDA_L_EUNL_DE,8263.567
2025-03-21 00:00:00+00:00,SWDA_L_EUNL_DE,8283.549
2025-03-24 00:00:00+00:00,SWDA_L_EUNL_DE,8263.131
2025-03-25 00:00:00+00:00,SWDA_L_EUNL_DE,8245.313
2025-03-26 00:00:00+00:00,SWDA_L_EUNL_DE,8267.286
2025-03-27 00:00:00+00:00,SWDA_L_EUNL_DE,8228.33
2025-03-28 00:00:00+00:00,SWDA_L_EUNL_DE,8267.41
2025-03-31 00:00:00+00:00,SWDA_L_EUNL_DE,8264.033
2025-04-01 00:00:00+00:00,SWDA_L_EUNL_DE,8267.231
2025-04-02 00:00:00+00:00,SWDA_L_EUNL_DE,8276.084
2025-04-03 00:00:00+00:00,SWDA_L_EUNL_DE,8332.355
2025-04-04 00:00:00+00:00,SWDA_L_EUNL_DE,8400.842
2025-04-07 00:00:00+00:00,SWDA_L_EUNL_DE,8457.883
2025-04-08 00:00:00+00:00,SWDA_L_EUNL_DE,8445.605
2025-04-09 00:00:00+00:00,SWDA_L_EUNL_DE,8570.486
2025-04-10 00:00:00+00:00,SWDA_L_EUNL_DE,8544.385
2025-04-11 00:00:00+00:00,SWDA_L_EUNL_DE,8580.706
2025-04-14 00:00:00+00:00,SWDA_L_EUNL_DE,8524.892
2025-04-15 00:00:00+00:00,SWDA_L_EUNL_DE,8442.549
2025-04-16 00:00:00+00:00,SWDA_L_EUNL_DE,8483.853
2025-04-17 00:00:00+00:00,SWDA_L_EUNL_DE,8479.53
2025-04-22 00:00:00+00:00,SWDA_L_EUNL_DE,8484.055
2025-04-23 00:00:00+00:00,SWDA_L_EUNL_DE,8472.212
2025-04-24 00:00:00+00:00,SWDA_L_EUNL_DE,8441.413
2025-04-25 00:00:00+00:00,SWDA_L_EUNL_DE,8445.009
2025-04-28 00:00:00+00:00,SWDA_L_EUNL_DE,8398.758
2025-04-29 00:00:00+00:00,SWDA_L_EUNL_DE,8398.313
2025-04-30 00:00:00+00:00,SWDA_L_EUNL_DE,8388.646
2025-05-02 00:00:00+00:00,SWDA_L_EUNL_DE,8427.099
2025-05-06 00:00:00+00:00,SWDA_L_EUNL_DE,8388.665
2025-05-07 00:00:00+00:00,SWDA_L_EUNL_DE,8400.833
2025-05-08 00:00:00+00:00,SWDA_L_EUNL_DE,8371.868
2025-05-09 00:00:00+00:00,SWDA_L_EUNL_DE,8364.669
2025-05-12 00:00:00+00:00,SWDA_L_EUNL_DE,8308.387
2025-05-13 00:00:00+00:00,SWDA_L_EUNL_DE,8319.423
2025-05-14 00:00:00+00:00,SWDA_L_EUNL_DE,8325.143
2025-05-15 00:00:00+00:00,SWDA_L_EUNL_DE,8315.486
2025-05-16 00:00:00+00:00,SWDA_L_EUNL_DE,8304.735
2025-05-19 00:00:00+00:00,SWDA_L_EUNL_DE,8316.438
2025-05-20 00:00:00+00:00,SWDA_L_EUNL_DE,8320.634
2025-05-21 00:00:00+00:00,SWDA_L_EUNL_DE,8335.546
2025-05-22 00:00:00+00:00,SWDA_L_EUNL_DE,8300.291
2025-05-23 00:00:00+00:00,SWDA_L_EUNL_DE,8297.142
2025-05-27 00:00:00+00:00,SWDA_L_EUNL_DE,8288.191
2025-05-28 00:00:00+00:00,SWDA_L_EUNL_DE,8291.819
2025-05-29 00:00:00+00:00,SWDA_L_EUNL_DE,8321.784
2025-05-30 00:00:00+00:00,SWDA_L_EUNL_DE,8319.261
2025-06-02 00:00:00+00:00,SWDA_L_EUNL_DE,8330.262
2025-06-03 00:00:00+00:00,SWDA_L_EUNL_DE,8313.531
2025-06-04 00:00:00+00:00,SWDA_L_EUNL_DE,8318.424
2025-06-05 00:00:00+00:00,SWDA_L_EUNL_DE,8322.315
2025-06-06 00:00:00+00:00,SWDA_L_EUNL_DE,8323.881
2025-06-09 00:00:00+00:00,SWDA_L_EUNL_DE,8321.734
2025-06-10 00:00:00+00:00,SWDA_L_EUNL_DE,8351.587
2025-06-11 00:00:00+00:00,SWDA_L_EUNL_DE,8378.034
2025-06-12 00:00:00+00:00,SWDA_L_EUNL_DE,8417.239
2025-06-13 00:00:00+00:00,SWDA_L_EUNL_DE,8413.083
2025-06-16 00:00:00+00:00,SWDA_L_EUNL_DE,8422.26
2025-06-17 00:00:00+00:00,SWDA_L_EUNL_DE,8427.997
2025-06-18 00:00:00+00:00,SWDA_L_EUNL_DE,8459.837
2025-06-19 00:00:00+00:00,SWDA_L_EUNL_DE,8439.011
2025-06-20 00:00:00+00:00,SWDA_L_EUNL_DE,8452.525
2025-06-23 00:00:00+00:00,SWDA_L_EUNL_DE,8451.671
2025-06-24 00:00:00+00:00,SWDA_L_EUNL_DE,8432.886
2025-06-25 00:00:00+00:00,SWDA_L_EUNL_DE,8440.497
2025-06-26 00:00:00+00:00,SWDA_L_EUNL_DE,8420.193
2025-06-27 00:00:00+00:00,SWDA_L_EUNL_DE,8442.964
2025-06-30 00:00:00+00:00,SWDA_L_EUNL_DE,8472.712
2025-07-01 00:00:00+00:00,SWDA_L_EUNL_DE,8489.92
2025-07-02 00:00:00+00:00,SWDA_L_EUNL_DE,8552.235
2025-07-03 00:00:00+00:00,SWDA_L_EUNL_DE,8513.059
2025-07-04 00:00:00+00:00,SWDA_L_EUNL_DE,8532.657
2025-07-07 00:00:00+00:00,SWDA_L_EUNL_DE,8499.891
2025-07-08 00:00:00+00:00,SWDA_L_EUNL_DE,8527.062
2025-07-09 00:00:00+00:00,SWDA_L_EUNL_DE,8518.272
2025-07-10 00:00:00+00:00,SWDA_L_EUNL_DE,8510.512
2025-07-11 00:00:00+00:00,SWDA_L_EUNL_DE,8561.371
2025-07-14 00:00:00+00:00,SWDA_L_EUNL_DE,8588.84
2025-07-15 00:00:00+00:00,SWDA_L_EUNL_DE,8569.019
2025-07-16 00:00:00+00:00,SWDA_L_EUNL_DE,8594.83
2025-07-17 00:00:00+00:00,SWDA_L_EUNL_DE,8542.192
2025-07-18 00:00:00+00:00,SWDA_L_EUNL_DE,8568.428
2025-07-21 00:00:00+00:00,SWDA_L_EUNL_DE,8571.684
2025-07-22 00:00:00+00:00,SWDA_L_EUNL_DE,8590.218
2025-07-23 00:00:00+00:00,SWDA_L_EUNL_DE,8547.937
2025-07-24 00:00:00+00:00,SWDA_L_EUNL_DE,8600.477
2025-07-25 00:00:00+00:00,SWDA_L_EUNL_DE,8634.761
2025-07-28 00:00:00+00:00,SWDA_L_EUNL_DE,8570.359
2025-07-29 00:00:00+00:00,SWDA_L_EUNL_DE,8544.67
2025-07-30 00:00:00+00:00,SWDA_L_EUNL_DE,8535.257
2025-07-31 00:00:00+00:00,SWDA_L_EUNL_DE,8542.728
2025-08-01 00:00:00+00:00,SWDA_L_EUNL_DE,8613.97
2025-08-04 00:00:00+00:00,SWDA_L_EUNL_DE,8608.018
2025-08-05 00:00:00+00:00,SWDA_L_EUNL_DE,8611.31
2025-08-06 00:00:00+00:00,SWDA_L_EUNL_DE,8620.885
2025-08-07 00:00:00+00:00,SWDA_L_EUNL_DE,8572.866
2025-08-08 00:00:00+00:00,SWDA_L_EUNL_DE,8572.139
2025-08-11 00:00:00+00:00,SWDA_L_EUNL_DE,8551.917
2025-08-12 00:00:00+00:00,SWDA_L_EUNL_DE,8548.649
2025-08-13 00:00:00+00:00,SWDA_L_EUNL_DE,8537.715
2025-08-14 00:00:00+00:00,SWDA_L_EUNL_DE,8502.899
2025-08-15 00:00:00+00:00,SWDA_L_EUNL_DE,8531.277
2025-08-18 00:00:00+00:00,SWDA_L_EUNL_DE,8532.674
2025-08-19 00:00:00+00:00,SWDA_L_EUNL_DE,8541.268
2025-08-20 00:00:00+00:00,SWDA_L_EUNL_DE,8562.665
2025-08-21 00:00:00+00:00,SWDA_L_EUNL_DE,8553.534
2025-08-22 00:00:00+00:00,SWDA_L_EUNL_DE,8555.95
2025-08-26 00:00:00+00:00,SWDA_L_EUNL_DE,8543.672
2025-08-27 00:00:00+00:00,SWDA_L_EUNL_DE,8514.147
2025-08-28 00:00:00+00:00,SWDA_L_EUNL_DE,8526.892
2025-08-29 00:00:00+00:00,SWDA_L_EUNL_DE,8558.986
2025-09-01 00:00:00+00:00,SWDA_L_EUNL_DE,8540.916
2025-09-02 00:00:00+00:00,SWDA_L_EUNL_DE,8613.272
2025-09-03 00:00:00+00:00,SWDA_L_EUNL_DE,8582.824
2025-09-04 00:00:00+00:00,SWDA_L_EUNL_DE,8569.834
2025-09-05 00:00:00+00:00,SWDA_L_EUNL_DE,8577.188
2025-09-08 00:00:00+00:00,SWDA_L_EUNL_DE,8574.367
2025-09-09 00:00:00+00:00,SWDA_L_EUNL_DE,8561.978
2025-09-10 00:00:00+00:00,SWDA_L_EUNL_DE,8546.503
2025-09-11 00:00:00+00:00,SWDA_L_EUNL_DE,8550.35
2025-09-12 00:00:00+00:00,SWDA_L_EUNL_DE,8545.476
2025-09-15 00:00:00+00:00,SWDA_L_EUNL_DE,8551.006
2025-09-16 00:00:00+00:00,SWDA_L_EUNL_DE,8577.889
2025-09-17 00:00:00+00:00,SWDA_L_EUNL_DE,8572.282
2025-09-18 00:00:00+00:00,SWDA_L_EUNL_DE,8591.746
2025-09-19 00:00:00+00:00,SWDA_L_EUNL_DE,8609.391
2025-09-22 00:00:00+00:00,SWDA_L_EUNL_DE,8618.977
2025-09-23 00:00:00+00:00,SWDA_L_EUNL_DE,8624.545
2025-09-24 00:00:00+00:00,SWDA_L_EUNL_DE,8629.751
2025-09-25 00:00:00+00:00,SWDA_L_EUNL_DE,8650.409
2025-09-26 00:00:00+00:00,SWDA_L_EUNL_DE,8621.804
2025-09-29 00:00:00+00:00,SWDA_L_EUNL_DE,8638.181
2025-09-30 00:00:00+00:00,SWDA_L_EUNL_DE,8625.22
2025-10-01 00:00:00+00:00,SWDA_L_EUNL_DE,8598.107
2025-10-02 00:00:00+00:00,SWDA_L_EUNL_DE,8617.949
2025-10-03 00:00:00+00:00,SWDA_L_EUNL_DE,8613.144
2025-10-07 00:00:00+00:00,SWDA_L_EUNL_DE,8600.89
2023-10-09 00:00:00+00:00,VWRL_L_VEVE_AS,12.5
2023-10-10 00:00:00+00:00,VWRL_L_VEVE_AS,12.558
2023-10-11 00:00:00+00:00,VWRL_L_VEVE_AS,12.52
2023-10-12 00:00:00+00:00,VWRL_L_VEVE_AS,12.44
2023-10-13 00:00:00+00:00,VWRL_L_VEVE_AS,12.711
2023-10-16 00:00:00+00:00,VWRL_L_VEVE_AS,12.573
2023-10-17 00:00:00+00:00,VWRL_L_VEVE_AS,13.111
2023-10-18 00:00:00+00:00,VWRL_L_VEVE_AS,12.806
2023-10-19 00:00:00+00:00,VWRL_L_VEVE_AS,13.496
2023-10-20 00:00:00+00:00,VWRL_L_VEVE_AS,13.453
2023-10-23 00:00:00+00:00,VWRL_L_VEVE_AS,13.27
2023-10-24 00:00:00+00:00,VWRL_L_VEVE_AS,13.383
2023-10-25 00:00:00+00:00,VWRL_L_VEVE_AS,13.435
2023-10-26 00:00:00+00:00,VWRL_L_VEVE_AS,13.327
2023-10-27 00:00:00+00:00,VWRL_L_VEVE_AS,13.719
2023-10-30 00:00:00+00:00,VWRL_L_VEVE_AS,13.997
2023-10-31 00:00:00+00:00,VWRL_L_VEVE_AS,13.487
2023-11-01 00:00:00+00:00,VWRL_L_VEVE_AS,13.274
2023-11-02 00:00:00+00:00,VWRL_L_VEVE_AS,13.554
2023-11-03 00:00:00+00:00,VWRL_L_VEVE_AS,13.025
2023-11-06 00:00:00+00:00,VWRL_L_VEVE_AS,12.997
2023-11-07 00:00:00+00:00,VWRL_L_VEVE_AS,13.216
2023-11-08 00:00:00+00:00,VWRL_L_VEVE_AS,13.457
2023-11-09 00:00:00+00:00,VWRL_L_VEVE_AS,13.683
2023-11-10 00:00:00+00:00,VWRL_L_VEVE_AS,13.843
2023-11-13 00:00:00+00:00,VWRL_L_VEVE_AS,13.492
2023-11-14 00:00:00+00:00,VWRL_L_VEVE_AS,13.165
2023-11-15 00:00:00+00:00,VWRL_L_VEVE_AS,13.685
2023-11-16 00:00:00+00:00,VWRL_L_VEVE_AS,13.684
2023-11-17 00:00:00+00:00,VWRL_L_VEVE_AS,13.895
2023-11-20 00:00:00+00:00,VWRL_L_VEVE_AS,13.979
2023-11-21 00:00:00+00:00,VWRL_L_VEVE_AS,13.426
2023-11-22 00:00:00+00:00,VWRL_L_VEVE_AS,13.403
2023-11-23 00:00:00+00:00,VWRL_L_VEVE_AS,13.112
2023-11-24 00:00:00+00:00,VWRL_L_VEVE_AS,12.671
2023-11-27 00:00:00+00:00,VWRL_L_VEVE_AS,12.642
2023-11-28 00:00:00+00:00,VWRL_L_VEVE_AS,12.727
2023-11-29 00:00:00+00:00,VWRL_L_VEVE_AS,12.39
2023-11-30 00:00:00+00:00,VWRL_L_VEVE_AS,12.073
2023-12-01 00:00:00+00:00,VWRL_L_VEVE_AS,11.391
2023-12-04 00:00:00+00:00,VWRL_L_VEVE_AS,11.426
2023-12-05 00:00:00+00:00,VWRL_L_VEVE_AS,11.176
2023-12-06 00:00:00+00:00,VWRL_L_VEVE_AS,11.245
2023-12-07 00:00:00+00:00,VWRL_L_VEVE_AS,11.454
2023-12-08 00:00:00+00:00,VWRL_L_VEVE_AS,11.36
2023-12-11 00:00:00+00:00,VWRL_L_VEVE_AS,10.985
2023-12-12 00:00:00+00:00,VWRL_L_VEVE_AS,11.51
2023-12-13 00:00:00+00:00,VWRL_L_VEVE_AS,11.638
2023-12-14 00:00:00+00:00,VWRL_L_VEVE_AS,11.72
2023-12-15 00:00:00+00:00,VWRL_L_VEVE_AS,11.441
2023-12-18 00:00:00+00:00,VWRL_L_VEVE_AS,11.815
2023-12-19 00:00:00+00:00,VWRL_L_VEVE_AS,11.633
2023-12-20 00:00:00+00:00,VWRL_L_VEVE_AS,12.077
2023-12-21 00:00:00+00:00,VWRL_L_VEVE_AS,12.53
2023-12-22 00:00:00+00:00,VWRL_L_VEVE_AS,11.796
2023-12-27 00:00:00+00:00,VWRL_L_VEVE_AS,12.57
2023-12-28 00:00:00+00:00,VWRL_L_VEVE_AS,12.811
2023-12-29 00:00:00+00:00,VWRL_L_VEVE_AS,13.025
2024-01-02 00:00:00+00:00,VWRL_L_VEVE_AS,12.519
2024-01-03 00:00:00+00:00,VWRL_L_VEVE_AS,11.887
2024-01-04 00:00:00+00:00,VWRL_L_VEVE_AS,11.941
2024-01-05 00:00:00+00:00,VWRL_L_VEVE_AS,11.678
2024-01-08 00:00:00+00:00,VWRL_L_VEVE_AS,11.525
2024-01-09 00:00:00+00:00,VWRL_L_VEVE_AS,11.387
2024-01-10 00:00:00+00:00,VWRL_L_VEVE_AS,11.403
2024-01-11 00:00:00+00:00,VWRL_L_VEVE_AS,11.581
2024-01-12 00:00:00+00:00,VWRL_L_VEVE_AS,11.444
2024-01-15 00:00:00+00:00,VWRL_L_VEVE_AS,11.312
2024-01-16 00:00:00+00:00,VWRL_L_VEVE_AS,11.205
2024-01-17 00:00:00+00:00,VWRL_L_VEVE_AS,10.719
2024-01-18 00:00:00+00:00,VWRL_L_VEVE_AS,10.868
2024-01-19 00:00:00+00:00,VWRL_L_VEVE_AS,11.117
2024-01-22 00:00:00+00:00,VWRL_L_VEVE_AS,10.54
2024-01-23 00:00:00+00:00,VWRL_L_VEVE_AS,10.623
2024-01-24 00:00:00+00:00,VWRL_L_VEVE_AS,10.588
2024-01-25 00:00:00+00:00,VWRL_L_VEVE_AS,10.357
2024-01-26 00:00:00+00:00,VWRL_L_VEVE_AS,10.461
2024-01-29 00:00:00+00:00,VWRL_L_VEVE_AS,10.184
2024-01-30 00:00:00+00:00,VWRL_L_VEVE_AS,10.449
2024-01-31 00:00:00+00:00,VWRL_L_VEVE_AS,10.132
2024-02-01 00:00:00+00:00,VWRL_L_VEVE_AS,10.54
2024-02-02 00:00:00+00:00,VWRL_L_VEVE_AS,10.221
2024-02-05 00:00:00+00:00,VWRL_L_VEVE_AS,10.653
2024-02-06 00:00:00+00:00,VWRL_L_VEVE_AS,10.485
2024-02-07 00:00:00+00:00,VWRL_L_VEVE_AS,10.244
2024-02-08 00:00:00+00:00,VWRL_L_VEVE_AS,10.247
2024-02-09 00:00:00+00:00,VWRL_L_VEVE_AS,10.305
2024-02-12 00:00:00+00:00,VWRL_L_VEVE_AS,10.32
2024-02-13 00:00:00+00:00,VWRL_L_VEVE_AS,9.897
2024-02-14 00:00:00+00:00,VWRL_L_VEVE_AS,10.41
2024-02-15 00:00:00+00:00,VWRL_L_VEVE_AS,10.478
2024-02-16 00:00:00+00:00,VWRL_L_VEVE_AS,10.544
2024-02-19 00:00:00+00:00,VWRL_L_VEVE_AS,10.548
2024-02-20 00:00:00+00:00,VWRL_L_VEVE_AS,10.571
2024-02-21 00:00:00+00:00,VWRL_L_VEVE_AS,10.814
2024-02-22 00:00:00+00:00,VWRL_L_VEVE_AS,10.608
2024-02-23 00:00:00+00:00,VWRL_L_VEVE_AS,10.379
2024-02-26 00:00:00+00:00,VWRL_L_VEVE_AS,10.578
2024-02-27 00:00:00+00:00,VWRL_L_VEVE_AS,10.552
2024-02-28 00:00:00+00:00,VWRL_L_VEVE_AS,10.493
2024-02-29 00:00:00+00:00,VWRL_L_VEVE_AS,10.334
2024-03-01 00:00:00+00:00,VWRL_L_VEVE_AS,10.642
2024-03-04 00:00:00+00:00,VWRL_L_VEVE_AS,10.478
2024-03-05 00:00:00+00:00,VWRL_L_VEVE_AS,10.308
2024-03-06 00:00:00+00:00,VWRL_L_VEVE_AS,10.502
2024-03-07 00:00:00+00:00,VWRL_L_VEVE_AS,10.426
2024-03-08 00:00:00+00:00,VWRL_L_VEVE_AS,9.99
2024-03-11 00:00:00+00:00,VWRL_L_VEVE_AS,10.285
2024-03-12 00:00:00+00:00,VWRL_L_VEVE_AS,10.505
2024-03-13 00:00:00+00:00,VWRL_L_VEVE_AS,10.514
2024-03-14 00:00:00+00:00,VWRL_L_VEVE_AS,10.013
2024-03-15 00:00:00+00:00,VWRL_L_VEVE_AS,10.457
2024-03-18 00:00:00+00:00,VWRL_L_VEVE_AS,10.396
2024-03-19 00:00:00+00:00,VWRL_L_VEVE_AS,10.208
2024-03-20 00:00:00+00:00,VWRL_L_VEVE_AS,10.231
2024-03-21 00:00:00+00:00,VWRL_L_VEVE_AS,10.572
2024-03-22 00:00:00+00:00,VWRL_L_VEVE_AS,10.586
2024-03-25 00:00:00+00:00,VWRL_L_VEVE_AS,10.551
2024-03-26 00:00:00+00:00,VWRL_L_VEVE_AS,10.623
2024-03-27 00:00:00+00:00,VWRL_L_VEVE_AS,10.538
2024-03-28 00:00:00+00:00,VWRL_L_VEVE_AS,10.251
2024-04-02 00:00:00+00:00,VWRL_L_VEVE_AS,10.643
2024-04-03 00:00:00+00:00,VWRL_L_VEVE_AS,10.617
2024-04-04 00:00:00+00:00,VWRL_L_VEVE_AS,10.847
2024-04-05 00:00:00+00:00,VWRL_L_VEVE_AS,10.816
2024-04-08 00:00:00+00:00,VWRL_L_VEVE_AS,10.84
2024-04-09 00:00:00+00:00,VWRL_L_VEVE_AS,10.831
2024-04-10 00:00:00+00:00,VWRL_L_VEVE_AS,10.692
2024-04-11 00:00:00+00:00,VWRL_L_VEVE_AS,10.668
2024-04-12 00:00:00+00:00,VWRL_L_VEVE_AS,10.465
2024-04-15 00:00:00+00:00,VWRL_L_VEVE_AS,10.394
2024-04-16 00:00:00+00:00,VWRL_L_VEVE_AS,10.5
2024-04-17 00:00:00+00:00,VWRL_L_VEVE_AS,10.352
2024-04-18 00:00:00+00:00,VWRL_L_VEVE_AS,10.575
2024-04-19 00:00:00+00:00,VWRL_L_VEVE_AS,11.169
2024-04-22 00:00:00+00:00,VWRL_L_VEVE_AS,11.61
2024-04-23 00:00:00+00:00,VWRL_L_VEVE_AS,11.193
2024-04-24 00:00:00+00:00,VWRL_L_VEVE_AS,11.266
2024-04-25 00:00:00+00:00,VWRL_L_VEVE_AS,11.315
2024-04-26 00:00:00+00:00,VWRL_L_VEVE_AS,10.977
2024-04-29 00:00:00+00:00,VWRL_L_VEVE_AS,10.633
2024-04-30 00:00:00+00:00,VWRL_L_VEVE_AS,10.597
2024-05-02 00:00:00+00:00,VWRL_L_VEVE_AS,11.024
2024-05-03 00:00:00+00:00,VWRL_L_VEVE_AS,11.404
2024-05-07 00:00:00+00:00,VWRL_L_VEVE_AS,11.282
2024-05-08 00:00:00+00:00,VWRL_L_VEVE_AS,11.329
2024-05-09 00:00:00+00:00,VWRL_L_VEVE_AS,11.43
2024-05-10 00:00:00+00:00,VWRL_L_VEVE_AS,11.416
2024-05-13 00:00:00+00:00,VWRL_L_VEVE_AS,11.413
2024-05-14 00:00:00+00:00,VWRL_L_VEVE_AS,11.349
2024-05-15 00:00:00+00:00,VWRL_L_VEVE_AS,11.269
2024-05-16 00:00:00+00:00,VWRL_L_VEVE_AS,11.235
2024-05-17 00:00:00+00:00,VWRL_L_VEVE_AS,10.963
2024-05-20 00:00:00+00:00,VWRL_L_VEVE_AS,10.792
2024-05-21 00:00:00+00:00,VWRL_L_VEVE_AS,10.592
2024-05-22 00:00:00+00:00,VWRL_L_VEVE_AS,10.294
2024-05-23 00:00:00+00:00,VWRL_L_VEVE_AS,10.306
2024-05-24 00:00:00+00:00,VWRL_L_VEVE_AS,10.312
2024-05-28 00:00:00+00:00,VWRL_L_VEVE_AS,10.221
2024-05-29 00:00:00+00:00,VWRL_L_VEVE_AS,10.087
2024-05-30 00:00:00+00:00,VWRL_L_VEVE_AS,10.144
2024-05-31 00:00:00+00:00,VWRL_L_VEVE_AS,10.223
2024-06-03 00:00:00+00:00,VWRL_L_VEVE_AS,10.233
2024-06-04 00:00:00+00:00,VWRL_L_VEVE_AS,9.933
2024-06-05 00:00:00+00:00,VWRL_L_VEVE_AS,10.035
2024-06-06 00:00:00+00:00,VWRL_L_VEVE_AS,10.151
2024-06-07 00:00:00+00:00,VWRL_L_VEVE_AS,9.82
2024-06-10 00:00:00+00:00,VWRL_L_VEVE_AS,9.153
2024-06-11 00:00:00+00:00,VWRL_L_VEVE_AS,9.086
2024-06-12 00:00:00+00:00,VWRL_L_VEVE_AS,9.179
2024-06-13 00:00:00+00:00,VWRL_L_VEVE_AS,8.962
2024-06-14 00:00:00+00:00,VWRL_L_VEVE_AS,9.047
2024-06-17 00:00:00+00:00,VWRL_L_VEVE_AS,9.223
2024-06-18 00:00:00+00:00,VWRL_L_VEVE_AS,9.429
2024-06-19 00:00:00+00:00,VWRL_L_VEVE_AS,9.235
2024-06-20 00:00:00+00:00,VWRL_L_VEVE_AS,9.326
2024-06-21 00:00:00+00:00,VWRL_L_VEVE_AS,9.444
2024-06-24 00:00:00+00:00,VWRL_L_VEVE_AS,9.322
2024-06-25 00:00:00+00:00,VWRL_L_VEVE_AS,9.191
2024-06-26 00:00:00+00:00,VWRL_L_VEVE_AS,9.422
2024-06-27 00:00:00+00:00,VWRL_L_VEVE_AS,9.412
2024-06-28 00:00:00+00:00,VWRL_L_VEVE_AS,9.63
2024-07-01 00:00:00+00:00,VWRL_L_VEVE_AS,9.604
2024-07-02 00:00:00+00:00,VWRL_L_VEVE_AS,9.421
2024-07-03 00:00:00+00:00,VWRL_L_VEVE_AS,9.469
2024-07-04 00:00:00+00:00,VWRL_L_VEVE_AS,9.574
2024-07-05 00:00:00+00:00,VWRL_L_VEVE_AS,9.252
2024-07-08 00:00:00+00:00,VWRL_L_VEVE_AS,9.185
2024-07-09 00:00:00+00:00,VWRL_L_VEVE_AS,9.369
2024-07-10 00:00:00+00:00,VWRL_L_VEVE_AS,8.981
2024-07-11 00:00:00+00:00,VWRL_L_VEVE_AS,8.877
2024-07-12 00:00:00+00:00,VWRL_L_VEVE_AS,8.635
2024-07-15 00:00:00+00:00,VWRL_L_VEVE_AS,8.701
2024-07-16 00:00:00+00:00,VWRL_L_VEVE_AS,8.51
2024-07-17 00:00:00+00:00,VWRL_L_VEVE_AS,8.649
2024-07-18 00:00:00+00:00,VWRL_L_VEVE_AS,8.679
2024-07-19 00:00:00+00:00,VWRL_L_VEVE_AS,8.935
2024-07-22 00:00:00+00:00,VWRL_L_VEVE_AS,8.873
2024-07-23 00:00:00+00:00,VWRL_L_VEVE_AS,8.61
2024-07-24 00:00:00+00:00,VWRL_L_VEVE_AS,8.529
2024-07-25 00:00:00+00:00,VWRL_L_VEVE_AS,8.905
2024-07-26 00:00:00+00:00,VWRL_L_VEVE_AS,9.144
2024-07-29 00:00:00+00:00,VWRL_L_VEVE_AS,8.678
2024-07-30 00:00:00+00:00,VWRL_L_VEVE_AS,8.751
2024-07-31 00:00:00+00:00,VWRL_L_VEVE_AS,8.869
2024-08-01 00:00:00+00:00,VWRL_L_VEVE_AS,9.124
2024-08-02 00:00:00+00:00,VWRL_L_VEVE_AS,10.348
2024-08-05 00:00:00+00:00,VWRL_L_VEVE_AS,11.077
2024-08-06 00:00:00+00:00,VWRL_L_VEVE_AS,11.309
2024-08-07 00:00:00+00:00,VWRL_L_VEVE_AS,11.162
2024-08-08 00:00:00+00:00,VWRL_L_VEVE_AS,10.941
2024-08-09 00:00:00+00:00,VWRL_L_VEVE_AS,10.933
2024-08-12 00:00:00+00:00,VWRL_L_VEVE_AS,10.743
2024-08-13 00:00:00+00:00,VWRL_L_VEVE_AS,10.503
2024-08-14 00:00:00+00:00,VWRL_L_VEVE_AS,11.098
2024-08-15 00:00:00+00:00,VWRL_L_VEVE_AS,10.352
2024-08-16 00:00:00+00:00,VWRL_L_VEVE_AS,10.212
2024-08-19 00:00:00+00:00,VWRL_L_VEVE_AS,10.235
2024-08-20 00:00:00+00:00,VWRL_L_VEVE_AS,10.176
2024-08-21 00:00:00+00:00,VWRL_L_VEVE_AS,10.079
2024-08-22 00:00:00+00:00,VWRL_L_VEVE_AS,9.54
2024-08-23 00:00:00+00:00,VWRL_L_VEVE_AS,9.37
2024-08-27 00:00:00+00:00,VWRL_L_VEVE_AS,8.831
2024-08-28 00:00:00+00:00,VWRL_L_VEVE_AS,8.81
2024-08-29 00:00:00+00:00,VWRL_L_VEVE_AS,8.538
2024-08-30 00:00:00+00:00,VWRL_L_VEVE_AS,8.704
2024-09-02 00:00:00+00:00,VWRL_L_VEVE_AS,8.53
2024-09-03 00:00:00+00:00,VWRL_L_VEVE_AS,8.695
2024-09-04 00:00:00+00:00,VWRL_L_VEVE_AS,8.717
2024-09-05 00:00:00+00:00,VWRL_L_VEVE_AS,8.712
2024-09-06 00:00:00+00:00,VWRL_L_VEVE_AS,9.071
2024-09-09 00:00:00+00:00,VWRL_L_VEVE_AS,9.16
2024-09-10 00:00:00+00:00,VWRL_L_VEVE_AS,8.873
2024-09-11 00:00:00+00:00,VWRL_L_VEVE_AS,9.319
2024-09-12 00:00:00+00:00,VWRL_L_VEVE_AS,8.926
2024-09-13 00:00:00+00:00,VWRL_L_VEVE_AS,8.814
2024-09-16 00:00:00+00:00,VWRL_L_VEVE_AS,8.729
2024-09-17 00:00:00+00:00,VWRL_L_VEVE_AS,8.9
2024-09-18 00:00:00+00:00,VWRL_L_VEVE_AS,8.622
2024-09-19 00:00:00+00:00,VWRL_L_VEVE_AS,8.377
2024-09-20 00:00:00+00:00,VWRL_L_VEVE_AS,8.372
2024-09-23 00:00:00+00:00,VWRL_L_VEVE_AS,7.695
2024-09-24 00:00:00+00:00,VWRL_L_VEVE_AS,7.939
2024-09-25 00:00:00+00:00,VWRL_L_VEVE_AS,8.13
2024-09-26 00:00:00+00:00,VWRL_L_VEVE_AS,8.153
2024-09-27 00:00:00+00:00,VWRL_L_VEVE_AS,8.152
2024-09-30 00:00:00+00:00,VWRL_L_VEVE_AS,7.829
2024-10-01 00:00:00+00:00,VWRL_L_VEVE_AS,8.274
2024-10-02 00:00:00+00:00,VWRL_L_VEVE_AS,8.237
2024-10-03 00:00:00+00:00,VWRL_L_VEVE_AS,9.324
2024-10-04 00:00:00+00:00,VWRL_L_VEVE_AS,8.833
2024-10-07 00:00:00+00:00,VWRL_L_VEVE_AS,9.196
2024-10-08 00:00:00+00:00,VWRL_L_VEVE_AS,8.882
2024-10-09 00:00:00+00:00,VWRL_L_VEVE_AS,8.55
2024-10-10 00:00:00+00:00,VWRL_L_VEVE_AS,8.669
2024-10-11 00:00:00+00:00,VWRL_L_VEVE_AS,8.717
2024-10-14 00:00:00+00:00,VWRL_L_VEVE_AS,8.335
2024-10-15 00:00:00+00:00,VWRL_L_VEVE_AS,7.81
2024-10-16 00:00:00+00:00,VWRL_L_VEVE_AS,8.337
2024-10-17 00:00:00+00:00,VWRL_L_VEVE_AS,7.783
2024-10-18 00:00:00+00:00,VWRL_L_VEVE_AS,7.904
2024-10-21 00:00:00+00:00,VWRL_L_VEVE_AS,7.87
2024-10-22 00:00:00+00:00,VWRL_L_VEVE_AS,7.951
2024-10-23 00:00:00+00:00,VWRL_L_VEVE_AS,7.937
2024-10-24 00:00:00+00:00,VWRL_L_VEVE_AS,8.048
2024-10-25 00:00:00+00:00,VWRL_L_VEVE_AS,7.912
2024-10-28 00:00:00+00:00,VWRL_L_VEVE_AS,7.902
2024-10-29 00:00:00+00:00,VWRL_L_VEVE_AS,7.607
2024-10-30 00:00:00+00:00,VWRL_L_VEVE_AS,7.994
2024-10-31 00:00:00+00:00,VWRL_L_VEVE_AS,9.258
2024-11-01 00:00:00+00:00,VWRL_L_VEVE_AS,8.469
2024-11-04 00:00:00+00:00,VWRL_L_VEVE_AS,8.98
2024-11-05 00:00:00+00:00,VWRL_L_VEVE_AS,8.825
2024-11-06 00:00:00+00:00,VWRL_L_VEVE_AS,7.768
2024-11-07 00:00:00+00:00,VWRL_L_VEVE_AS,7.565
2024-11-08 00:00:00+00:00,VWRL_L_VEVE_AS,7.251
2024-11-11 00:00:00+00:00,VWRL_L_VEVE_AS,6.736
2024-11-12 00:00:00+00:00,VWRL_L_VEVE_AS,7.315
2024-11-13 00:00:00+00:00,VWRL_L_VEVE_AS,7.155
2024-11-14 00:00:00+00:00,VWRL_L_VEVE_AS,7.224
2024-11-15 00:00:00+00:00,VWRL_L_VEVE_AS,7.7
2024-11-18 00:00:00+00:00,VWRL_L_VEVE_AS,7.81
2024-11-19 00:00:00+00:00,VWRL_L_VEVE_AS,7.732
2024-11-20 00:00:00+00:00,VWRL_L_VEVE_AS,7.35
2024-11-21 00:00:00+00:00,VWRL_L_VEVE_AS,7.27
2024-11-22 00:00:00+00:00,VWRL_L_VEVE_AS,7.022
2024-11-25 00:00:00+00:00,VWRL_L_VEVE_AS,7.56
2024-11-26 00:00:00+00:00,VWRL_L_VEVE_AS,7.383
2024-11-27 00:00:00+00:00,VWRL_L_VEVE_AS,7.307
2024-11-28 00:00:00+00:00,VWRL_L_VEVE_AS,7.045
2024-11-29 00:00:00+00:00,VWRL_L_VEVE_AS,6.954
2024-12-02 00:00:00+00:00,VWRL_L_VEVE_AS,6.892
2024-12-03 00:00:00+00:00,VWRL_L_VEVE_AS,6.939
2024-12-04 00:00:00+00:00,VWRL_L_VEVE_AS,6.644
2024-12-05 00:00:00+00:00,VWRL_L_VEVE_AS,6.745
2024-12-06 00:00:00+00:00,VWRL_L_VEVE_AS,6.829
2024-12-09 00:00:00+00:00,VWRL_L_VEVE_AS,6.867
2024-12-10 00:00:00+00:00,VWRL_L_VEVE_AS,6.345
2024-12-11 00:00:00+00:00,VWRL_L_VEVE_AS,6.062
2024-12-12 00:00:00+00:00,VWRL_L_VEVE_AS,6.567
2024-12-13 00:00:00+00:00,VWRL_L_VEVE_AS,7.38
2024-12-16 00:00:00+00:00,VWRL_L_VEVE_AS,6.724
2024-12-17 00:00:00+00:00,VWRL_L_VEVE_AS,6.544
2024-12-18 00:00:00+00:00,VWRL_L_VEVE_AS,6.337
2024-12-19 00:00:00+00:00,VWRL_L_VEVE_AS,6.65
2024-12-20 00:00:00+00:00,VWRL_L_VEVE_AS,6.825
2024-12-23 00:00:00+00:00,VWRL_L_VEVE_AS,7.219
2024-12-24 00:00:00+00:00,VWRL_L_VEVE_AS,6.924
2024-12-27 00:00:00+00:00,VWRL_L_VEVE_AS,6.813
2024-12-30 00:00:00+00:00,VWRL_L_VEVE_AS,6.914
2024-12-31 00:00:00+00:00,VWRL_L_VEVE_AS,6.997
2025-01-02 00:00:00+00:00,VWRL_L_VEVE_AS,6.931
2025-01-03 00:00:00+00:00,VWRL_L_VEVE_AS,6.944
2025-01-06 00:00:00+00:00,VWRL_L_VEVE_AS,6.9
2025-01-07 00:00:00+00:00,VWRL_L_VEVE_AS,6.94
2025-01-08 00:00:00+00:00,VWRL_L_VEVE_AS,7.419
2025-01-09 00:00:00+00:00,VWRL_L_VEVE_AS,7.78
2025-01-10 00:00:00+00:00,VWRL_L_VEVE_AS,7.919
2025-01-13 00:00:00+00:00,VWRL_L_VEVE_AS,8.009
2025-01-14 00:00:00+00:00,VWRL_L_VEVE_AS,8.569
2025-01-15 00:00:00+00:00,VWRL_L_VEVE_AS,8.379
2025-01-16 00:00:00+00:00,VWRL_L_VEVE_AS,8.335
2025-01-17 00:00:00+00:00,VWRL_L_VEVE_AS,8.605
2025-01-20 00:00:00+00:00,VWRL_L_VEVE_AS,8.852
2025-01-21 00:00:00+00:00,VWRL_L_VEVE_AS,8.772
2025-01-22 00:00:00+00:00,VWRL_L_VEVE_AS,8.689
2025-01-23 00:00:00+00:00,VWRL_L_VEVE_AS,8.442
2025-01-24 00:00:00+00:00,VWRL_L_VEVE_AS,8.258
2025-01-27 00:00:00+00:00,VWRL_L_VEVE_AS,8.273
2025-01-28 00:00:00+00:00,VWRL_L_VEVE_AS,7.777
2025-01-29 00:00:00+00:00,VWRL_L_VEVE_AS,7.701
2025-01-30 00:00:00+00:00,VWRL_L_VEVE_AS,7.681
2025-01-31 00:00:00+00:00,VWRL_L_VEVE_AS,7.57
2025-02-03 00:00:00+00:00,VWRL_L_VEVE_AS,6.733
2025-02-04 00:00:00+00:00,VWRL_L_VEVE_AS,7.128
2025-02-05 00:00:00+00:00,VWRL_L_VEVE_AS,7.208
2025-02-06 00:00:00+00:00,VWRL_L_VEVE_AS,7.279
2025-02-07 00:00:00+00:00,VWRL_L_VEVE_AS,7.31
2025-02-10 00:00:00+00:00,VWRL_L_VEVE_AS,7.265
2025-02-11 00:00:00+00:00,VWRL_L_VEVE_AS,7.27
2025-02-12 00:00:00+00:00,VWRL_L_VEVE_AS,7.576
2025-02-13 00:00:00+00:00,VWRL_L_VEVE_AS,7.192
2025-02-14 00:00:00+00:00,VWRL_L_VEVE_AS,7.27
2025-02-17 00:00:00+00:00,VWRL_L_VEVE_AS,7.076
2025-02-18 00:00:00+00:00,VWRL_L_VEVE_AS,6.894
2025-02-19 00:00:00+00:00,VWRL_L_VEVE_AS,6.717
2025-02-20 00:00:00+00:00,VWRL_L_VEVE_AS,6.936
2025-02-21 00:00:00+00:00,VWRL_L_VEVE_AS,6.697
2025-02-24 00:00:00+00:00,VWRL_L_VEVE_AS,6.843
2025-02-25 00:00:00+00:00,VWRL_L_VEVE_AS,7.112
2025-02-26 00:00:00+00:00,VWRL_L_VEVE_AS,6.859
2025-02-27 00:00:00+00:00,VWRL_L_VEVE_AS,6.399
2025-02-28 00:00:00+00:00,VWRL_L_VEVE_AS,6.54
2025-03-03 00:00:00+00:00,VWRL_L_VEVE_AS,6.407
2025-03-04 00:00:00+00:00,VWRL_L_VEVE_AS,6.893
2025-03-05 00:00:00+00:00,VWRL_L_VEVE_AS,8.127
2025-03-06 00:00:00+00:00,VWRL_L_VEVE_AS,8.603
2025-03-07 00:00:00+00:00,VWRL_L_VEVE_AS,8.658
2025-03-10 00:00:00+00:00,VWRL_L_VEVE_AS,8.654
2025-03-11 00:00:00+00:00,VWRL_L_VEVE_AS,9.266
2025-03-12 00:00:00+00:00,VWRL_L_VEVE_AS,8.947
2025-03-13 00:00:00+00:00,VWRL_L_VEVE_AS,8.667
2025-03-14 00:00:00+00:00,VWRL_L_VEVE_AS,9.173
2025-03-17 00:00:00+00:00,VWRL_L_VEVE_AS,9.081
2025-03-18 00:00:00+00:00,VWRL_L_VEVE_AS,9.195
2025-03-19 00:00:00+00:00,VWRL_L_VEVE_AS,8.753
2025-03-20 00:00:00+00:00,VWRL_L_VEVE_AS,8.298
2025-03-21 00:00:00+00:00,VWRL_L_VEVE_AS,8.516
2025-03-24 00:00:00+00:00,VWRL_L_VEVE_AS,8.161
2025-03-25 00:00:00+00:00,VWRL_L_VEVE_AS,7.891
2025-03-26 00:00:00+00:00,VWRL_L_VEVE_AS,8.25
2025-03-27 00:00:00+00:00,VWRL_L_VEVE_AS,7.907
2025-03-28 00:00:00+00:00,VWRL_L_VEVE_AS,8.442
2025-03-31 00:00:00+00:00,VWRL_L_VEVE_AS,8.308
2025-04-01 00:00:00+00:00,VWRL_L_VEVE_AS,8.312
2025-04-02 00:00:00+00:00,VWRL_L_VEVE_AS,8.458
2025-04-03 00:00:00+00:00,VWRL_L_VEVE_AS,9.231
2025-04-04 00:00:00+00:00,VWRL_L_VEVE_AS,10.06
2025-04-07 00:00:00+00:00,VWRL_L_VEVE_AS,11.744
2025-04-08 00:00:00+00:00,VWRL_L_VEVE_AS,10.799
2025-04-09 00:00:00+00:00,VWRL_L_VEVE_AS,11.923
2025-04-10 00:00:00+00:00,VWRL_L_VEVE_AS,11.553
2025-04-11 00:00:00+00:00,VWRL_L_VEVE_AS,12.453
2025-04-14 00:00:00+00:00,VWRL_L_VEVE_AS,11.869
2025-04-15 00:00:00+00:00,VWRL_L_VEVE_AS,10.574
2025-04-16 00:00:00+00:00,VWRL_L_VEVE_AS,11.051
2025-04-17 00:00:00+00:00,VWRL_L_VEVE_AS,11.224
2025-04-22 00:00:00+00:00,VWRL_L_VEVE_AS,11.231
2025-04-23 00:00:00+00:00,VWRL_L_VEVE_AS,11.033
2025-04-24 00:00:00+00:00,VWRL_L_VEVE_AS,10.689
2025-04-25 00:00:00+00:00,VWRL_L_VEVE_AS,10.569
2025-04-28 00:00:00+00:00,VWRL_L_VEVE_AS,9.991
2025-04-29 00:00:00+00:00,VWRL_L_VEVE_AS,9.984
2025-04-30 00:00:00+00:00,VWRL_L_VEVE_AS,9.967
2025-05-02 00:00:00+00:00,VWRL_L_VEVE_AS,10.431
2025-05-06 00:00:00+00:00,VWRL_L_VEVE_AS,10.002
2025-05-07 00:00:00+00:00,VWRL_L_VEVE_AS,10.193
2025-05-08 00:00:00+00:00,VWRL_L_VEVE_AS,9.695
2025-05-09 00:00:00+00:00,VWRL_L_VEVE_AS,9.773
2025-05-12 00:00:00+00:00,VWRL_L_VEVE_AS,9.072
2025-05-13 00:00:00+00:00,VWRL_L_VEVE_AS,8.888
2025-05-14 00:00:00+00:00,VWRL_L_VEVE_AS,9.182
2025-05-15 00:00:00+00:00,VWRL_L_VEVE_AS,8.991
2025-05-16 00:00:00+00:00,VWRL_L_VEVE_AS,8.767
2025-05-19 00:00:00+00:00,VWRL_L_VEVE_AS,9.052
2025-05-20 00:00:00+00:00,VWRL_L_VEVE_AS,8.862
2025-05-21 00:00:00+00:00,VWRL_L_VEVE_AS,9.115
2025-05-22 00:00:00+00:00,VWRL_L_VEVE_AS,8.919
2025-05-23 00:00:00+00:00,VWRL_L_VEVE_AS,8.853
2025-05-27 00:00:00+00:00,VWRL_L_VEVE_AS,8.458
2025-05-28 00:00:00+00:00,VWRL_L_VEVE_AS,8.467
2025-05-29 00:00:00+00:00,VWRL_L_VEVE_AS,8.693
2025-05-30 00:00:00+00:00,VWRL_L_VEVE_AS,8.777
2025-06-02 00:00:00+00:00,VWRL_L_VEVE_AS,8.964
2025-06-03 00:00:00+00:00,VWRL_L_VEVE_AS,8.624
2025-06-04 00:00:00+00:00,VWRL_L_VEVE_AS,8.8
2025-06-05 00:00:00+00:00,VWRL_L_VEVE_AS,8.814
2025-06-06 00:00:00+00:00,VWRL_L_VEVE_AS,8.862
2025-06-09 00:00:00+00:00,VWRL_L_VEVE_AS,8.988
2025-06-10 00:00:00+00:00,VWRL_L_VEVE_AS,9.279
2025-06-11 00:00:00+00:00,VWRL_L_VEVE_AS,9.714
2025-06-12 00:00:00+00:00,VWRL_L_VEVE_AS,10.145
2025-06-13 00:00:00+00:00,VWRL_L_VEVE_AS,9.987
2025-06-16 00:00:00+00:00,VWRL_L_VEVE_AS,10.258
2025-06-17 00:00:00+00:00,VWRL_L_VEVE_AS,10.219
2025-06-18 00:00:00+00:00,VWRL_L_VEVE_AS,10.598
2025-06-19 00:00:00+00:00,VWRL_L_VEVE_AS,10.26
2025-06-20 00:00:00+00:00,VWRL_L_VEVE_AS,10.446
2025-06-23 00:00:00+00:00,VWRL_L_VEVE_AS,10.433
2025-06-24 00:00:00+00:00,VWRL_L_VEVE_AS,10.321
2025-06-25 00:00:00+00:00,VWRL_L_VEVE_AS,10.356
2025-06-26 00:00:00+00:00,VWRL_L_VEVE_AS,10.143
2025-06-27 00:00:00+00:00,VWRL_L_VEVE_AS,10.386
2025-06-30 00:00:00+00:00,VWRL_L_VEVE_AS,10.757
2025-07-01 00:00:00+00:00,VWRL_L_VEVE_AS,11.039
2025-07-02 00:00:00+00:00,VWRL_L_VEVE_AS,11.843
2025-07-03 00:00:00+00:00,VWRL_L_VEVE_AS,11.258
2025-07-04 00:00:00+00:00,VWRL_L_VEVE_AS,11.498
2025-07-07 00:00:00+00:00,VWRL_L_VEVE_AS,11.198
2025-07-08 00:00:00+00:00,VWRL_L_VEVE_AS,11.517
2025-07-09 00:00:00+00:00,VWRL_L_VEVE_AS,11.29
2025-07-10 00:00:00+00:00,VWRL_L_VEVE_AS,11.283
2025-07-11 00:00:00+00:00,VWRL_L_VEVE_AS,11.854
2025-07-14 00:00:00+00:00,VWRL_L_VEVE_AS,12.263
2025-07-15 00:00:00+00:00,VWRL_L_VEVE_AS,12.064
2025-07-16 00:00:00+00:00,VWRL_L_VEVE_AS,11.953
2025-07-17 00:00:00+00:00,VWRL_L_VEVE_AS,11.794
2025-07-18 00:00:00+00:00,VWRL_L_VEVE_AS,12.108
2025-07-21 00:00:00+00:00,VWRL_L_VEVE_AS,12.133
2025-07-22 00:00:00+00:00,VWRL_L_VEVE_AS,12.367
2025-07-23 00:00:00+00:00,VWRL_L_VEVE_AS,11.86
2025-07-24 00:00:00+00:00,VWRL_L_VEVE_AS,12.472
2025-07-25 00:00:00+00:00,VWRL_L_VEVE_AS,12.838
2025-07-28 00:00:00+00:00,VWRL_L_VEVE_AS,12.039
2025-07-29 00:00:00+00:00,VWRL_L_VEVE_AS,11.716
2025-07-30 00:00:00+00:00,VWRL_L_VEVE_AS,11.568
2025-07-31 00:00:00+00:00,VWRL_L_VEVE_AS,11.609
2025-08-01 00:00:00+00:00,VWRL_L_VEVE_AS,12.568
2025-08-04 00:00:00+00:00,VWRL_L_VEVE_AS,12.502
2025-08-05 00:00:00+00:00,VWRL_L_VEVE_AS,12.516
2025-08-06 00:00:00+00:00,VWRL_L_VEVE_AS,12.637
2025-08-07 00:00:00+00:00,VWRL_L_VEVE_AS,12.103
2025-08-08 00:00:00+00:00,VWRL_L_VEVE_AS,11.964
2025-08-11 00:00:00+00:00,VWRL_L_VEVE_AS,11.751
2025-08-12 00:00:00+00:00,VWRL_L_VEVE_AS,11.689
2025-08-13 00:00:00+00:00,VWRL_L_VEVE_AS,11.604
2025-08-14 00:00:00+00:00,VWRL_L_VEVE_AS,11.074
2025-08-15 00:00:00+00:00,VWRL_L_VEVE_AS,11.477
2025-08-18 00:00:00+00:00,VWRL_L_VEVE_AS,11.576
2025-08-19 00:00:00+00:00,VWRL_L_VEVE_AS,11.801
2025-08-20 00:00:00+00:00,VWRL_L_VEVE_AS,12.01
2025-08-21 00:00:00+00:00,VWRL_L_VEVE_AS,12.007
2025-08-22 00:00:00+00:00,VWRL_L_VEVE_AS,11.992
2025-08-26 00:00:00+00:00,VWRL_L_VEVE_AS,11.838
2025-08-27 00:00:00+00:00,VWRL_L_VEVE_AS,11.363
2025-08-28 00:00:00+00:00,VWRL_L_VEVE_AS,11.458
2025-08-29 00:00:00+00:00,VWRL_L_VEVE_AS,11.788
2025-09-01 00:00:00+00:00,VWRL_L_VEVE_AS,11.643
2025-09-02 00:00:00+00:00,VWRL_L_VEVE_AS,12.605
2025-09-03 00:00:00+00:00,VWRL_L_VEVE_AS,12.204
2025-09-04 00:00:00+00:00,VWRL_L_VEVE_AS,11.879
2025-09-05 00:00:00+00:00,VWRL_L_VEVE_AS,12.171
2025-09-08 00:00:00+00:00,VWRL_L_VEVE_AS,12.045
2025-09-09 00:00:00+00:00,VWRL_L_VEVE_AS,12.054
2025-09-10 00:00:00+00:00,VWRL_L_VEVE_AS,11.899
2025-09-11 00:00:00+00:00,VWRL_L_VEVE_AS,11.933
2025-09-12 00:00:00+00:00,VWRL_L_VEVE_AS,11.911
2025-09-15 00:00:00+00:00,VWRL_L_VEVE_AS,11.991
2025-09-16 00:00:00+00:00,VWRL_L_VEVE_AS,12.433
2025-09-17 00:00:00+00:00,VWRL_L_VEVE_AS,12.559
2025-09-18 00:00:00+00:00,VWRL_L_VEVE_AS,12.687
2025-09-19 00:00:00+00:00,VWRL_L_VEVE_AS,12.816
2025-09-22 00:00:00+00:00,VWRL_L_VEVE_AS,12.819
2025-09-23 00:00:00+00:00,VWRL_L_VEVE_AS,13.095
2025-09-24 00:00:00+00:00,VWRL_L_VEVE_AS,13.09
2025-09-25 00:00:00+00:00,VWRL_L_VEVE_AS,13.543
2025-09-26 00:00:00+00:00,VWRL_L_VEVE_AS,12.895
2025-09-29 00:00:00+00:00,VWRL_L_VEVE_AS,13.152
2025-09-30 00:00:00+00:00,VWRL_L_VEVE_AS,13.055
2025-10-01 00:00:00+00:00,VWRL_L_VEVE_AS,12.713
2025-10-02 00:00:00+00:00,VWRL_L_VEVE_AS,13.026
2025-10-03 00:00:00+00:00,VWRL_L_VEVE_AS,12.896
2025-10-07 00:00:00+00:00,VWRL_L_VEVE_AS,12.703
