date,CSP1_L_IUSA_DE,SWDA_L_EUNL_DE,VWRL_L_VEVE_AS
2023-10-17 00:00:00+00:00,93050.5075387021,8577.209607921932,13.1113278722929
2023-10-18 00:00:00+00:00,92964.36598246932,8570.602226944593,12.805807195279728
2023-10-19 00:00:00+00:00,93442.03788700144,8612.940597215791,13.49554020709187
2023-10-20 00:00:00+00:00,93425.95658562209,8613.539194226792,13.453274899382306
2023-10-23 00:00:00+00:00,93247.94706694642,8599.416865623,13.269746132054362
2023-10-24 00:00:00+00:00,93393.6277856276,8606.078992882694,13.382572506142898
2023-10-25 00:00:00+00:00,93515.22271434175,8621.688014370626,13.435057139944885
2023-10-26 00:00:00+00:00,93262.73938738092,8592.03773099626,13.327290532123804
2023-10-27 00:00:00+00:00,93497.03628865205,8618.649732730704,13.718855294468767
2023-10-30 00:00:00+00:00,93590.16574709518,8631.788675040021,13.996927128369665
2023-10-31 00:00:00+00:00,93475.44230121531,8612.842279284476,13.486657113172097
2023-11-01 00:00:00+00:00,93228.59266222132,8591.27464406333,13.273744055399847
2023-11-02 00:00:00+00:00,93420.63130587578,8613.416384304917,13.553915932094874
2023-11-03 00:00:00+00:00,93034.16708315666,8566.883116883118,13.02546522542749
2023-11-06 00:00:00+00:00,93052.41201661144,8574.240822729387,12.997456419420562
2023-11-07 00:00:00+00:00,93153.81719541192,8585.409918015805,13.21641704951717
2023-11-08 00:00:00+00:00,93382.02968093038,8606.499717692384,13.45736570977838
2023-11-09 00:00:00+00:00,93574.17017818269,8626.872713291621,13.683082200786266
2023-11-10 00:00:00+00:00,93822.16072357589,8644.74883198023,13.842702591873412
2023-11-13 00:00:00+00:00,93543.75366089345,8624.65952590488,13.492081726856032
2023-11-14 00:00:00+00:00,93289.9467519682,8600.879786975007,13.165366425794645
2023-11-15 00:00:00+00:00,93560.68578433704,8632.466411497368,13.685156462797645
2023-11-16 00:00:00+00:00,93775.29355327258,8642.657918508117,13.68352480332593
2023-11-17 00:00:00+00:00,93871.43094853716,8652.394603092209,13.894501346032207
2023-11-20 00:00:00+00:00,93908.59673984392,8660.056460054357,13.979072181425934
2023-11-21 00:00:00+00:00,93568.00976036096,8623.393571579756,13.426368916127585
2023-11-22 00:00:00+00:00,93522.14952017865,8624.755796237203,13.40344858716258
2023-11-23 00:00:00+00:00,93274.110975663,8599.00994440856,13.11245825760543
2023-11-24 00:00:00+00:00,93007.61823862937,8570.091726925726,12.67147332395684
2023-11-27 00:00:00+00:00,93005.54647845984,8573.339876912485,12.641968313366949
2023-11-28 00:00:00+00:00,92951.00186634528,8563.59306735969,12.726998299210535
2023-11-29 00:00:00+00:00,92749.529341831,8548.22250298887,12.390028024416663
2023-11-30 00:00:00+00:00,92463.23597029378,8524.357490088183,12.072720669787884
2023-12-01 00:00:00+00:00,92005.7632807174,8478.265468860594,11.391314828647635
2023-12-04 00:00:00+00:00,91850.04359111322,8463.231266198653,11.426126879308065
2023-12-05 00:00:00+00:00,92290.43833827502,8497.058222188023,11.17597717203691
2023-12-06 00:00:00+00:00,92382.8969039775,8519.609526180939,11.245468365143129
2023-12-07 00:00:00+00:00,91917.8006702987,8480.492953060808,11.45408901398872
2023-12-08 00:00:00+00:00,91946.9847734734,8476.145654647666,11.360028575982728
2023-12-11 00:00:00+00:00,91823.92754524776,8466.674947358682,10.9854325354243
2023-12-12 00:00:00+00:00,92244.82593248956,8498.121341353097,11.510395768521686
2023-12-13 00:00:00+00:00,92405.56074417807,8512.222598027283,11.63817532541236
2023-12-14 00:00:00+00:00,92383.5822058956,8512.216422618721,11.72006330609021
2023-12-15 00:00:00+00:00,92167.99903728846,8495.446881635473,11.440878969641275
2023-12-18 00:00:00+00:00,92570.75377440124,8533.137277925707,11.814819009973457
2023-12-19 00:00:00+00:00,92350.93567792456,8508.614140149539,11.63331886470138
2023-12-20 00:00:00+00:00,92743.65670101428,8552.585867504697,12.077458063243116
2023-12-21 00:00:00+00:00,93089.68805613404,8576.664755927135,12.529573986510712
2023-12-22 00:00:00+00:00,92628.81760175875,8528.884505383721,11.795620454523338
2023-12-27 00:00:00+00:00,93205.3348106092,8578.874071685104,12.570425741776004
2023-12-28 00:00:00+00:00,93291.04392854864,8592.950297672605,12.81104829755586
2023-12-29 00:00:00+00:00,93067.79212567848,8579.795544103528,13.024654689393357
2024-01-02 00:00:00+00:00,93093.29065094415,8578.359082631603,12.51890317678983
2024-01-03 00:00:00+00:00,92552.76092961944,8531.264818062877,11.88657585005597
2024-01-04 00:00:00+00:00,92578.05222177863,8532.240764219167,11.940650693109834
2024-01-05 00:00:00+00:00,92267.0267109605,8506.115722331084,11.67751670913506
2024-01-08 00:00:00+00:00,92261.03723131516,8501.506121621622,11.524806067549909
2024-01-09 00:00:00+00:00,92170.11488184828,8496.917165276633,11.387352476292325
2024-01-10 00:00:00+00:00,92321.399458327,8509.103131489152,11.403155586199995
2024-01-11 00:00:00+00:00,92363.65140220738,8515.523219348715,11.580945005263631
2024-01-12 00:00:00+00:00,92209.64051768034,8497.79420767983,11.44359109923414
2024-01-15 00:00:00+00:00,92186.40471766808,8495.789080406461,11.311771743166066
2024-01-16 00:00:00+00:00,92071.09906035074,8494.296392448221,11.205356812867006
2024-01-17 00:00:00+00:00,91933.35403322798,8469.416968915491,10.718924295487842
2024-01-18 00:00:00+00:00,91786.45594928369,8467.456353260146,10.867745694303554
2024-01-19 00:00:00+00:00,92150.34513714156,8493.561983547037,11.11657555310388
2024-01-22 00:00:00+00:00,91822.05819242382,8462.410765115783,10.53988270315771
2024-01-23 00:00:00+00:00,91745.5329613408,8454.979221725169,10.622968580715051
2024-01-24 00:00:00+00:00,91755.99370615726,8451.822393609795,10.587964253432602
2024-01-25 00:00:00+00:00,91531.08632964508,8431.442010005592,10.356822769571616
2024-01-26 00:00:00+00:00,91647.5837155351,8443.446802545215,10.461282484966985
2024-01-29 00:00:00+00:00,91389.47427835748,8423.033885924138,10.18430143262603
2024-01-30 00:00:00+00:00,91733.09683025426,8457.799913034753,10.448959016895977
2024-01-31 00:00:00+00:00,91480.63476144764,8429.702400320375,10.132419696053253
2024-02-01 00:00:00+00:00,91556.51594329464,8438.197888236986,10.540466112180958
2024-02-02 00:00:00+00:00,91540.17431568872,8435.707167120643,10.22091571009165
2024-02-05 00:00:00+00:00,91864.83551410692,8464.099928577918,10.65286417663569
2024-02-06 00:00:00+00:00,91606.91507277531,8437.291260220969,10.484805994406532
2024-02-07 00:00:00+00:00,91497.80659220948,8425.648414985591,10.24410113254961
2024-02-08 00:00:00+00:00,91485.6396073406,8435.938670170191,10.247331170677509
2024-02-09 00:00:00+00:00,91598.84156054232,8438.493042798915,10.305208899019958
2024-02-12 00:00:00+00:00,91454.1982372223,8435.24947231329,10.319643759490148
2024-02-13 00:00:00+00:00,91209.7956481182,8403.06429121006,9.897178724684675
2024-02-14 00:00:00+00:00,91671.81129073142,8445.199118976368,10.40965950765922
2024-02-15 00:00:00+00:00,91720.1183661986,8451.968804719465,10.47818548781465
2024-02-16 00:00:00+00:00,91782.22501990356,8457.552184835376,10.543761225354654
2024-02-19 00:00:00+00:00,91749.3908763091,8454.750880336544,10.547937094258808
2024-02-20 00:00:00+00:00,91773.23228137913,8455.075789495553,10.57150718705091
2024-02-21 00:00:00+00:00,91877.19737105291,8467.649073246821,10.814492547597144
2024-02-22 00:00:00+00:00,91722.23631890262,8458.221014145194,10.608200309113135
2024-02-23 00:00:00+00:00,91597.75686451836,8439.427596018248,10.378607160250342
2024-02-26 00:00:00+00:00,91792.28415627973,8460.881328512938,10.577720024264226
2024-02-27 00:00:00+00:00,91673.33294049866,8456.058260229802,10.551750603723464
2024-02-28 00:00:00+00:00,91870.10642598792,8461.26197323823,10.492790241823544
2024-02-29 00:00:00+00:00,91832.05681304062,8453.4821277809,10.33416991351741
2024-03-01 00:00:00+00:00,91955.6606465863,8465.701387332178,10.64219767828638
2024-03-04 00:00:00+00:00,91751.35324287272,8456.04159943941,10.477562242489014
2024-03-05 00:00:00+00:00,91581.97794411665,8441.813014685402,10.30778690803762
2024-03-06 00:00:00+00:00,91677.3679378608,8447.385185065174,10.502433867190186
2024-03-07 00:00:00+00:00,91724.06800464811,8447.065876732793,10.42573762561867
2024-03-08 00:00:00+00:00,91297.91058240276,8411.045399910361,9.989985634070386
2024-03-11 00:00:00+00:00,91419.8548417638,8431.642526639827,10.284698106605772
2024-03-12 00:00:00+00:00,91648.44726122808,8446.307964499876,10.504969229750415
2024-03-13 00:00:00+00:00,91733.8805284328,8451.450056777747,10.513745767867388
2024-03-14 00:00:00+00:00,91574.88906853794,8437.241452180679,10.012964031809537
2024-03-15 00:00:00+00:00,91659.92674927336,8448.696476495765,10.457165107600265
2024-03-18 00:00:00+00:00,91623.11036404382,8441.741505271193,10.395549561875184
2024-03-19 00:00:00+00:00,91498.82802422956,8434.732992921807,10.208300800212776
2024-03-20 00:00:00+00:00,91565.78551110411,8436.720955564411,10.231070643542006
2024-03-21 00:00:00+00:00,92010.6672157724,8474.128407160792,10.572320053615748
2024-03-22 00:00:00+00:00,91995.18212911036,8479.341871017063,10.585547975635446
2024-03-25 00:00:00+00:00,91911.14357868786,8471.822377331471,10.551193359499075
2024-03-26 00:00:00+00:00,91988.9447959872,8473.848352986966,10.62330502880091
2024-03-27 00:00:00+00:00,91876.7260835904,8468.881504965548,10.538482820196272
2024-03-28 00:00:00+00:00,91661.6838779573,8444.372679373815,10.251315357097823
2024-04-02 00:00:00+00:00,91817.71411496948,8463.96231183087,10.643440337104671
2024-04-03 00:00:00+00:00,91962.82842270134,8471.64880176753,10.617365414623611
2024-04-04 00:00:00+00:00,91965.69049356926,8478.06449965816,10.847049874999849
2024-04-05 00:00:00+00:00,91976.36914306942,8477.697874999652,10.816133630161474
2024-04-08 00:00:00+00:00,92019.8872998185,8476.54931504606,10.839843783561044
2024-04-09 00:00:00+00:00,91897.60625008216,8467.184282999326,10.830862227362047
2024-04-10 00:00:00+00:00,91807.77886677948,8457.251106074575,10.691555037886811
2024-04-11 00:00:00+00:00,91691.26627220464,8451.904391795017,10.667610109459956
2024-04-12 00:00:00+00:00,91689.72761391876,8447.215438952166,10.465374221422683
2024-04-15 00:00:00+00:00,91503.23910812636,8436.262848603566,10.394274763522793
2024-04-16 00:00:00+00:00,91670.07466359508,8449.843979578556,10.49972693231318
2024-04-17 00:00:00+00:00,91665.66405149736,8449.88853559179,10.352361544296508
2024-04-18 00:00:00+00:00,91795.35975117984,8454.953249100074,10.57493992970644
2024-04-19 00:00:00+00:00,92172.5184920146,8494.830939579813,11.16881509330694
2024-04-22 00:00:00+00:00,92510.17710223094,8528.619234827293,11.609998217904115
2024-04-23 00:00:00+00:00,92222.76688282084,8496.778280301665,11.192605917984588
2024-04-24 00:00:00+00:00,92211.0579796576,8499.368037218359,11.265637914213864
2024-04-25 00:00:00+00:00,92017.99342258372,8478.42600461165,11.315128940953636
2024-04-26 00:00:00+00:00,91984.54870997425,8468.660557192849,10.976872097975466
2024-04-29 00:00:00+00:00,91570.2369709576,8439.844040173359,10.63258424243263
2024-04-30 00:00:00+00:00,91561.50142892072,8432.41974106766,10.596736494353332
2024-05-02 00:00:00+00:00,91844.112035915,8461.143044496648,11.024247288016252
2024-05-03 00:00:00+00:00,92027.5458317067,8482.26421533189,11.403590029684452
2024-05-07 00:00:00+00:00,92089.92887521585,8487.51355021621,11.281859989527064
2024-05-08 00:00:00+00:00,92279.11637878184,8504.04267138388,11.329045753866197
2024-05-09 00:00:00+00:00,92367.65233920196,8512.025513016933,11.430389762231076
2024-05-10 00:00:00+00:00,92338.77969211777,8506.019792403631,11.416055091983267
2024-05-13 00:00:00+00:00,92249.65347998096,8497.805093264446,11.412946061905435
2024-05-14 00:00:00+00:00,92198.78547125666,8493.030699576002,11.348883475737148
2024-05-15 00:00:00+00:00,92013.32881916604,8480.814769782368,11.26925413340958
2024-05-16 00:00:00+00:00,92017.43714847276,8480.747038802458,11.235014564936163
2024-05-17 00:00:00+00:00,91798.16041056452,8460.027924841828,10.96290146243053
2024-05-20 00:00:00+00:00,91662.06096955643,8448.08015317507,10.7918395751188
2024-05-21 00:00:00+00:00,91521.20758074832,8437.192946261132,10.592471549184946
2024-05-22 00:00:00+00:00,91334.91320805176,8416.697748069539,10.294006518966947
2024-05-23 00:00:00+00:00,91327.86201329216,8415.359323781271,10.305878566753512
2024-05-24 00:00:00+00:00,91375.9346605856,8419.492084408112,10.312481362105096
2024-05-28 00:00:00+00:00,91261.56738227545,8410.89324542767,10.221029115787085
2024-05-29 00:00:00+00:00,91193.03154024344,8406.455127370737,10.087284249615646
2024-05-30 00:00:00+00:00,91217.83590794288,8409.961875603898,10.14431811769294
2024-05-31 00:00:00+00:00,91424.18484787086,8422.364236112806,10.22302245225264
2024-06-03 00:00:00+00:00,91286.79783529704,8407.07744897908,10.23346432413408
2024-06-04 00:00:00+00:00,91291.14776105277,8411.618373927706,9.932873993747137
2024-06-05 00:00:00+00:00,91257.42349101068,8408.355358427083,10.034789074424456
2024-06-06 00:00:00+00:00,91305.5223309004,8410.293510259822,10.150651637216912
2024-06-07 00:00:00+00:00,91114.95036413638,8392.350136685942,9.81952997142297
2024-06-10 00:00:00+00:00,90584.2298235857,8341.058305008582,9.152673138787804
2024-06-11 00:00:00+00:00,90425.9916870213,8336.964089826633,9.085925912700365
2024-06-12 00:00:00+00:00,90642.8736015904,8350.944760975935,9.17936375725743
2024-06-13 00:00:00+00:00,90438.760272948,8333.208530500335,8.961545454907416
2024-06-14 00:00:00+00:00,90457.4414466401,8334.682501001489,9.04696176603803
2024-06-17 00:00:00+00:00,90644.71990649802,8350.614720346217,9.223025330371204
2024-06-18 00:00:00+00:00,90733.19984851044,8360.156169557038,9.429146212088105
2024-06-19 00:00:00+00:00,90527.54678935993,8343.121640877216,9.23452184294298
2024-06-20 00:00:00+00:00,90700.96975598331,8357.39763783317,9.325793122819292
2024-06-21 00:00:00+00:00,90747.27953080728,8357.999848838412,9.443854620995197
2024-06-24 00:00:00+00:00,90687.27907288508,8353.404090160311,9.322443395778524
2024-06-25 00:00:00+00:00,90610.79455351378,8348.417482571702,9.191162926516917
2024-06-26 00:00:00+00:00,90763.98834681,8357.176731560507,9.422340440107124
2024-06-27 00:00:00+00:00,90841.07029354664,8365.011112284288,9.4117818860334
2024-06-28 00:00:00+00:00,90949.73074637025,8380.238957010934,9.630475375188862
2024-07-01 00:00:00+00:00,90982.81455015294,8384.586025909506,9.604381831619024
2024-07-02 00:00:00+00:00,90809.08934990969,8364.620737117122,9.421338251935609
2024-07-03 00:00:00+00:00,90784.6621175077,8360.923638422733,9.469194042949637
2024-07-04 00:00:00+00:00,90840.5438373663,8371.321848011099,9.57427765215002
2024-07-05 00:00:00+00:00,90658.1160295742,8355.19617363352,9.251517590841395
2024-07-08 00:00:00+00:00,90593.69982475674,8345.365547183452,9.184580082890715
2024-07-09 00:00:00+00:00,90662.19556013389,8354.090798613619,9.36853615102513
2024-07-10 00:00:00+00:00,90389.82380301524,8331.400858555153,8.980904864693562
2024-07-11 00:00:00+00:00,90267.4426929424,8315.046454914833,8.876878022604707
2024-07-12 00:00:00+00:00,90081.4917597748,8296.993950190534,8.635321212901847
2024-07-15 00:00:00+00:00,90124.75456385018,8302.864205804262,8.70123000201195
2024-07-16 00:00:00+00:00,90069.8598509049,8301.044779836915,8.509634130478204
2024-07-17 00:00:00+00:00,90139.88565025816,8305.420684571285,8.648789823580705
2024-07-18 00:00:00+00:00,90197.79164212575,8311.456403854525,8.679512189968142
2024-07-19 00:00:00+00:00,90404.89838072233,8331.03980242028,8.935309073377407
2024-07-22 00:00:00+00:00,90371.63068220051,8325.47295744011,8.872646673155348
2024-07-23 00:00:00+00:00,90150.54256462128,8307.717558826695,8.609940380881675
2024-07-24 00:00:00+00:00,90076.7739285278,8301.922447065894,8.528719927580442
2024-07-25 00:00:00+00:00,90439.90945482044,8329.001876358665,8.904945277311406
2024-07-26 00:00:00+00:00,90599.36102206774,8343.054981427558,9.143908830944516
2024-07-29 00:00:00+00:00,90460.63813774758,8331.99702628901,8.677628822028026
2024-07-30 00:00:00+00:00,90410.89362195984,8323.61823893187,8.75115758185212
2024-07-31 00:00:00+00:00,90444.35036851304,8332.067391198094,8.868848560763066
2024-08-01 00:00:00+00:00,90669.79720818384,8352.524596725889,9.124136100554937
2024-08-02 00:00:00+00:00,91352.93942391078,8422.225918525532,10.347677205915918
2024-08-05 00:00:00+00:00,92097.53637370406,8489.254427569043,11.07654165158536
2024-08-06 00:00:00+00:00,92097.31562071283,8510.961566055139,11.309416646846726
2024-08-07 00:00:00+00:00,92125.78022702562,8490.493170063555,11.16228006015123
2024-08-08 00:00:00+00:00,91902.56868699976,8471.996205671461,10.94102662891694
2024-08-09 00:00:00+00:00,91753.10124406504,8456.766942128806,10.932903980653808
2024-08-12 00:00:00+00:00,91791.93947066598,8461.118004895907,10.743410001435327
2024-08-13 00:00:00+00:00,91558.03506413929,8438.969632321216,10.50287434580397
2024-08-14 00:00:00+00:00,91926.55262222404,8482.324031972938,11.097896023246337
2024-08-15 00:00:00+00:00,91591.20077294824,8440.428951374572,10.352269272814008
2024-08-16 00:00:00+00:00,91397.37035955874,8419.754852207861,10.212462069206785
2024-08-19 00:00:00+00:00,91406.42184172288,8421.040344057417,10.235126914336746
2024-08-20 00:00:00+00:00,91421.3520828557,8424.792484468107,10.176220315120222
2024-08-21 00:00:00+00:00,91411.77253929216,8418.432176565437,10.0792672997277
2024-08-22 00:00:00+00:00,91006.61749904652,8385.606516571017,9.539569056812148
2024-08-23 00:00:00+00:00,90785.06683483603,8367.03285864203,9.369952653115066
2024-08-27 00:00:00+00:00,90527.84561377554,8335.394286150307,8.83051023832284
2024-08-28 00:00:00+00:00,90381.12687840188,8324.287134280006,8.80965773446174
2024-08-29 00:00:00+00:00,90235.779768269,8313.486606552604,8.537843554690184
2024-08-30 00:00:00+00:00,90298.2201770589,8316.725898221386,8.704218684124188
2024-09-02 00:00:00+00:00,90287.6266584387,8317.973100204963,8.53029972555046
2024-09-03 00:00:00+00:00,90340.5854615226,8323.71819247583,8.695120997653326
2024-09-04 00:00:00+00:00,90376.73040784188,8325.003931543397,8.717057861688415
2024-09-05 00:00:00+00:00,90303.45332580616,8321.833557625992,8.711695097060957
2024-09-06 00:00:00+00:00,90545.08826319962,8332.317086706274,9.07101460932438
2024-09-09 00:00:00+00:00,90449.67310273332,8340.327777998746,9.1602377989769
2024-09-10 00:00:00+00:00,90502.50597929549,8338.695988087868,8.872840429955865
2024-09-11 00:00:00+00:00,90692.3008900218,8350.339370785057,9.318749888103394
2024-09-12 00:00:00+00:00,90462.1123817344,8336.724391020578,8.925549793196375
2024-09-13 00:00:00+00:00,90383.75342525104,8332.821673565593,8.813758890373613
2024-09-16 00:00:00+00:00,90379.3347628275,8326.586212620336,8.729114199887643
2024-09-17 00:00:00+00:00,90562.9779053451,8342.63650147351,8.89981078923019
2024-09-18 00:00:00+00:00,90259.38617882389,8319.795539715196,8.621643643451971
2024-09-19 00:00:00+00:00,90043.8926296166,8295.141272070134,8.376717441821647
2024-09-20 00:00:00+00:00,90020.37723974814,8292.583586665049,8.372361039386655
2024-09-23 00:00:00+00:00,89436.31981947037,8235.415965825041,7.695100988954162
2024-09-24 00:00:00+00:00,89330.92513521465,8234.54799383091,7.938983790492338
2024-09-25 00:00:00+00:00,89529.17616411592,8254.32228597564,8.13017761733179
2024-09-26 00:00:00+00:00,89343.1845410628,8231.60289059533,8.153463877613198
2024-09-27 00:00:00+00:00,89350.86249708502,8233.160690220955,8.152481676233636
2024-09-30 00:00:00+00:00,89174.29772032159,8215.697425613685,7.829044866545942
2024-10-01 00:00:00+00:00,89265.93588169757,8234.19640253379,8.274327026477302
2024-10-02 00:00:00+00:00,89276.3551468475,8224.046337517566,8.236793193229719
2024-10-03 00:00:00+00:00,90022.41969407888,8297.617409844812,9.323785559914842
2024-10-04 00:00:00+00:00,89741.93828100526,8269.648185142949,8.832871393392526
2024-10-07 00:00:00+00:00,89988.87264465741,8290.031723214155,9.195597450305538
2024-10-08 00:00:00+00:00,89880.60054662391,8278.971833694748,8.881738956743778
2024-10-09 00:00:00+00:00,89773.69600420073,8269.958913569622,8.549854667527201
2024-10-10 00:00:00+00:00,89819.58259259131,8275.654845620851,8.66861732647588
2024-10-11 00:00:00+00:00,89834.187260631,8274.822936205152,8.716867205776179
2024-10-14 00:00:00+00:00,89657.57251977304,8256.584876226987,8.334614748693415
2024-10-15 00:00:00+00:00,89286.31931757733,8228.471266740004,7.809988030528547
2024-10-16 00:00:00+00:00,89702.67042859373,8262.018953771414,8.33703848867291
2024-10-17 00:00:00+00:00,89303.24371344528,8231.254803816273,7.783093969995813
2024-10-18 00:00:00+00:00,89282.58668483477,8228.006163867836,7.904493039954974
2024-10-21 00:00:00+00:00,89386.0594181289,8236.341206172885,7.869857999595209
2024-10-22 00:00:00+00:00,89350.90967431413,8231.49750724113,7.950816875602773
2024-10-23 00:00:00+00:00,89297.64351819569,8225.463361627882,7.9367646942476
2024-10-24 00:00:00+00:00,89384.3070020424,8232.662731813329,8.04759920906928
2024-10-25 00:00:00+00:00,89379.97477539214,8233.667714082967,7.911525958922505
2024-10-28 00:00:00+00:00,89409.05853946946,8234.670921513445,7.902221738483162
2024-10-29 00:00:00+00:00,89130.95681260595,8209.943687330042,7.607173096573039
2024-10-30 00:00:00+00:00,89577.04016568378,8252.642414351089,7.99408396291903
2024-10-31 00:00:00+00:00,90426.16860656212,8335.821873511655,9.257535879310597
2024-11-01 00:00:00+00:00,89841.13668064619,8276.910195301916,8.468834253192558
2024-11-04 00:00:00+00:00,90141.58654182505,8306.852398222762,8.980033151598654
2024-11-05 00:00:00+00:00,89971.51663383956,8290.330534144066,8.824564396045353
2024-11-06 00:00:00+00:00,89266.88112290438,8225.661839109609,7.768248274429923
2024-11-07 00:00:00+00:00,89128.63066337876,8212.915129151292,7.565344493200943
2024-11-08 00:00:00+00:00,89056.65944871795,8196.614451163268,7.250871898875966
2024-11-11 00:00:00+00:00,88731.46280233863,8170.93074335195,6.735932235925879
2024-11-12 00:00:00+00:00,89253.94445027898,8216.850931512536,7.3146879019124755
2024-11-13 00:00:00+00:00,89121.30680518405,8208.138008430693,7.154796661163365
2024-11-14 00:00:00+00:00,89219.60170697013,8219.07154568246,7.224434130652524
2024-11-15 00:00:00+00:00,89570.90435656649,8255.1312808997,7.699943682733501
2024-11-18 00:00:00+00:00,89593.06653351033,8257.830246171015,7.810149019538537
2024-11-19 00:00:00+00:00,89529.8730083071,8247.018323821327,7.731821373564496
2024-11-20 00:00:00+00:00,89225.37931948001,8220.633010174763,7.350048144220311
2024-11-21 00:00:00+00:00,89372.36379443818,8228.188013710831,7.270153776656807
2024-11-22 00:00:00+00:00,89132.86471675313,8212.201976325894,7.022122596960312
2024-11-25 00:00:00+00:00,89571.85522489919,8253.003278135384,7.559639454811085
2024-11-26 00:00:00+00:00,89511.82884660375,8248.440228813415,7.383189623461184
2024-11-27 00:00:00+00:00,89416.95026138796,8234.615928918769,7.307361546017521
2024-11-28 00:00:00+00:00,89240.59669500033,8221.363568519788,7.045488866262084
2024-11-29 00:00:00+00:00,89076.17844276418,8207.332641236613,6.953896767618395
2024-12-02 00:00:00+00:00,88889.42406291513,8196.674564195971,6.892235283261838
2024-12-03 00:00:00+00:00,89044.22575815185,8199.725672591852,6.938637529279346
2024-12-04 00:00:00+00:00,88785.84666899867,8179.311277501547,6.643589917492809
2024-12-05 00:00:00+00:00,88873.27277945227,8189.479804251558,6.744508186367515
2024-12-06 00:00:00+00:00,88888.6344860951,8190.287811794189,6.8289509064171305
2024-12-09 00:00:00+00:00,88751.40012137858,8173.803645195217,6.866633317013804
2024-12-10 00:00:00+00:00,88362.69439270292,8139.799750662249,6.3451135535423475
2024-12-11 00:00:00+00:00,88285.11659035293,8130.703933380619,6.0616093644366265
2024-12-12 00:00:00+00:00,88674.039883604,8167.28214737555,6.567296943939804
2024-12-13 00:00:00+00:00,89067.87578187912,8205.790897874853,7.379663729798236
2024-12-16 00:00:00+00:00,88684.29558351015,8173.938864022901,6.724393193799449
2024-12-17 00:00:00+00:00,88502.42613927167,8158.994121999432,6.543689036770872
2024-12-18 00:00:00+00:00,88465.58917852305,8152.82698725934,6.337029826886642
2024-12-19 00:00:00+00:00,88702.57280371954,8165.948970752435,6.650470253092644
2024-12-20 00:00:00+00:00,88772.07143295657,8176.093799689599,6.8252831425848814
2024-12-23 00:00:00+00:00,89163.48093733717,8208.653846153848,7.219344588786081
2024-12-24 00:00:00+00:00,,,6.9243629097220705
2024-12-27 00:00:00+00:00,88920.73198035308,8181.369741949003,6.813240505245011
2024-12-30 00:00:00+00:00,89378.12496485848,8224.162858229509,6.914182123795709
2024-12-31 00:00:00+00:00,,,6.997243323858937
2025-01-02 00:00:00+00:00,88745.75690271525,8183.585798848274,6.9309482412623025
2025-01-03 00:00:00+00:00,88870.52422409298,8188.485453804982,6.944405631826456
2025-01-06 00:00:00+00:00,89056.39774300453,8201.815263477773,6.899555972055937
2025-01-07 00:00:00+00:00,89050.32266240461,8203.414340326735,6.939589563997228
2025-01-08 00:00:00+00:00,89374.52138415693,8239.360341931626,7.418735219755868
2025-01-09 00:00:00+00:00,89650.61166205232,8275.719165741628,7.779922093253866
2025-01-10 00:00:00+00:00,89918.47309282928,8292.145836784062,7.919414550795878
2025-01-13 00:00:00+00:00,89925.49963279635,8288.213287696573,8.009267364084716
2025-01-14 00:00:00+00:00,90540.86825721066,8338.23766676097,8.568792611793995
2025-01-15 00:00:00+00:00,90146.85178781777,8309.823702820251,8.378496514819943
2025-01-16 00:00:00+00:00,90381.38499880448,8317.619739989026,8.335444355711052
2025-01-17 00:00:00+00:00,90614.32622356122,8348.526165880574,8.604595630571676
2025-01-20 00:00:00+00:00,90656.28161161167,8352.667052248658,8.851877542267083
2025-01-21 00:00:00+00:00,90653.48813901992,8353.142739168024,8.77238957042572
2025-01-22 00:00:00+00:00,90633.67428719964,8353.608439974738,8.688648805201794
2025-01-23 00:00:00+00:00,90545.51453203864,8330.861000492869,8.442417347068542
2025-01-24 00:00:00+00:00,90275.24376259556,8318.663710502315,8.258359278703509
2025-01-27 00:00:00+00:00,90198.05437828864,8313.49100191684,8.272772927390859
2025-01-28 00:00:00+00:00,89972.03730807855,8287.27881314187,7.776884087564695
2025-01-29 00:00:00+00:00,89812.18117189941,8277.252755116746,7.700953954649359
2025-01-30 00:00:00+00:00,89774.50122555267,8264.450868431193,7.680662400813887
2025-01-31 00:00:00+00:00,89662.41502214564,8258.291712416822,7.569552311909189
2025-02-03 00:00:00+00:00,88942.04327866071,8201.851450947774,6.732932107512424
2025-02-04 00:00:00+00:00,89173.80064655759,8213.820630973243,7.128027439828277
2025-02-05 00:00:00+00:00,89241.25295745379,8221.256460785606,7.207638315710185
2025-02-06 00:00:00+00:00,89408.72654652742,8240.114713245812,7.279167270611864
2025-02-07 00:00:00+00:00,89320.71676099121,8239.28157589803,7.310314094881343
2025-02-10 00:00:00+00:00,89278.46403939258,8224.81228372225,7.264835995239904
2025-02-11 00:00:00+00:00,89312.86164440148,8228.71629346976,7.270381351703192
2025-02-12 00:00:00+00:00,89474.739648461,8246.815197838601,7.575945613352109
2025-02-13 00:00:00+00:00,89263.58904263585,8228.014171808976,7.191782157298521
2025-02-14 00:00:00+00:00,89341.6506930649,8227.616363470088,7.270111531418877
2025-02-17 00:00:00+00:00,89137.26787477547,8211.580430664768,7.075804608560299
2025-02-18 00:00:00+00:00,88944.00792278221,8190.928946975499,6.894205445108148
2025-02-19 00:00:00+00:00,88802.48588819771,8178.270273302203,6.717116667330192
2025-02-20 00:00:00+00:00,88969.09669971908,8193.033786033637,6.93592239365739
2025-02-21 00:00:00+00:00,88629.0416771686,8169.819310326777,6.697379960606331
2025-02-24 00:00:00+00:00,88865.26974345802,8181.777254148877,6.843047403605906
2025-02-25 00:00:00+00:00,88996.52177880844,8199.138093089432,7.111545704787536
2025-02-26 00:00:00+00:00,88768.65966456274,8178.033697269582,6.858791077704973
2025-02-27 00:00:00+00:00,88339.184637928,8137.253060131896,6.399195130198043
2025-02-28 00:00:00+00:00,88464.22611297907,8159.653990966768,6.5403451453681205
2025-03-03 00:00:00+00:00,88548.28706443911,8157.457618682477,6.407294325435564
2025-03-04 00:00:00+00:00,88710.42469769515,8170.875141175672,6.893343659913986
2025-03-05 00:00:00+00:00,89701.50569529581,8270.131354286212,8.127130737851918
2025-03-06 00:00:00+00:00,90042.61331834218,8306.041226309491,8.602585268917773
2025-03-07 00:00:00+00:00,90137.83994711416,8300.572658577063,8.657802616586952
2025-03-10 00:00:00+00:00,90165.675447456,8310.246219754334,8.654221701392629
2025-03-11 00:00:00+00:00,90410.69165146197,8334.071992076832,9.26591071399885
2025-03-12 00:00:00+00:00,90092.51185807618,8305.862618746314,8.946695864625687
2025-03-13 00:00:00+00:00,89835.20820916806,8279.149275675072,8.667002487297172
2025-03-14 00:00:00+00:00,90215.13813909605,8319.320898017788,9.173248170734016
2025-03-17 00:00:00+00:00,90111.97142358383,8306.953642024131,9.080708633059942
2025-03-18 00:00:00+00:00,90265.04363251272,8315.770981556734,9.194686349606808
2025-03-19 00:00:00+00:00,89950.4297271898,8289.974832596718,8.753311667563391
2025-03-20 00:00:00+00:00,89637.3018815153,8263.567002706133,8.297520018883509
2025-03-21 00:00:00+00:00,89875.92315705652,8283.548591109782,8.515850715147
2025-03-24 00:00:00+00:00,89652.60827641102,8263.130685814214,8.16101428040783
2025-03-25 00:00:00+00:00,89478.98836079093,8245.31321893137,7.890552366207526
2025-03-26 00:00:00+00:00,89743.07397971944,8267.285771036999,8.250172486588836
2025-03-27 00:00:00+00:00,89377.47534860842,8228.330380520796,7.906645101039045
2025-03-28 00:00:00+00:00,89690.0905857028,8267.40955380833,8.441507039760365
2025-03-31 00:00:00+00:00,89727.21579071718,8264.0328907623,8.307719052570683
2025-04-01 00:00:00+00:00,89709.9791772061,8267.230843807822,8.31160928707526
2025-04-02 00:00:00+00:00,89727.22568451267,8276.083754664698,8.458211498321822
2025-04-03 00:00:00+00:00,90517.8309632664,8332.35476104136,9.231418843743056
2025-04-04 00:00:00+00:00,91351.23698981808,8400.841932144742,10.06048385869045
2025-04-07 00:00:00+00:00,91456.13941478288,8457.882947777212,11.744292648509912
2025-04-08 00:00:00+00:00,91418.75037742306,8445.604553292862,10.798593776528165
2025-04-09 00:00:00+00:00,93101.91541766214,8570.485932055988,11.923021720257342
2025-04-10 00:00:00+00:00,92704.83355351142,8544.385214518612,11.553123308824189
2025-04-11 00:00:00+00:00,93151.205703568,8580.705899211225,12.45319234511495
2025-04-14 00:00:00+00:00,92336.3786894068,8524.891881975054,11.86906163095327
2025-04-15 00:00:00+00:00,91562.71809284083,8442.548584550454,10.573827717342857
2025-04-16 00:00:00+00:00,92157.6610786227,8483.852506390484,11.05094749721578
2025-04-17 00:00:00+00:00,92071.1066039786,8479.53026515789,11.223768406730738
2025-04-22 00:00:00+00:00,92039.41782533957,8484.055101203865,11.231380981286732
2025-04-23 00:00:00+00:00,91858.62077355276,8472.212208688718,11.033263400540982
2025-04-24 00:00:00+00:00,91531.6712911098,8441.4125879197,10.68857632716178
2025-04-25 00:00:00+00:00,91639.9658666595,8445.00947829871,10.569299970585844
2025-04-28 00:00:00+00:00,91125.36777076924,8398.75830136497,9.991139475533494
2025-04-29 00:00:00+00:00,91212.61948921227,8398.312606737685,9.983653711895112
2025-04-30 00:00:00+00:00,91086.29908389076,8388.646045618483,9.967487483205751
2025-05-02 00:00:00+00:00,91419.70018069468,8427.099130358485,10.43099364334157
2025-05-06 00:00:00+00:00,91003.10142508296,8388.66509616016,10.002337672990455
2025-05-07 00:00:00+00:00,91153.7749230578,8400.83342766891,10.192926337551867
2025-05-08 00:00:00+00:00,90807.59261821031,8371.86790726603,9.69533876144888
2025-05-09 00:00:00+00:00,90754.80386385,8364.669047152647,9.772557662282466
2025-05-12 00:00:00+00:00,90123.33643736136,8308.38718034119,9.072165303457204
2025-05-13 00:00:00+00:00,90223.9494056442,8319.422827783468,8.887839883996707
2025-05-14 00:00:00+00:00,90342.02856876796,8325.14307406887,9.181915712206523
2025-05-15 00:00:00+00:00,90220.2021489364,8315.485828449313,8.99077290284158
2025-05-16 00:00:00+00:00,90104.3754759105,8304.73463038454,8.76748321571199
2025-05-19 00:00:00+00:00,90298.52053584304,8316.438356164383,9.05228302901322
2025-05-20 00:00:00+00:00,90314.41912584912,8320.634080712183,8.861569105202062
2025-05-21 00:00:00+00:00,90500.05256335351,8335.545951024078,9.115104526298934
2025-05-22 00:00:00+00:00,89950.36668490498,8300.290642131971,8.918801826704016
2025-05-23 00:00:00+00:00,90007.0907229006,8297.141660296504,8.85317573053721
2025-05-27 00:00:00+00:00,89908.203717937,8288.190868383757,8.458251238552617
2025-05-28 00:00:00+00:00,90042.20186159278,8291.818908430512,8.466538587214512
2025-05-29 00:00:00+00:00,90546.97145399552,8321.783887043599,8.692819661022044
2025-05-30 00:00:00+00:00,90323.21248365802,8319.261401953121,8.776981928475557
2025-06-02 00:00:00+00:00,90450.15748189326,8330.261725959284,8.964235993676217
2025-06-03 00:00:00+00:00,90230.84376305724,8313.530999441891,8.623532312303684
2025-06-04 00:00:00+00:00,90284.42983644176,8318.42372693764,8.799952475671958
2025-06-05 00:00:00+00:00,90335.81707806542,8322.314518224093,8.8139169102186
2025-06-06 00:00:00+00:00,90313.68565829424,8323.880597014926,8.86245140231714
2025-06-09 00:00:00+00:00,90309.4585508031,8321.733684851868,8.988432417268832
2025-06-10 00:00:00+00:00,90624.50956716698,8351.587402274243,9.278864335079028
2025-06-11 00:00:00+00:00,90899.66045024408,8378.033501312357,9.71355569255734
2025-06-12 00:00:00+00:00,91366.22815080952,8417.239338530464,10.144557014514932
2025-06-13 00:00:00+00:00,91285.3422078997,8413.083267615944,9.98746474974459
2025-06-16 00:00:00+00:00,91413.30533388157,8422.259519680136,10.258169665717531
2025-06-17 00:00:00+00:00,91472.24737070467,8427.997387944371,10.218877614446576
2025-06-18 00:00:00+00:00,91759.00929255248,8459.837446029884,10.598133856209513
2025-06-19 00:00:00+00:00,91543.08325441086,8439.010853087473,10.260449640138969
2025-06-20 00:00:00+00:00,91767.28435077352,8452.525125991753,10.445591027533418
2025-06-23 00:00:00+00:00,91715.13830609276,8451.670945230642,10.432960663047242
2025-06-24 00:00:00+00:00,91521.7885026299,8432.886034826872,10.321191463298284
2025-06-25 00:00:00+00:00,91491.8025740536,8440.49729244661,10.35600882433041
2025-06-26 00:00:00+00:00,91311.90357030848,8420.192808916321,10.142679895907914
2025-06-27 00:00:00+00:00,91551.98163660216,8442.963885429639,10.386357480024833
2025-06-30 00:00:00+00:00,91917.31289260628,8472.712400426706,10.757305064072575
2025-07-01 00:00:00+00:00,92102.13381483346,8489.920279294169,11.03875384708115
2025-07-02 00:00:00+00:00,92810.5992565532,8552.234821260652,11.842517452066126
2025-07-03 00:00:00+00:00,92389.47728576072,8513.05908413052,11.258142059642529
2025-07-04 00:00:00+00:00,92600.96444935809,8532.657329711848,11.497934690687694
2025-07-07 00:00:00+00:00,92224.84234554542,8499.890782858216,11.198332489036034
2025-07-08 00:00:00+00:00,92488.92405794424,8527.062300963074,11.516655990243606
2025-07-09 00:00:00+00:00,92407.96792872153,8518.271604938273,11.28997275543442
2025-07-10 00:00:00+00:00,92359.57150243636,8510.511581634482,11.282826739703244
2025-07-11 00:00:00+00:00,92917.04500827464,8561.37077939233,11.853597073756216
2025-07-14 00:00:00+00:00,93198.24095356408,8588.83974632291,12.263422322969086
2025-07-15 00:00:00+00:00,92968.53171668368,8569.019019722617,12.064451975412194
2025-07-16 00:00:00+00:00,93258.8172271426,8594.83002132753,11.953178229079086
2025-07-17 00:00:00+00:00,92694.56283670012,8542.191968822703,11.794477705136464
2025-07-18 00:00:00+00:00,92954.44406368818,8568.427824441666,12.107637455797482
2025-07-21 00:00:00+00:00,92984.7590456987,8571.684304282124,12.132910496769744
2025-07-22 00:00:00+00:00,93148.0387091089,8590.218226053952,12.367474345664784
2025-07-23 00:00:00+00:00,92732.56764272776,8547.936606438534,11.86000190130414
2025-07-24 00:00:00+00:00,93333.1958261938,8600.47669417967,12.471561319464076
2025-07-25 00:00:00+00:00,93669.40779097416,8634.761306189106,12.837637024790505
2025-07-28 00:00:00+00:00,92966.4316008019,8570.359031638196,12.03893785090977
2025-07-29 00:00:00+00:00,92774.77295970789,8544.669548158785,11.715996711115096
2025-07-30 00:00:00+00:00,92577.35647642936,8535.256826412322,11.56830277652585
2025-07-31 00:00:00+00:00,92697.4234180211,8542.728054699106,11.60918295990956
2025-08-01 00:00:00+00:00,93417.98098400404,8613.970307811705,12.568353624827068
2025-08-04 00:00:00+00:00,93329.56168644814,8608.018144362635,12.502468777360477
2025-08-05 00:00:00+00:00,93438.45222089595,8611.310284303743,12.516019101752573
2025-08-06 00:00:00+00:00,93538.29202615816,8620.885015681204,12.636639082534762
2025-08-07 00:00:00+00:00,93056.81438923583,8572.866132769199,12.10330489552456
2025-08-08 00:00:00+00:00,93007.36671980884,8572.13880767487,11.963940213784197
2025-08-11 00:00:00+00:00,92765.70119136292,8551.917465305422,11.751224434435017
2025-08-12 00:00:00+00:00,92732.88494667724,8548.648750011354,11.689366721696716
2025-08-13 00:00:00+00:00,92640.7064137702,8537.71470700959,11.604269792082489
2025-08-14 00:00:00+00:00,92256.83228712274,8502.899053492343,11.073951013228388
2025-08-15 00:00:00+00:00,92556.9232193612,8531.27664906202,11.477225527502032
2025-08-18 00:00:00+00:00,92594.56199003864,8532.674219618886,11.576112785728876
2025-08-19 00:00:00+00:00,92725.62021730829,8541.26774555369,11.80097469606658
2025-08-20 00:00:00+00:00,92850.08207119117,8562.665066026411,12.010367804601051
2025-08-21 00:00:00+00:00,92780.21529900972,8553.533543471825,12.006883740657525
2025-08-22 00:00:00+00:00,92851.92431852085,8555.950002608932,11.991850916649938
2025-08-26 00:00:00+00:00,92705.5156779898,8543.671555385341,11.837986957562885
2025-08-27 00:00:00+00:00,92472.88543365424,8514.146900512987,11.362644322151748
2025-08-28 00:00:00+00:00,92588.7105772668,8526.892491044902,11.457817717587782
2025-08-29 00:00:00+00:00,92875.64689484428,8558.985589975026,11.788437920888706
2025-09-01 00:00:00+00:00,92655.71405441592,8540.915719456281,11.64315607226758
2025-09-02 00:00:00+00:00,93476.2304278107,8613.272363452907,12.605282739682512
2025-09-03 00:00:00+00:00,93099.58730712051,8582.824076056857,12.20365661234124
2025-09-04 00:00:00+00:00,92990.905237938,8569.833729216152,11.878531750450373
2025-09-05 00:00:00+00:00,93077.49774059236,8577.187695067669,12.171208206435114
2025-09-08 00:00:00+00:00,93049.63578590528,8574.36667757219,12.044720660714248
2025-09-09 00:00:00+00:00,92884.9880764048,8561.97824690976,12.05436789000862
2025-09-10 00:00:00+00:00,92850.66433171176,8546.502586133916,11.898842837658696
2025-09-11 00:00:00+00:00,92719.1609960752,8550.350177282087,11.93344335616333
2025-09-12 00:00:00+00:00,92746.79973248144,8545.476090468948,11.910982335181796
2025-09-15 00:00:00+00:00,92759.4378196798,8551.005594030648,11.991405574614069
2025-09-16 00:00:00+00:00,93077.72786691952,8577.889337412254,12.433224510484276
2025-09-17 00:00:00+00:00,92994.36789838332,8572.281781767977,12.5591434015208
2025-09-18 00:00:00+00:00,93217.30794585276,8591.746160349796,12.686922531523148
2025-09-19 00:00:00+00:00,93449.30382555626,8609.39122044354,12.816127892966222
2025-09-22 00:00:00+00:00,93547.86638404743,8618.977396334943,12.819055142301703
2025-09-23 00:00:00+00:00,93550.60891943348,8624.544629061169,13.09501012562313
2025-09-24 00:00:00+00:00,93622.28240885538,8629.750905138004,13.08970205530171
2025-09-25 00:00:00+00:00,93820.04545539732,8650.408900729492,13.542858305431537
2025-09-26 00:00:00+00:00,93566.39275869416,8621.804312394645,12.895263646263832
2025-09-29 00:00:00+00:00,93721.67365584485,8638.180533171324,13.152412784283827
2025-09-30 00:00:00+00:00,93632.9395811108,8625.220417582219,13.054603910534723
2025-10-01 00:00:00+00:00,93292.24062432328,8598.106800079433,12.713061201264274
2025-10-02 00:00:00+00:00,93520.4522248409,8617.94886518208,13.026352571910271
2025-10-03 00:00:00+00:00,93407.15075285004,8613.143897020625,12.895700495137683
2025-10-06 00:00:00+00:00,93163.09144326928,8587.294201373697,12.593073782435592
2025-10-07 00:00:00+00:00,93148.24810918584,8586.479812510877,12.537290017412197
2025-10-08 00:00:00+00:00,92907.01443279177,8562.84866370474,12.132963083453172
2025-10-09 00:00:00+00:00,93165.48018199994,8586.648621750897,12.43652619733102
2025-10-10 00:00:00+00:00,93343.37444038676,8609.229206329455,12.61660203163457
2025-10-13 00:00:00+00:00,93080.5460038568,8576.260758379125,12.474280936359428
2025-10-14 00:00:00+00:00,93400.01991272824,8613.877031429358,12.974805352167994
2025-10-15 00:00:00+00:00,93327.2135421353,8590.421575022612,12.390538015197382
2025-10-16 00:00:00+00:00,93222.81584017904,8583.363727026443,12.761781640535252
2025-10-17 00:00:00+00:00,93399.5194084428,8607.77353067778,12.728644456682936
