date,FX
2014-01-02,1.207437816952427
2014-01-03,1.2041664157986633
2014-01-06,1.2043839576056847
2014-01-07,1.203152258918366
2014-01-08,1.2081672103419114
2014-01-09,1.2110202845897668
2014-01-10,1.2077294685990339
2014-01-13,1.2023566189731874
2014-01-14,1.2027181430031872
2014-01-15,1.2045290291496025
2014-01-16,1.2017064231208316
2014-01-17,1.2103606874848705
2014-01-20,1.2103606874848705
2014-01-21,1.213739531496541
2014-01-22,1.221001221001221
2014-01-23,1.216915120170368
2014-01-24,1.2061271257990593
2014-01-27,1.2120477546815345
2014-01-28,1.2152883271556176
2014-01-29,1.2163970319912418
2014-01-30,1.2138868657441126
2014-01-31,1.2175077616119803
2014-02-03,1.210800339024095
2014-02-04,1.2061998673180148
2014-02-05,1.201634222542658
2014-02-06,1.2066365007541477
2014-02-07,1.2027904738994466
2014-02-10,1.2025012025012025
2014-02-11,1.203731567860367
2014-02-12,1.2171372930866602
2014-02-13,1.2172854534388313
2014-02-14,1.2189918937039068
2014-02-17,1.2212248885632289
2014-02-18,1.2146240738491436
2014-02-19,1.21197430614471
2014-02-20,1.2165450121654502
2014-02-21,1.216796661109962
2014-02-24,1.212635663614867
2014-02-25,1.2136658777838463
2014-02-26,1.2156576707999027
2014-02-27,1.2189918937039068
2014-02-28,1.210287443267776
2014-03-03,1.2149930137901708
2014-03-04,1.2127091923356779
2014-03-05,1.2169891687963976
2014-03-06,1.2144765606023804
2014-03-07,1.2070006035003018
2014-03-10,1.1993283761093787
2014-03-11,1.199616122840691
2014-03-12,1.1963153487259242
2014-03-13,1.1969597223053443
2014-03-14,1.1952429331261578
2014-03-17,1.1951000896325068
2014-03-18,1.1928903733746867
2014-03-19,1.1950286806883366
2014-03-20,1.1982505541908812
2014-03-21,1.1966016513102788
2014-03-24,1.1970313622216902
2014-03-25,1.1978917105893627
2014-03-26,1.199616122840691
2014-03-27,1.2081672103419114
2014-03-28,1.2088974854932302
2014-03-31,1.207437816952427
2014-04-01,1.20598166907863
2014-04-02,1.2077294685990339
2014-04-03,1.205254911413764
2014-04-04,1.20962864400629
2014-04-07,1.2090436464756378
2014-04-08,1.2132977432661975
2014-04-09,1.2139605462822458
2014-04-10,1.2088974854932302
2014-04-11,1.2061271257990593
2014-04-14,1.208605269518975
2014-04-15,1.21197430614471
2014-04-16,1.213739531496541
2014-04-17,1.213150551983501
2014-04-22,1.218769043266301
2014-04-23,1.213739531496541
2014-04-24,1.2150668286755772
2014-04-25,1.2152883271556176
2014-04-28,1.215362177929023
2014-04-29,1.216249087813184
2014-04-30,1.2150668286755772
2014-05-02,1.2174336498660823
2014-05-05,1.215170184584351
2014-05-06,1.2178042988491748
2014-05-07,1.2184720360667722
2014-05-08,1.2146240738491436
2014-05-09,1.2236157846436218
2014-05-12,1.2267680794945715
2014-05-13,1.2285766939001168
2014-05-14,1.2229423994129878
2014-05-15,1.226692836113837
2014-05-16,1.2272950417280315
2014-05-19,1.2275963663147558
2014-05-20,1.2285012285012287
2014-05-21,1.2354830738818878
2014-05-22,1.2339585389930898
2014-05-23,1.2355593995181318
2014-05-26,1.2347203358439314
2014-05-27,1.2330456226880393
2014-05-28,1.2307692307692308
2014-05-29,1.2277470841006752
2014-05-30,1.2298610257040954
2014-06-02,1.2301636117603643
2014-06-03,1.2274456855284155
2014-06-04,1.2300123001230012
2014-06-05,1.2341108231519191
2014-06-06,1.23334977799704
2014-06-09,1.234796567265543
2014-06-10,1.238390092879257
2014-06-11,1.2391573729863692
2014-06-12,1.243935812912054
2014-06-13,1.2532898859506203
2014-06-16,1.254075746175069
2014-06-17,1.2509382036527397
2014-06-18,1.2492192379762648
2014-06-19,1.250234418953554
2014-06-20,1.2539184952978057
2014-06-23,1.2509382036527397
2014-06-24,1.2476606363069245
2014-06-25,1.2464942349641632
2014-06-26,1.2514078338130397
2014-06-27,1.2505471143625337
2014-06-30,1.2476606363069245
2014-07-01,1.252975817566721
2014-07-02,1.2565971349585323
2014-07-03,1.2554927809165097
2014-07-04,1.2616704516780217
2014-07-07,1.2596838193613404
2014-07-08,1.2596838193613404
2014-07-09,1.256992018100685
2014-07-10,1.2577825294006666
2014-07-11,1.259287243420224
2014-07-14,1.2553351744915893
2014-07-15,1.2608750472828143
2014-07-16,1.2653422750854106
2014-07-17,1.2643823492224049
2014-07-18,1.2633440717579434
2014-07-21,1.2634238787113077
2014-07-22,1.2650221378874131
2014-07-23,1.2645422357106728
2014-07-24,1.2623871741463106
2014-07-25,1.2639828098337862
2014-07-28,1.264942128897603
2014-07-29,1.2619888944977284
2014-07-30,1.2631047113805736
2014-07-31,1.2613521695257317
2014-08-01,1.256123602562492
2014-08-04,1.2543903662819869
2014-08-05,1.2596044841919636
2014-08-06,1.2612726240776944
2014-08-07,1.2594458438287153
2014-08-08,1.25517760763148
2014-08-11,1.2537612838515546
2014-08-12,1.257071024512885
2014-08-13,1.2504689258471928
2014-08-14,1.2475049900199602
2014-08-15,1.2466496291217353
2014-08-18,1.2496875781054737
2014-08-19,1.2458730455366598
2014-08-20,1.252975817566721
2014-08-21,1.2511729746637472
2014-08-22,1.2495314257153567
2014-08-25,1.2568024432239497
2014-08-26,1.2562024998429746
2014-08-27,1.2594458438287153
2014-08-28,1.2586532410320956
2014-08-29,1.257387149503332
2014-09-01,1.2654223347042075
2014-09-02,1.2605571662674901
2014-09-03,1.2522697389017594
2014-09-04,1.2607160867372667
2014-09-05,1.2585740356176451
2014-09-08,1.2463388795413473
2014-09-09,1.2492192379762648
2014-09-10,1.24804992199688
2014-09-11,1.2565971349585323
2014-09-12,1.2553351744915893
2014-09-15,1.2579407509906282
2014-09-16,1.2512512512512513
2014-09-17,1.2600806451612903
2014-09-18,1.2685525815045033
2014-09-19,1.2714558169103625
2014-09-22,1.2712941774726672
2014-09-23,1.272264631043257
2014-09-24,1.278281989006775
2014-09-25,1.2813941568426448
2014-09-26,1.2809017548354042
2014-09-29,1.2776287210936503
2014-09-30,1.2865045670912132
2014-10-01,1.2850167052171677
2014-10-02,1.278118609406953
2014-10-03,1.2734797835084368
2014-10-06,1.2726694241170857
2014-10-07,1.2755102040816326
2014-10-08,1.2706480304955527
2014-10-09,1.2698412698412698
2014-10-10,1.268713524486171
2014-10-13,1.2690355329949239
2014-10-14,1.2586532410320956
2014-10-15,1.2567550584391103
2014-10-16,1.2547051442910915
2014-10-17,1.257071024512885
2014-10-20,1.2635835228708618
2014-10-21,1.2658227848101264
2014-10-22,1.2643823492224049
2014-10-23,1.2651821862348178
2014-10-24,1.2679092177000129
2014-10-27,1.2704865963664083
2014-10-28,1.268874508311128
2014-10-29,1.2643024211391365
2014-10-30,1.2703252032520325
2014-10-31,1.275103602167676
2014-11-03,1.2806556957162065
2014-11-04,1.278935925310142
2014-11-05,1.2750223128904756
2014-11-06,1.272021878776315
2014-11-07,1.2764871074802144
2014-11-10,1.273560876209883
2014-11-11,1.2761613067891782
2014-11-12,1.2690355329949239
2014-11-13,1.2639029322548028
2014-11-14,1.2588116817724069
2014-11-17,1.2517211165352358
2014-11-18,1.2509382036527397
2014-11-19,1.2505471143625337
2014-11-20,1.2517211165352358
2014-11-21,1.2624668602449185
2014-11-24,1.2632642748863063
2014-11-25,1.261193088661874
2014-11-26,1.2643024211391365
2014-11-27,1.2626262626262625
2014-11-28,1.257387149503332
2014-12-01,1.2615112905260504
2014-12-02,1.2600806451612903
2014-12-03,1.271940981938438
2014-12-04,1.272102785905101
2014-12-05,1.268874508311128
2014-12-08,1.2746972594008923
2014-12-09,1.2655824843384167
2014-12-10,1.2662234884457106
2014-12-11,1.2615112905260504
2014-12-12,1.2618296529968454
2014-12-15,1.2600806451612903
2014-12-16,1.2554927809165097
2014-12-17,1.2607160867372667
2014-12-18,1.2714558169103625
2014-12-19,1.2743723716069837
2014-12-22,1.274047649382087
2014-12-23,1.271132579128003
2014-12-24,1.2714558169103625
2014-12-29,1.2751849018107626
2014-12-30,1.278281989006775
2014-12-31,1.2838618564642443
2015-01-02,1.282051282051282
2015-01-05,1.2776287210936503
2015-01-06,1.2751849018107626
2015-01-07,1.278281989006775
2015-01-08,1.2802458071949814
2015-01-09,1.282215668675471
2015-01-12,1.283532280836863
2015-01-13,1.2874983906270119
2015-01-14,1.2898232942086933
2015-01-15,1.3034410844629822
2015-01-16,1.30941469163284
2015-01-19,1.3048016701461378
2015-01-20,1.30941469163284
2015-01-21,1.3036110024768608
2015-01-22,1.3082155939298796
2015-01-23,1.3381506757660913
2015-01-26,1.3352026169971294
2015-01-27,1.3382402141184344
2015-01-28,1.339405304045004
2015-01-29,1.3373453694416582
2015-01-30,1.3313806417254694
2015-02-02,1.3287270794578794
2015-02-03,1.3263479010544466
2015-02-04,1.3304949441192122
2015-02-05,1.3365410318096766
2015-02-06,1.3381506757660913
2015-02-09,1.3486176668914363
2015-02-10,1.3477088948787062
2015-02-11,1.352082206598161
2015-02-12,1.3557483731019522
2015-02-13,1.3511687609782461
2015-02-16,1.3475272874275703
2015-02-17,1.3451708366962605
2015-02-18,1.3564839934888768
2015-02-19,1.355197181189863
2015-02-20,1.360914534567229
2015-02-23,1.3601741022850926
2015-02-24,1.3616557734204793
2015-02-25,1.3646288209606987
2015-02-26,1.369675386933297
2015-02-27,1.3740038472107723
2015-03-02,1.3709898546750754
2015-03-03,1.3743815283122593
2015-03-04,1.3776002204160354
2015-03-05,1.3791201213625708
2015-03-06,1.3850415512465375
2015-03-09,1.3915947676036737
2015-03-10,1.4029180695847363
2015-03-11,1.4213630872006253
2015-03-12,1.410238330277817
2015-03-13,1.3981125480601186
2015-03-16,1.4023278642546628
2015-03-17,1.3889853462045976
2015-03-18,1.3831258644536653
2015-03-19,1.3921759710427397
2015-03-20,1.3783597518952446
2015-03-23,1.3664935774801859
2015-03-24,1.3616557734204793
2015-03-25,1.357773251866938
2015-03-26,1.35666802333469
2015-03-27,1.3702384214853385
2015-03-30,1.3646288209606987
2015-03-31,1.3749484394335214
2015-04-01,1.3726835964310227
2015-04-02,1.366867140513942
2015-04-07,1.372495196266813
2015-04-08,1.3766519823788546
2015-04-09,1.3758943313153549
2015-04-10,1.3804527885146327
2015-04-13,1.386001386001386
2015-04-14,1.3856172925038104
2015-04-15,1.3950892857142858
2015-04-16,1.3910140492418974
2015-04-17,1.3890818169190167
2015-04-20,1.3897574873184628
2015-04-21,1.3914011409489355
2015-04-22,1.4027212792818067
2015-04-23,1.394700139470014
2015-04-24,1.396843134515994
2015-04-27,1.3962580284836639
2015-04-28,1.3986013986013988
2015-04-29,1.3964530093562353
2015-04-30,1.3760836658868858
2015-05-04,1.3552339133734483
2015-05-05,1.3605442176870748
2015-05-06,1.3557483731019522
2015-05-07,1.3468013468013467
2015-05-08,1.3736263736263736
2015-05-11,1.3896609227348526
2015-05-12,1.3958682300390843
2015-05-13,1.3939224979091163
2015-05-14,1.3829345871940257
2015-05-15,1.3867702121758425
2015-05-18,1.375515818431912
2015-05-19,1.3853293620558287
2015-05-20,1.397233477714126
2015-05-21,1.408649105507818
2015-05-22,1.4009526478005043
2015-05-25,1.4084507042253522
2015-05-26,1.4092446448703495
2015-05-27,1.4144271570014144
2015-05-28,1.403705783267827
2015-05-29,1.3908205841446455
2015-06-01,1.3903371567605145
2015-06-02,1.3806433798149937
2015-06-03,1.3745704467353952
2015-06-04,1.3598041881968996
2015-06-05,1.3666803334700013
2015-06-08,1.3664935774801859
2015-06-09,1.3598041881968996
2015-06-10,1.372872048325096
2015-06-11,1.3762730525736306
2015-06-12,1.3802622498274673
2015-06-15,1.3823610727121924
2015-06-16,1.3923698134224451
2015-06-17,1.394700139470014
2015-06-18,1.3952839402818473
2015-06-19,1.4017381553125876
2015-06-22,1.3948946854512485
2015-06-23,1.4082523588227012
2015-06-24,1.4048890137679124
2015-06-25,1.4033118158854898
2015-06-26,1.4039028499227852
2015-06-29,1.4114326040931544
2015-06-30,1.405678942929435
2015-07-01,1.4103377758973275
2015-07-02,1.4078558355624384
2015-07-03,1.4080540692762602
2015-07-06,1.4124293785310735
2015-07-07,1.4130281192595733
2015-07-08,1.3941168269901016
2015-07-09,1.3935340022296543
2015-07-10,1.3873473917869035
2015-07-13,1.4054813773717498
2015-07-14,1.411631846414455
2015-07-15,1.4194464158977997
2015-07-16,1.4324595330181922
2015-07-17,1.4320492624946297
2015-07-20,1.4345144168698893
2015-07-21,1.4312294260770002
2015-07-22,1.4322543683758235
2015-07-23,1.4196479273140261
2015-07-24,1.4146272457207527
2015-07-27,1.4031149151115476
2015-07-28,1.413627367825841
2015-07-29,1.4178363816815538
2015-07-30,1.4265335235378032
2015-07-31,1.42025280499929
2015-08-03,1.4228799089356858
2015-08-04,1.4229811454998222
2015-08-05,1.4361625736033319
2015-08-06,1.42571998859424
2015-08-07,1.4182385477237271
2015-08-10,1.4142271248762552
2015-08-11,1.4108352144469527
2015-08-12,1.3987970345502867
2015-08-13,1.4072614691809737
2015-08-14,1.3995801259622114
2015-08-17,1.4074595355383532
2015-08-18,1.4200511218403862
2015-08-19,1.4186409419775856
2015-08-20,1.4009526478005043
2015-08-21,1.3892747985551541
2015-08-24,1.3694878115584772
2015-08-25,1.3717421124828533
2015-08-26,1.3672409078479628
2015-08-27,1.3676148796498906
2015-08-28,1.3659336156262807
2015-08-31,1.374513765755364
2015-09-01,1.3646288209606987
2015-09-02,1.3570362328674175
2015-09-03,1.3614703880190606
2015-09-04,1.367053998632946
2015-09-07,1.369206544807284
2015-09-08,1.3804527885146327
2015-09-09,1.3791201213625708
2015-09-10,1.3763677654669326
2015-09-11,1.368738023542294
2015-09-14,1.3635124079629124
2015-09-15,1.361285053090117
2015-09-16,1.3761783527145117
2015-09-17,1.3724010155767514
2015-09-18,1.3702384214853385
2015-09-21,1.3806433798149937
2015-09-22,1.3844662882458811
2015-09-23,1.3704262025489926
2015-09-24,1.3537295248409367
2015-09-25,1.3610071452875128
2015-09-28,1.3601741022850926
2015-09-29,1.3529968881071575
2015-09-30,1.3540961408259986
2015-10-01,1.3574046423238768
2015-10-02,1.359064963305246
2015-10-05,1.3509862199405567
2015-10-06,1.3515339910798756
2015-10-07,1.359064963305246
2015-10-08,1.3575889220743957
2015-10-09,1.3500742540839745
2015-10-12,1.3511687609782461
2015-10-13,1.3368983957219251
2015-10-14,1.3480722566729577
2015-10-15,1.35189941868325
2015-10-16,1.3594344752582925
2015-10-19,1.3666803334700013
2015-10-20,1.3601741022850926
2015-10-21,1.3607293509320997
2015-10-22,1.3672409078479628
2015-10-23,1.3897574873184628
2015-10-26,1.3919821826280623
2015-10-27,1.386193512614361
2015-10-28,1.379690949227373
2015-10-29,1.3952839402818473
2015-10-30,1.3923698134224451
2015-11-02,1.4021312394840157
2015-11-03,1.4022295449765128
2015-11-04,1.40964195094446
2015-11-05,1.4033118158854898
2015-11-06,1.3934369121438026
2015-11-09,1.400364094664613
2015-11-10,1.411631846414455
2015-11-11,1.41643059490085
2015-11-12,1.4156285390713477
2015-11-13,1.4143271338660632
2015-11-16,1.4168319637291018
2015-11-17,1.4251104460595696
2015-11-18,1.42673705236125
2015-11-19,1.4289797084881395
2015-11-20,1.4265335235378032
2015-11-23,1.4234875444839858
2015-11-24,1.416029453412631
2015-11-25,1.4250089063056643
2015-11-26,1.4228799089356858
2015-11-27,1.4226774790155072
2015-11-30,1.4188422247446084
2015-12-01,1.4212620807276861
2015-12-02,1.4166312508853947
2015-12-03,1.4040999719180005
2015-12-04,1.3886960144424387
2015-12-07,1.3933398355858995
2015-12-08,1.3753266400770183
2015-12-09,1.3791201213625708
2015-12-10,1.38217000691085
2015-12-11,1.3842746400885935
2015-12-14,1.3774104683195594
2015-12-15,1.378929950358522
2015-12-16,1.373060551970342
2015-12-17,1.3762730525736306
2015-12-18,1.3761594143065534
2015-12-21,1.3701445502500513
2015-12-22,1.358326541700625
2015-12-23,1.364256480218281
2015-12-24,1.3620266957232363
2015-12-28,1.3598966478547632
2015-12-29,1.3512600499966219
2015-12-30,1.355031911001504
2015-12-31,1.362490632876899
2016-01-04,1.3548299688389107
2016-01-05,1.3654673311941012
2016-01-06,1.3616557734204793
2016-01-07,1.3414715943389899
2016-01-08,1.3419396395550127
2016-01-11,1.3385984873837093
2016-01-12,1.3319126265316994
2016-01-13,1.3329778725673154
2016-01-14,1.320951613542396
2016-01-15,1.3131976362442548
2016-01-18,1.311251852143241
2016-01-19,1.3076510663894445
2016-01-20,1.2987012987012987
2016-01-21,1.295638879531497
2016-01-22,1.3252229687644947
2016-01-25,1.3176966662274343
2016-01-26,1.314146790196465
2016-01-27,1.31639570854999
2016-01-28,1.3118539119483654
2016-01-29,1.3087292239235702
2016-02-01,1.314060446780552
2016-02-02,1.3182177695755337
2016-02-03,1.3274923669188903
2016-02-04,1.3055682485801945
2016-02-05,1.2991230919129586
2016-02-08,1.294665976178146
2016-02-09,1.2829559304637885
2016-02-10,1.293192633974757
2016-02-11,1.27000254000508
2016-02-12,1.2864218177140285
2016-02-15,1.2953367875647668
2016-02-16,1.2889920082495487
2016-02-17,1.2847690627609687
2016-02-18,1.296293895752045
2016-02-19,1.286752879109567
2016-02-22,1.278069603670616
2016-02-23,1.2822978777970122
2016-02-24,1.2668651422056123
2016-02-25,1.2671059300557526
2016-02-26,1.269921899803162
2016-02-29,1.2725884448969202
2016-03-01,1.2853470437017995
2016-03-02,1.291822761917065
2016-03-03,1.2914056950991155
2016-03-04,1.2906056812462088
2016-03-07,1.2913556651773033
2016-03-08,1.2885269559839192
2016-03-09,1.2964283399235108
2016-03-10,1.3033051819414034
2016-03-11,1.2887428313680005
2016-03-14,1.291522446660123
2016-03-15,1.2761938793741545
2016-03-16,1.2701638511367968
2016-03-17,1.2784780996701526
2016-03-18,1.284439021257466
2016-03-21,1.2770902775117172
2016-03-22,1.2691965985531157
2016-03-23,1.2660631765525099
2016-03-24,1.2668169956168132
2016-03-29,1.2746972594008923
2016-03-30,1.2725884448969202
2016-03-31,1.2633440717579434
2016-04-01,1.2517211165352358
2016-04-04,1.2541072010835486
2016-04-05,1.2475049900199602
2016-04-06,1.2375012375012375
2016-04-07,1.2387275790308196
2016-04-08,1.2386968908708038
2016-04-11,1.2490632025980515
2016-04-12,1.25250501002004
2016-04-13,1.2596362170605129
2016-04-14,1.256913021618904
2016-04-15,1.2566760917373547
2016-04-18,1.2534469791927803
2016-04-19,1.2662234884457106
2016-04-20,1.2642225031605563
2016-04-21,1.2707610587981142
2016-04-22,1.2765685836471565
2016-04-25,1.287995878413189
2016-04-26,1.2906056812462088
2016-04-27,1.2907389480477574
2016-04-28,1.2847195457231686
2016-04-29,1.281640499839795
2016-05-02,1.2779879357938861
2016-05-03,1.2641745572228613
2016-05-04,1.2612885323646637
2016-05-05,1.26806999746386
2016-05-06,1.2682308180088777
2016-05-09,1.2658548317678928
2016-05-10,1.2696800406297613
2016-05-11,1.2664961118569367
2016-05-12,1.2676199168441333
2016-05-13,1.2697122831966277
2016-05-16,1.2690355329949239
2016-05-17,1.2795905310300704
2016-05-18,1.290572368845583
2016-05-19,1.3057387216817915
2016-05-20,1.2985663827134843
2016-05-23,1.2912722905879164
2016-05-24,1.306967443440984
2016-05-25,1.317089232795522
2016-05-26,1.3163090693694879
2016-05-27,1.3115614138632041
2016-05-30,1.3136288998357963
2016-05-31,1.3125943427183828
2016-06-01,1.29269112438274
2016-06-02,1.2930755802676668
2016-06-03,1.2939121433654655
2016-06-06,1.2703252032520325
2016-06-07,1.2840267077555212
2016-06-08,1.2812628126281265
2016-06-09,1.2748922716030495
2016-06-10,1.27420998980632
2016-06-13,1.2576243476073696
2016-06-14,1.258209819069428
2016-06-15,1.2632961924252761
2016-06-16,1.2652942441764832
2016-06-17,1.2695188523549576
2016-06-20,1.2924071082390953
2016-06-21,1.3028467200833822
2016-06-22,1.3022020236219447
2016-06-23,1.3055682485801945
2016-06-24,1.238390092879257
2016-06-27,1.1990407673860912
2016-06-28,1.2088974854932302
2016-06-29,1.2113870381586918
2016-06-30,1.2099213551119177
2016-07-01,1.1928903733746867
2016-07-04,1.1918240867647936
2016-07-05,1.176512112192195
2016-07-06,1.1723329425556859
2016-07-07,1.1752952929423517
2016-07-08,1.1731168541698438
2016-07-11,1.1751295580337733
2016-07-12,1.1865915158706615
2016-07-13,1.1990695220508885
2016-07-14,1.2003216862119048
2016-07-15,1.2008405884118882
2016-07-18,1.1994434582353788
2016-07-19,1.1911852293031566
2016-07-20,1.1961007116799236
2016-07-21,1.1962437944853161
2016-07-22,1.1889475436343748
2016-07-25,1.1951715071112705
2016-07-26,1.1946004061641382
2016-07-27,1.1922503725782414
2016-07-28,1.1873664212776063
2016-07-29,1.1848341232227488
2016-08-01,1.1828720132481665
2016-08-02,1.1860989206499823
2016-08-03,1.1917530687641522
2016-08-04,1.1819911823457798
2016-08-05,1.1791062374719963
2016-08-08,1.1770937555176268
2016-08-09,1.1709738989917915
2016-08-10,1.1690300557627336
2016-08-11,1.1622771333596782
2016-08-12,1.1621150493898895
2016-08-15,1.153708596282751
2016-08-16,1.1486331265793706
2016-08-17,1.154201292705448
2016-08-18,1.1618045147723444
2016-08-19,1.1555750719345483
2016-08-22,1.1595547309833023
2016-08-23,1.1628583057154487
2016-08-24,1.1746740279572419
2016-08-25,1.1686338670094658
2016-08-26,1.1702750146284375
2016-08-29,1.169919041602321
2016-08-30,1.1741223435481978
2016-08-31,1.179161851755772
2016-09-01,1.189767995240928
2016-09-02,1.1868027533823877
2016-09-05,1.1955573090396088
2016-09-06,1.1971030107140719
2016-09-07,1.1909298780487805
2016-09-08,1.1825922421948911
2016-09-09,1.1826202133446866
2016-09-12,1.1837821840781295
2016-09-13,1.179760036808513
2016-09-14,1.175391993229742
2016-09-15,1.1737364726871524
2016-09-16,1.173667593864066
2016-09-19,1.1695906432748537
2016-09-20,1.1599178778142507
2016-09-21,1.1669564608544456
2016-09-22,1.1638056444573757
2016-09-23,1.1569387400937121
2016-09-26,1.1482374555057986
2016-09-27,1.1572332866582575
2016-09-28,1.159985152190052
2016-09-29,1.160927813508556
2016-09-30,1.1613997189412681
2016-10-03,1.1452392404773357
2016-10-04,1.142334932602239
2016-10-05,1.134365606034825
2016-10-06,1.1322079186621832
2016-10-07,1.1067701127798744
2016-10-10,1.1102475852115021
2016-10-11,1.1082419957221858
2016-10-12,1.11123458162018
2016-10-13,1.1058277120424638
2016-10-14,1.1122233344455565
2016-10-17,1.1051555506437531
2016-10-18,1.1165075643387485
2016-10-19,1.1193445118538585
2016-10-20,1.1164701679171132
2016-10-21,1.1195700850873265
2016-10-24,1.1234061674998597
2016-10-25,1.123620755522596
2016-10-26,1.1177555468619014
2016-10-27,1.1216043428520155
2016-10-28,1.1122851899226962
2016-10-31,1.1104941699056081
2016-11-01,1.1089794062524259
2016-11-02,1.1103338773969331
2016-11-03,1.1279297976493943
2016-11-04,1.1260246824610396
2016-11-07,1.1230907457322552
2016-11-08,1.122485632183908
2016-11-09,1.1232168931820734
2016-11-10,1.139146779062482
2016-11-11,1.160995205089803
2016-11-14,1.1629935453858231
2016-11-15,1.1542279369329855
2016-11-16,1.1613053071652537
2016-11-17,1.1620475277438846
2016-11-18,1.159850611241272
2016-11-21,1.1665208515602217
2016-11-22,1.1706449082799715
2016-11-23,1.171056175564742
2016-11-24,1.179245283018868
2016-11-25,1.173956939259468
2016-11-28,1.1722917130698804
2016-11-29,1.1790367269940458
2016-11-30,1.1730205278592374
2016-12-01,1.1890889200694428
2016-12-02,1.1861974069724683
2016-12-05,1.1880999904952
2016-12-06,1.187507421921387
2016-12-07,1.1751571772724603
2016-12-08,1.1765397964586153
2016-12-09,1.191398105677012
2016-12-12,1.1918951132300357
2016-12-13,1.197776926025297
2016-12-14,1.1910007979705346
2016-12-15,1.196200866049427
2016-12-16,1.1920371915603767
2016-12-19,1.188495364868077
2016-12-20,1.190788063540451
2016-12-21,1.1870845204178537
2016-12-22,1.18140469017662
2016-12-23,1.172635380754708
2016-12-27,1.1723329425556859
2016-12-28,1.17470162578705
2016-12-29,1.1723329425556859
2016-12-30,1.1679786960685836
2017-01-02,1.1745360582569884
2017-01-03,1.182522320108792
2017-01-04,1.1772323267996938
2017-01-05,1.1704119850187265
2017-01-06,1.167569587147394
2017-01-09,1.1539349180706209
2017-01-10,1.1502185415228894
2017-01-11,1.153070049005477
2017-01-12,1.1515032875418858
2017-01-13,1.1422305478137706
2017-01-16,1.1388483965014577
2017-01-17,1.1522064754003918
2017-01-18,1.1516358987942372
2017-01-19,1.1553347582462017
2017-01-20,1.1548010855130204
2017-01-23,1.160793053814366
2017-01-24,1.1580775911986103
2017-01-25,1.1720169239243814
2017-01-26,1.1744946736666548
2017-01-27,1.1741223435481978
2017-01-30,1.1773709307117206
2017-01-31,1.1613727425817317
2017-02-01,1.1707134327659274
2017-02-02,1.161872008179579
2017-02-03,1.1626149535535326
2017-02-06,1.1634671320535195
2017-02-07,1.1583458820803894
2017-02-08,1.1721268241223701
2017-02-09,1.175226231049477
2017-02-10,1.1724703951225233
2017-02-13,1.1779950524207798
2017-02-14,1.175115748901267
2017-02-15,1.1764982705475424
2017-02-16,1.1749500646222537
2017-02-17,1.1665888940737286
2017-02-20,1.174467085559927
2017-02-21,1.1784115012962526
2017-02-22,1.1841326228537596
2017-02-23,1.1816420097367302
2017-02-24,1.1833899388187403
2017-02-27,1.172607879924953
2017-02-28,1.1722642283570717
2017-03-01,1.168907071887785
2017-03-02,1.168770453482936
2017-03-03,1.1580105378958947
2017-03-06,1.1587485515643106
2017-03-07,1.1532695190866105
2017-03-08,1.1526978894101645
2017-03-09,1.1540281352059363
2017-03-10,1.146131805157593
2017-03-13,1.146026725343235
2017-03-14,1.1420348777451663
2017-03-15,1.1484616356390616
2017-03-16,1.1519410206197442
2017-03-17,1.151171892987061
2017-03-20,1.152166649384167
2017-03-21,1.1526978894101645
2017-03-22,1.1522064754003918
2017-03-23,1.159111193536796
2017-03-24,1.1547344110854503
2017-03-27,1.1573672210455657
2017-03-28,1.156671100572552
2017-03-29,1.1576083810846791
2017-03-30,1.1603620329542816
2017-03-31,1.1688660830128692
2017-04-03,1.172882946281961
2017-04-04,1.1679104913399436
2017-04-05,1.169453865045024
2017-04-06,1.168360789811894
2017-04-07,1.1685928972923703
2017-04-10,1.1718521122634322
2017-04-11,1.1719207781553969
2017-04-12,1.1786892975011787
2017-04-13,1.179760036808513
2017-04-18,1.1851851851851851
2017-04-19,1.198609612849095
2017-04-20,1.1916110581506196
2017-04-21,1.1944577161968466
2017-04-24,1.1788282447247436
2017-04-25,1.177467972871138
2017-04-26,1.1778146826378337
2017-04-27,1.1845534233593935
2017-04-28,1.183810211546885
2017-05-02,1.183151916706105
2017-05-03,1.1842728564661298
2017-05-04,1.1797322007904205
2017-05-05,1.180498170227836
2017-05-08,1.183922334694844
2017-05-09,1.1862396204033214
2017-05-10,1.1906888134785973
2017-05-11,1.1836420666390484
2017-05-12,1.1822007849813212
2017-05-15,1.177467972871138
2017-05-16,1.1645781897796619
2017-05-17,1.1662487608606915
2017-05-18,1.1714677319213243
2017-05-19,1.164035945429995
2017-05-22,1.1580373582851782
2017-05-23,1.156564079432821
2017-05-24,1.1582117211026177
2017-05-25,1.1556952662721893
2017-05-26,1.1469205184080744
2017-05-29,1.1481979033906284
2017-05-30,1.152166649384167
2017-05-31,1.1446231328335146
2017-06-01,1.14639458901754
2017-06-02,1.1458954026676444
2017-06-05,1.1477103179157582
2017-06-06,1.14639458901754
2017-06-07,1.150642058268514
2017-06-08,1.152671315774307
2017-06-09,1.1410575321207694
2017-06-12,1.1293692472753967
2017-06-13,1.1353959693443088
2017-06-14,1.1368804001819008
2017-06-15,1.1410314924691922
2017-06-16,1.1434713503253175
2017-06-19,1.142622089170228
2017-06-20,1.1345200412965295
2017-06-21,1.1388224575788635
2017-06-22,1.1341983486072045
2017-06-23,1.1388873071009624
2017-06-26,1.1385631333257429
2017-06-27,1.1316057485572026
2017-06-28,1.1296243998870377
2017-06-29,1.1364927832708263
2017-06-30,1.1372294815370794
2017-07-03,1.1401858502935978
2017-07-04,1.1388873071009624
2017-07-05,1.139795976520203
2017-07-06,1.1361957892584051
2017-07-07,1.1300967362806256
2017-07-10,1.1306717320760262
2017-07-11,1.1322720170293712
2017-07-12,1.124543154343548
2017-07-13,1.1335940599671257
2017-07-14,1.1365832035734176
2017-07-17,1.1395362087630334
2017-07-18,1.1263798152737103
2017-07-19,1.130135051138611
2017-07-20,1.1271669785161975
2017-07-21,1.1159468809284678
2017-07-24,1.119194180190263
2017-07-25,1.1186307959058113
2017-07-26,1.1201344161299356
2017-07-27,1.1238733169997077
2017-07-28,1.1164701679171132
2017-07-31,1.1183180496533214
2017-08-01,1.118067978533095
2017-08-02,1.1182555213866368
2017-08-03,1.107199007949689
2017-08-04,1.1076650420912715
2017-08-07,1.105766572676508
2017-08-08,1.1028033260548313
2017-08-09,1.1069538843011801
2017-08-10,1.1073829219405777
2017-08-11,1.1032048099729714
2017-08-14,1.0996865893220433
2017-08-15,1.0971528882549784
2017-08-16,1.0989856362577342
2017-08-17,1.1001705264315969
2017-08-18,1.0966355222178357
2017-08-21,1.0950743555487417
2017-08-22,1.0903579645197519
2017-08-23,1.085387429042797
2017-08-24,1.0869565217391304
2017-08-25,1.0859767818164048
2017-08-28,1.0830950524218006
2017-08-29,1.0756736406174368
2017-08-30,1.0840578453266267
2017-08-31,1.0872756134952648
2017-09-01,1.0860711376595167
2017-09-04,1.0886723640520386
2017-09-05,1.090037061260083
2017-09-06,1.093756835980225
2017-09-07,1.094055993785762
2017-09-08,1.0956742779506508
2017-09-11,1.101624896722666
2017-09-12,1.1126193284229733
2017-09-13,1.108119189300001
2017-09-14,1.12204481446989
2017-09-15,1.1358086389605078
2017-09-18,1.1331059567380146
2017-09-19,1.1283879849247365
2017-09-20,1.1276499774470004
2017-09-21,1.1332728921124207
2017-09-22,1.134365606034825
2017-09-25,1.1371648206691076
2017-09-26,1.1392765593847907
2017-09-27,1.1420087934677097
2017-09-28,1.1410965938266675
2017-09-29,1.134069722606546
2017-10-02,1.1309914270849828
2017-10-03,1.1262149043280438
2017-10-04,1.1265320836337418
2017-10-05,1.121667246194744
2017-10-06,1.1168816663874463
2017-10-09,1.1211390773025394
2017-10-10,1.1184431271669835
2017-10-11,1.1147029316687103
2017-10-12,1.1082174322602094
2017-10-13,1.1238480557428636
2017-10-16,1.1267224769866933
2017-10-17,1.1217301565935298
2017-10-18,1.1200340490350906
2017-10-19,1.113399766186049
2017-10-20,1.1157850105441685
2017-10-23,1.1224604332697272
2017-10-24,1.1197832099705498
2017-10-25,1.1250745361880226
2017-10-26,1.1234692731153804
2017-10-27,1.1282479437681225
2017-10-30,1.136621959536258
2017-10-31,1.1382650564010335
2017-11-01,1.1443611603822166
2017-11-02,1.1275228323373547
2017-11-03,1.124568446858518
2017-11-06,1.1313497001923294
2017-11-07,1.1358731456870896
2017-11-08,1.1311577399468355
2017-11-09,1.1282479437681225
2017-11-10,1.1316057485572026
2017-11-13,1.1233683075333079
2017-11-14,1.1162583021711223
2017-11-15,1.1122233344455565
2017-11-16,1.1212899319377012
2017-11-17,1.1187559433909493
2017-11-20,1.124353496739375
2017-11-21,1.1299690388483357
2017-11-22,1.1259993244004054
2017-11-23,1.1235323858210213
2017-11-24,1.1220825852782765
2017-11-27,1.1188811188811187
2017-11-28,1.116844244901606
2017-11-29,1.1325926177613175
2017-11-30,1.1365573677331362
2017-12-01,1.1348805538217104
2017-12-04,1.139925904816187
2017-12-05,1.1340054205459102
2017-12-06,1.1320541121865626
2017-12-07,1.1354862151973475
2017-12-08,1.1425307055127107
2017-12-11,1.13314447592068
2017-12-12,1.1354862151973475
2017-12-13,1.1375917183322906
2017-12-14,1.1342626725497091
2017-12-15,1.1331059567380146
2017-12-18,1.13368401959006
2017-12-19,1.1299435028248588
2017-12-20,1.1322463768115942
2017-12-21,1.126595540934849
2017-12-22,1.1290759642308734
2017-12-27,1.1287573510322486
2017-12-28,1.1265320836337418
2017-12-29,1.127103456826302
2018-01-02,1.1241891785549671
2018-01-03,1.128158844765343
2018-01-04,1.122296667901193
2018-01-05,1.1250745361880226
2018-01-08,1.1310553877823397
2018-01-09,1.1328877308258751
2018-01-10,1.127777151234916
2018-01-11,1.1226494527083917
2018-01-12,1.1238101659867614
2018-01-15,1.1230529070224498
2018-01-16,1.1253657438667568
2018-01-17,1.1290759642308734
2018-01-18,1.13368401959006
2018-01-19,1.1316697787585581
2018-01-22,1.1352670715785889
2018-01-23,1.1385631333257429
2018-01-24,1.1470126056685364
2018-01-25,1.1489234587191801
2018-01-26,1.14501631648251
2018-01-29,1.137138958380714
2018-01-30,1.1372682815876265
2018-01-31,1.1375270162666364
2018-02-01,1.1425959780621573
2018-02-02,1.1383039271485487
2018-02-05,1.1290759642308734
2018-02-06,1.1250492209034144
2018-02-07,1.127713560755568
2018-02-08,1.1426873721618502
2018-02-09,1.1268875366238449
2018-02-12,1.1286681715575622
2018-02-13,1.1244167088322934
2018-02-14,1.1230907457322552
2018-02-15,1.1279043537108053
2018-02-16,1.1260880826098218
2018-02-19,1.1287955751213454
2018-02-20,1.1341983486072045
2018-02-21,1.1304161061686806
2018-02-22,1.1319515977496801
2018-02-23,1.137138958380714
2018-02-26,1.1386927806877705
2018-02-27,1.1312217194570136
2018-02-28,1.1310298026352994
2018-03-01,1.1296882060551288
2018-03-02,1.1195700850873265
2018-03-05,1.1227124733355787
2018-03-06,1.1215162900241125
2018-03-07,1.1171561672606214
2018-03-08,1.1177555468619014
2018-03-09,1.124947971156334
2018-03-12,1.1287955751213454
2018-03-13,1.1280315848843767
2018-03-14,1.128286133363421
2018-03-15,1.1301989150090415
2018-03-16,1.1331059567380146
2018-03-19,1.1416437386549154
2018-03-20,1.140055862737274
2018-03-21,1.1441254876834892
2018-03-22,1.146788990825688
2018-03-23,1.145672223176949
2018-03-26,1.1461580781221345
2018-03-27,1.137138958380714
2018-03-28,1.1414873580275098
2018-03-29,1.1429877700308606
2018-04-03,1.1425568136375581
2018-04-04,1.1419044682721844
2018-04-05,1.144230219120087
2018-04-06,1.1455409817286213
2018-04-09,1.148263825096454
2018-04-10,1.1470126056685364
2018-04-11,1.1446886446886446
2018-04-12,1.1528041962072741
2018-04-13,1.1574074074074074
2018-04-16,1.1565373272422368
2018-04-17,1.1590171534538711
2018-04-18,1.1480397221743872
2018-04-19,1.1497556769186548
2018-04-20,1.1414482695644235
2018-04-23,1.1410314924691922
2018-04-24,1.1432752549503817
2018-04-25,1.1444266422522316
2018-04-26,1.148105625717566
2018-04-27,1.1402508551881414
2018-04-30,1.1368804001819008
2018-05-02,1.1358473421172195
2018-05-03,1.1340440009072352
2018-05-04,1.1333371111237038
2018-05-07,1.1362345188046814
2018-05-08,1.1372682815876265
2018-05-09,1.1435759620332782
2018-05-10,1.1388224575788635
2018-05-11,1.1363636363636365
2018-05-14,1.1332728921124207
2018-05-15,1.1376564277588168
2018-05-16,1.1439291679059234
2018-05-17,1.1448196908986834
2018-05-18,1.145147437732608
2018-05-21,1.1410314924691922
2018-05-22,1.1404068971809143
2018-05-23,1.1369708821757074
2018-05-24,1.1431837667905116
2018-05-25,1.142334932602239
2018-05-28,1.1433144686446006
2018-05-29,1.147539102394914
2018-05-30,1.1428571428571428
2018-05-31,1.1405109489051095
2018-06-01,1.1405109489051095
2018-06-04,1.1406020097407412
2018-06-05,1.1442956860052638
2018-06-06,1.14047192728351
2018-06-07,1.134777526865858
2018-06-08,1.1398219598098775
2018-06-11,1.1340440009072352
2018-06-12,1.1341083073433513
2018-06-13,1.1336583153837434
2018-06-14,1.14047192728351
2018-06-15,1.1452130096197892
2018-06-18,1.1408362329587587
2018-06-19,1.1403418744939733
2018-06-20,1.137941236714536
2018-06-21,1.1445576284765937
2018-06-22,1.14073212187582
2018-06-25,1.1358473421172195
2018-06-26,1.134301270417423
2018-06-27,1.134134031959897
2018-06-28,1.1296882060551288
2018-06-29,1.128604480559788
2018-07-02,1.1280315848843767
2018-07-03,1.1318619128466327
2018-07-04,1.134970717755482
2018-07-05,1.1323745895142112
2018-07-06,1.1287318697443423
2018-07-09,1.1319259720414285
2018-07-10,1.1320156670968327
2018-07-11,1.1301733685947424
2018-07-12,1.132977578373724
2018-07-13,1.1300967362806256
2018-07-16,1.1328877308258751
2018-07-17,1.1270780501549733
2018-07-18,1.1221077672299649
2018-07-19,1.1198459092028936
2018-07-20,1.1180054782268434
2018-07-23,1.12145340361108
2018-07-24,1.1213528000179416
2018-07-25,1.125429069832874
2018-07-26,1.1253657438667568
2018-07-27,1.125834524841539
2018-07-30,1.1227124733355787
2018-07-31,1.1208249271463797
2018-08-01,1.1230907457322552
2018-08-02,1.121767906220203
2018-08-03,1.1229646266142617
2018-08-06,1.1200716845878136
2018-08-07,1.1175307041560967
2018-08-08,1.1100627185435976
2018-08-09,1.1118523460084502
2018-08-10,1.1151379983272929
2018-08-13,1.119444755401321
2018-08-14,1.1198208286674132
2018-08-15,1.1219566924716706
2018-08-16,1.1173434043218844
2018-08-17,1.116382919341334
2018-08-20,1.1175931513891684
2018-08-21,1.1143302874972143
2018-08-22,1.1120007116804556
2018-08-23,1.1126193284229733
2018-08-24,1.1086474501108647
2018-08-27,1.1066231394898467
2018-08-28,1.102779003087781
2018-08-29,1.1049723756906078
2018-08-30,1.1141068205619555
2018-08-31,1.1143302874972143
2018-09-03,1.1091639122429513
2018-09-04,1.1103955228852516
2018-09-05,1.1070764325569038
2018-09-06,1.1132882080513002
2018-09-07,1.1201344161299356
2018-09-10,1.1193194537721065
2018-09-11,1.1227376835676113
2018-09-12,1.1232421260726964
2018-09-13,1.1235955056179776
2018-09-14,1.1207244362756086
2018-09-17,1.1251758087201125
2018-09-18,1.1240628126299697
2018-09-19,1.1259612894508688
2018-09-20,1.1287955751213454
2018-09-21,1.1185682326621924
2018-09-24,1.1178430101276575
2018-09-25,1.1182555213866368
2018-09-26,1.122586439155815
2018-09-27,1.1239364751104268
2018-09-28,1.1270145384875465
2018-10-01,1.1226116437279687
2018-10-02,1.1230529070224498
2018-10-03,1.1249226615670171
2018-10-04,1.1289230074508918
2018-10-05,1.134236942097204
2018-10-08,1.1362345188046814
2018-10-09,1.1405109489051095
2018-10-10,1.1435367303997803
2018-10-11,1.1429877700308606
2018-10-12,1.1410314924691922
2018-10-15,1.135782838321313
2018-10-16,1.1416437386549154
2018-10-17,1.1370743078060153
2018-10-18,1.1383946358844756
2018-10-19,1.1361054305839582
2018-10-22,1.130901894260673
2018-10-23,1.135035129337253
2018-10-24,1.1333628007661534
2018-10-25,1.1295223250087538
2018-10-26,1.1276499774470004
2018-10-29,1.1262783258998963
2018-10-30,1.1217301565935298
2018-10-31,1.1252011297019342
2018-11-01,1.134134031959897
2018-11-02,1.1380448389666553
2018-11-05,1.1424001827840293
2018-11-06,1.1453048228786091
2018-11-07,1.1441254876834892
2018-11-08,1.1472757936280302
2018-11-09,1.148725489069877
2018-11-12,1.1420348777451663
2018-11-13,1.1501523951923631
2018-11-14,1.1487914713721166
2018-11-15,1.1316057485572026
2018-11-16,1.1318619128466327
2018-11-19,1.1225486344195863
2018-11-20,1.1247581769919468
2018-11-21,1.122233693944427
2018-11-22,1.1286936499695253
2018-11-23,1.1301989150090415
2018-11-26,1.1307100859339665
2018-11-27,1.1267859557398476
2018-11-28,1.1332086803784918
2018-11-29,1.1218937566612441
2018-11-30,1.1227376835676113
2018-12-03,1.1217049915872126
2018-12-04,1.1228637517123672
2018-12-05,1.1250492209034144
2018-12-06,1.1244799280332847
2018-12-07,1.122523432676657
2018-12-10,1.1080946312815114
2018-12-11,1.1083034091412864
2018-12-12,1.1094469407000611
2018-12-13,1.1129908289555694
2018-12-14,1.1131518895753325
2018-12-17,1.1124707976415618
2018-12-18,1.1146408069999443
2018-12-19,1.107199007949689
2018-12-20,1.106990645929042
2018-12-21,1.1084631158898188
2018-12-24,1.1106421733046048
2018-12-27,1.1102106069521387
2018-12-28,1.1077509332801612
2018-12-31,1.1179054922696834
2019-01-02,1.109077801807797
2019-01-03,1.1072725662148994
2019-01-04,1.1112592790149798
2019-01-07,1.1145786892554614
2019-01-08,1.1142930367828132
2019-01-09,1.1121862244614238
2019-01-10,1.1059133185140948
2019-01-11,1.1109259567849803
2019-01-14,1.1202850005041283
2019-01-15,1.1232799775344005
2019-01-16,1.1287955751213454
2019-01-17,1.1330160888284613
2019-01-18,1.1347517730496455
2019-01-21,1.132464355684405
2019-01-22,1.1363636363636365
2019-01-23,1.146618050061344
2019-01-24,1.1483033817534591
2019-01-25,1.155001155001155
2019-01-28,1.1509069146487432
2019-01-29,1.152937107280798
2019-01-30,1.144937658144514
2019-01-31,1.1418392747036927
2019-02-01,1.1378117604223557
2019-02-04,1.1405369648030292
2019-02-05,1.1389132489778253
2019-02-06,1.1380448389666553
2019-02-07,1.1396011396011396
2019-02-08,1.1429877700308606
2019-02-11,1.1413570735604635
2019-02-12,1.1401858502935978
2019-02-13,1.1421653170079837
2019-02-14,1.1370743078060153
2019-02-15,1.1371648206691076
2019-02-18,1.141291942478886
2019-02-19,1.1469862935137924
2019-02-20,1.1501523951923631
2019-02-21,1.1520073728471862
2019-02-22,1.145961060243173
2019-02-25,1.1517022158750634
2019-02-26,1.1620475277438846
2019-02-27,1.1695496064465576
2019-02-28,1.1650259218267607
2019-03-01,1.1632235250325702
2019-03-04,1.1658408627222383
2019-03-05,1.1579703096412608
2019-03-06,1.1631964638827497
2019-03-07,1.1644154634373545
2019-03-08,1.1640765962400326
2019-03-11,1.1595547309833023
2019-03-12,1.160833478437518
2019-03-13,1.1644154634373545
2019-03-14,1.1733233209743277
2019-03-15,1.1707545513083182
2019-03-18,1.1674060238150827
2019-03-19,1.1689343994015056
2019-03-20,1.1590171534538711
2019-03-21,1.154068090017311
2019-03-22,1.16427989288625
2019-03-25,1.1677059249398631
2019-03-26,1.1719207781553969
2019-03-27,1.1748396343899057
2019-03-28,1.1688387586932383
2019-03-29,1.165093790050099
2019-04-01,1.1674332811879802
2019-04-02,1.1627906976744187
2019-04-03,1.1710973181871414
2019-04-04,1.1707134327659274
2019-04-05,1.16362959342782
2019-04-08,1.1603216411589292
2019-04-09,1.158278797706608
2019-04-10,1.1616695514793862
2019-04-11,1.1605236282610714
2019-04-12,1.158882836945185
2019-04-15,1.1586814205434217
2019-04-16,1.1575413821044103
2019-04-17,1.154827757439978
2019-04-18,1.1564704521799467
2019-04-23,1.156737998843262
2019-04-24,1.1554682535097347
2019-04-25,1.1569387400937121
2019-04-26,1.1582117211026177
2019-04-29,1.1582117211026177
2019-04-30,1.1594471755866802
2019-05-02,1.1637379262190155
2019-05-03,1.1657049600746052
2019-05-06,1.1700011700011699
2019-05-07,1.1676104851421565
2019-05-08,1.1615076369127126
2019-05-09,1.1611704598235022
2019-05-10,1.1594202898550725
2019-05-13,1.1580775911986103
2019-05-14,1.1530966410294847
2019-05-15,1.151808339092375
2019-05-16,1.1433406126019001
2019-05-17,1.1416176722415663
2019-05-20,1.141291942478886
2019-05-21,1.141422212076247
2019-05-22,1.1327594019030358
2019-05-23,1.1350737797956867
2019-05-24,1.1322720170293712
2019-05-27,1.1334655709832815
2019-05-28,1.1315673339142045
2019-05-29,1.1334655709832815
2019-05-30,1.134069722606546
2019-05-31,1.1274846943952737
2019-06-03,1.1284389176013903
2019-06-04,1.1269129347066646
2019-06-05,1.128273403211066
2019-06-06,1.129203459879401
2019-06-07,1.127713560755568
2019-06-10,1.120473287916816
2019-06-11,1.122523432676657
2019-06-12,1.1260627216935983
2019-06-13,1.1242523721725053
2019-06-14,1.1224226370197434
2019-06-17,1.1209756972468836
2019-06-18,1.1185306980750087
2019-06-19,1.1233430689732644
2019-06-20,1.1216420840109922
2019-06-21,1.1182555213866368
2019-06-24,1.1190063223857214
2019-06-25,1.117505727216852
2019-06-26,1.1160340613595527
2019-06-27,1.1182180077827975
2019-06-28,1.1153867603591545
2019-07-01,1.1146035355224146
2019-07-02,1.118030477510817
2019-07-03,1.1142061281337048
2019-07-04,1.1144544745347154
2019-07-05,1.1147899178399832
2019-07-08,1.1157601115760112
2019-07-09,1.1114198388441232
2019-07-10,1.1120007116804556
2019-07-11,1.1137097672346585
2019-07-12,1.1137345747761394
2019-07-15,1.1126812279550031
2019-07-16,1.1079104808331488
2019-07-17,1.1069293779056897
2019-07-18,1.1129288949729002
2019-07-19,1.115635633402131
2019-07-22,1.1115063133558598
2019-07-23,1.1132138483802738
2019-07-24,1.121793074049561
2019-07-25,1.1240628126299697
2019-07-26,1.115660526814901
2019-07-29,1.1056687637517553
2019-07-30,1.0910717597896413
2019-07-31,1.0914290080001747
2019-08-01,1.0970927043335161
2019-08-02,1.0928364570242064
2019-08-05,1.08837614279495
2019-08-06,1.0889687465969726
2019-08-07,1.0828018580879886
2019-08-08,1.08559952233621
2019-08-09,1.077354018530489
2019-08-12,1.0797387032338175
2019-08-13,1.0772379618657761
2019-08-14,1.0790629417413917
2019-08-15,1.0885775557079564
2019-08-16,1.0985027407643382
2019-08-19,1.0919057030234869
2019-08-20,1.0914290080001747
2019-08-21,1.0923589491506909
2019-08-22,1.0970927043335161
2019-08-23,1.1055465269255857
2019-08-26,1.1012245617126244
2019-08-27,1.105766572676508
2019-08-28,1.1010426874249915
2019-08-29,1.104594006472921
2019-08-30,1.1041793187213604
2019-09-02,1.1010790574763267
2019-09-03,1.100291577267976
2019-09-04,1.1079718575148192
2019-09-05,1.1163206072784102
2019-09-06,1.115635633402131
2019-09-09,1.1201344161299356
2019-09-10,1.1198208286674132
2019-09-11,1.1219189301381083
2019-09-12,1.1246063877642825
2019-09-13,1.1224226370197434
2019-09-16,1.1298158400180771
2019-09-17,1.1259612894508688
2019-09-18,1.127141568981064
2019-09-19,1.1269510339775737
2019-09-20,1.1334013374135783
2019-09-23,1.1319515977496801
2019-09-24,1.1343913423252754
2019-09-25,1.1278025894347452
2019-09-26,1.1298796678153777
2019-09-27,1.1264051904751178
2019-09-30,1.1290122272024206
2019-10-01,1.1241639030970716
2019-10-02,1.1239743733842869
2019-10-03,1.1262529564140105
2019-10-04,1.1230276826323768
2019-10-07,1.1216420840109922
2019-10-08,1.113647753215658
2019-10-09,1.1129660545353368
2019-10-10,1.1092008208086075
2019-10-11,1.142622089170228
2019-10-14,1.1365832035734176
2019-10-15,1.1486595143467573
2019-10-16,1.155268022181146
2019-10-17,1.1515430677107323
2019-10-18,1.1569387400937121
2019-10-21,1.1637379262190155
2019-10-22,1.1619125079881485
2019-10-23,1.157300249976854
2019-10-24,1.1589096977563509
2019-10-25,1.154761079932562
2019-10-28,1.1583727180057455
2019-10-29,1.1583727180057455
2019-10-30,1.160092807424594
2019-10-31,1.160995205089803
2019-11-01,1.162682541158962
2019-11-04,1.1578362356428307
2019-11-05,1.1612648496742652
2019-11-06,1.162344681691909
2019-11-07,1.156845052173712
2019-11-08,1.160658325402168
2019-11-11,1.1662759642186533
2019-11-12,1.1652295502213936
2019-11-13,1.166044776119403
2019-11-14,1.1676377520637997
2019-11-15,1.1674060238150827
2019-11-18,1.1719207781553969
2019-11-19,1.1685928972923703
2019-11-20,1.1666569445254624
2019-11-21,1.1689343994015056
2019-11-22,1.1630611770179111
2019-11-25,1.169385487926095
2019-11-26,1.1666569445254624
2019-11-27,1.1702750146284375
2019-11-28,1.173984503404555
2019-11-29,1.1733646230566148
2019-12-02,1.1734610058907742
2019-12-03,1.1737089201877935
2019-12-04,1.181893393215932
2019-12-05,1.1838522552385462
2019-12-06,1.1840905592459712
2019-12-09,1.1877189856879862
2019-12-10,1.1894425082963616
2019-12-11,1.1870140661166835
2019-12-12,1.1825922421948911
2019-12-13,1.197490060832495
2019-12-16,1.1988251513516754
2019-12-17,1.1799688488223912
2019-12-18,1.1757098348127681
2019-12-19,1.1754610746065144
2019-12-20,1.1746326336438278
2019-12-23,1.1667522284967564
2019-12-24,1.1691393964902435
2019-12-27,1.1746740279572419
2019-12-30,1.1735987231245892
2019-12-31,1.1753643629525152
2020-01-02,1.178856038100627
2020-01-03,1.1748810432943666
2020-01-06,1.1735023176670774
2020-01-07,1.1739431576723056
2020-01-08,1.1783004194749493
2020-01-09,1.1725391334935804
2020-01-10,1.1791062374719963
2020-01-13,1.166044776119403
2020-01-14,1.1679786960685836
2020-01-15,1.1670926554859191
2020-01-16,1.1700011700011699
2020-01-17,1.1750190940602785
2020-01-20,1.1726766344180592
2020-01-21,1.1760555098200636
2020-01-22,1.184202735508319
2020-01-23,1.1834599635494332
2020-01-24,1.186056717232218
2020-01-27,1.1854240261741624
2020-01-28,1.1819911823457798
2020-01-29,1.1823126034523528
2020-01-30,1.1878882909851158
2020-01-31,1.188001188001188
2020-02-03,1.1795930404010617
2020-02-04,1.17813383600377
2020-02-05,1.1842167590355739
2020-02-06,1.1787587670183297
2020-02-07,1.1803588290840417
2020-02-10,1.1816420097367302
2020-02-11,1.1858879335902757
2020-02-12,1.1896547621880131
2020-02-13,1.199400299850075
2020-02-14,1.2018075185078356
2020-02-17,1.2013743722818904
2020-02-18,1.2050370548894378
2020-02-19,1.2026747486409775
2020-02-20,1.1927480916030533
2020-02-21,1.1974613818704347
2020-02-24,1.1928476852790666
2020-02-25,1.195743154370441
2020-02-26,1.1883541295306002
2020-02-27,1.1765397964586153
2020-02-28,1.1721268241223701
2020-03-02,1.1479342922411122
2020-03-03,1.1492931846914147
2020-03-04,1.1514104778353482
2020-03-05,1.1538017768547364
2020-03-06,1.1472494693971202
2020-03-09,1.144387352230983
2020-03-10,1.1443611603822166
2020-03-11,1.1403808872163301
2020-03-12,1.1283752524739628
2020-03-13,1.1227124733355787
2020-03-16,1.0998922105633648
2020-03-17,1.1010426874249915
2020-03-18,1.0847163466753444
2020-03-19,1.0754422756358553
2020-03-20,1.0985630794920245
2020-03-23,1.0756157900397978
2020-03-24,1.0857763300760044
2020-03-25,1.09286034337672
2020-03-26,1.09471471734466
2020-03-27,1.1142930367828132
2020-03-30,1.124859392575928
2020-03-31,1.1281206637861985
2020-04-01,1.1304544426859597
2020-04-02,1.1397570038067883
2020-04-03,1.1383039271485487
2020-04-06,1.1389521640091116
2020-04-07,1.1351639744361073
2020-04-08,1.1370355209896756
2020-04-09,1.1420087934677097
2020-04-14,1.1460923979691242
2020-04-15,1.1443611603822166
2020-04-16,1.1472757936280302
2020-04-17,1.1497160201430248
2020-04-20,1.144911441100031
2020-04-21,1.1348161597821154
2020-04-22,1.1373976342129208
2020-04-23,1.146788990825688
2020-04-24,1.1428832659032206
2020-04-27,1.145961060243173
2020-04-28,1.1483956912193665
2020-04-29,1.1444528370985831
2020-04-30,1.1506817789540302
2020-05-04,1.137682313590753
2020-05-05,1.1486331265793706
2020-05-06,1.1460923979691242
2020-05-07,1.1431445620613183
2020-05-08,1.1424001827840293
2020-05-11,1.1379800853485063
2020-05-12,1.1393025189978694
2020-05-13,1.1332086803784918
2020-05-14,1.1300073450477428
2020-05-15,1.1269129347066646
2020-05-18,1.121667246194744
2020-05-19,1.1168816663874463
2020-05-20,1.1190939815125673
2020-05-21,1.1118152607762695
2020-05-22,1.1165324966783157
2020-05-25,1.1171312070602692
2020-05-26,1.1251378293840995
2020-05-27,1.1161337128187956
2020-05-28,1.1144793152639088
2020-05-29,1.1100257525974602
2020-06-01,1.1151628695370959
2020-06-02,1.1225486344195863
2020-06-03,1.1227755010385674
2020-06-04,1.1150136589173216
2020-06-05,1.1179679813970127
2020-06-08,1.121415675148307
2020-06-09,1.1220825852782765
2020-06-10,1.1240628126299697
2020-06-11,1.1152623654714773
2020-06-12,1.115411642666726
2020-06-15,1.1154738532928787
2020-06-16,1.1189437171310281
2020-06-17,1.1179679813970127
2020-06-18,1.1107655396098992
2020-06-19,1.104911330865698
2020-06-22,1.1070764325569038
2020-06-23,1.1033873993158998
2020-06-24,1.1068926203469003
2020-06-25,1.1094715586965929
2020-06-26,1.1040574109853711
2020-06-29,1.0924186148131965
2020-06-30,1.0959744857139726
2020-07-01,1.1058277120424638
2020-07-02,1.1083402604599613
2020-07-03,1.1096316023080337
2020-07-06,1.104911330865698
2020-07-07,1.1092623405435387
2020-07-08,1.1120625423973844
2020-07-09,1.1153867603591545
2020-07-10,1.1164452383610584
2020-07-13,1.1118770708710446
2020-07-14,1.10158849060345
2020-07-15,1.104484205875856
2020-07-16,1.1004126547455297
2020-07-17,1.097959990337952
2020-07-20,1.1040574109853711
2020-07-21,1.1104325134639943
2020-07-22,1.0974177759731352
2020-07-23,1.0965513460167773
2020-07-24,1.0990822663076332
2020-07-27,1.0948105977665863
2020-07-28,1.0992876615952862
2020-07-29,1.1063782707307628
2020-07-30,1.1078122922851952
2020-07-31,1.1104571752190375
2020-08-03,1.1109506404630443
2020-08-04,1.106990645929042
2020-08-05,1.1078491109510886
2020-08-06,1.1107038530316662
2020-08-07,1.1065251789804476
2020-08-10,1.1092008208086075
2020-08-11,1.1130527698318178
2020-08-12,1.1052777010223818
2020-08-13,1.1065251789804476
2020-08-14,1.1089794062524259
2020-08-17,1.103448275862069
2020-08-18,1.106500691562932
2020-08-19,1.1068681166638996
2020-08-20,1.1089794062524259
2020-08-21,1.1141440588268063
2020-08-24,1.1089548100914888
2020-08-25,1.111790538662516
2020-08-26,1.114951499609767
2020-08-27,1.1172560192168035
2020-08-28,1.1177180667948317
2020-08-31,1.1160091512750405
2020-09-01,1.12391121101433
2020-09-02,1.125619090499775
2020-09-03,1.1218937566612441
2020-09-04,1.119507416736636
2020-09-07,1.1131518895753325
2020-09-08,1.1055465269255857
2020-09-09,1.0963349522546129
2020-09-10,1.0918222513374822
2020-09-11,1.082157388970652
2020-09-14,1.0847163466753444
2020-09-15,1.0858352787882077
2020-09-16,1.0938166544523806
2020-09-17,1.092537965694308
2020-09-18,1.0950743555487417
2020-09-21,1.0916077198497949
2020-09-22,1.0900014170018422
2020-09-23,1.0883169178864887
2020-09-24,1.0961546893497611
2020-09-25,1.0947746406402243
2020-09-28,1.1048747072082026
2020-09-29,1.0993480865846552
2020-09-30,1.0960705869457994
2020-10-01,1.1022563186843468
2020-10-02,1.1028641381668192
2020-10-05,1.1012003083360864
2020-10-06,1.098201146521997
2020-10-07,1.093936311027972
2020-10-08,1.0984786071291261
2020-10-09,1.0968881283797867
2020-10-12,1.1037771253228548
2020-10-13,1.1038624145886458
2020-10-14,1.1062558769843465
2020-10-15,1.1045452035124537
2020-10-16,1.0999285046471978
2020-10-19,1.1038989711661589
2020-10-20,1.0949424607736862
2020-10-21,1.101879806950658
2020-10-22,1.1077509332801612
2020-10-23,1.1028398125172318
2020-10-26,1.1018676656933504
2020-10-27,1.1023170704821534
2020-10-28,1.102997948423816
2020-10-29,1.1058277120424638
2020-10-30,1.1085491308974813
2020-11-02,1.1104571752190375
2020-11-03,1.1105928344550322
2020-11-04,1.1116793027547414
2020-11-05,1.105583195135434
2020-11-06,1.1058277120424638
2020-11-09,1.1083525447774427
2020-11-10,1.1212899319377012
2020-11-11,1.1244167088322934
2020-11-12,1.1140199409569431
2020-11-13,1.1150385245810241
2020-11-16,1.1133501820327547
2020-11-17,1.1162583021711223
2020-11-18,1.1189061573405839
2020-11-19,1.1188435632929803
2020-11-20,1.1186558231628874
2020-11-23,1.1250112501125011
2020-11-24,1.1234440300184245
2020-11-25,1.1219692804811003
2020-11-26,1.1219692804811003
2020-11-27,1.118042977572058
2020-11-30,1.1130279926540152
2020-12-01,1.1136105481191119
2020-12-02,1.105094485578517
2020-12-03,1.1067088691648774
2020-12-04,1.1076405041979576
2020-12-07,1.0963109137751466
2020-12-08,1.0971769636724709
2020-12-09,1.1111111111111112
2020-12-10,1.097694840834248
2020-12-11,1.0834940516176566
2020-12-14,1.1025358324145533
2020-12-15,1.101382234704554
2020-12-16,1.1117287381878822
2020-12-17,1.1104941699056081
2020-12-18,1.1009820760118025
2020-12-21,1.0915838882218099
2020-12-22,1.0971167771097556
2020-12-23,1.1025358324145533
2020-12-24,1.113647753215658
2020-12-28,1.1060968055924254
2020-12-29,1.1005579828973289
2020-12-30,1.1073338722358177
2020-12-31,1.1123099340400209
2021-01-04,1.109139307897072
2021-01-05,1.1070151550374725
2021-01-06,1.1033265294864014
2021-01-07,1.1087703736556158
2021-01-08,1.1095331084679567
2021-01-11,1.1082174322602094
2021-01-12,1.118067978533095
2021-01-13,1.1238101659867614
2021-01-14,1.124315572895
2021-01-15,1.123620755522596
2021-01-18,1.1226746601102466
2021-01-19,1.122334455667789
2021-01-20,1.1291397084561272
2021-01-21,1.1283497884344147
2021-01-22,1.1230276826323768
2021-01-25,1.1261261261261262
2021-01-26,1.1274211368914744
2021-01-27,1.131285706205102
2021-01-28,1.1286299560962947
2021-01-29,1.1314393039385402
2021-02-01,1.1337868480725624
2021-02-02,1.1353959693443088
2021-02-03,1.1344942991661469
2021-02-04,1.1403418744939733
2021-02-05,1.1423610317804838
2021-02-08,1.1385242448737944
2021-02-09,1.1385890604363074
2021-02-10,1.140901312036509
2021-02-11,1.1395362087630334
2021-02-12,1.139562180210363
2021-02-15,1.1464603038119805
2021-02-16,1.145042538330299
2021-02-17,1.1499540018399264
2021-02-18,1.1555350127108852
2021-02-19,1.155962454339483
2021-02-22,1.1556685542586387
2021-02-23,1.1586411456643648
2021-02-24,1.1623852144600721
2021-02-25,1.157300249976854
2021-02-26,1.148725489069877
2021-03-01,1.1552947156819704
2021-03-02,1.1569655108581212
2021-03-03,1.158064179916851
2021-03-04,1.159151501101194
2021-03-05,1.1587485515643106
2021-03-08,1.1664800298618887
2021-03-09,1.1668066834686828
2021-03-10,1.1674741696339968
2021-03-11,1.1672697560406209
2021-03-12,1.1650259218267607
2021-03-15,1.1672697560406209
2021-03-16,1.1635348187794519
2021-03-17,1.167297007050474
2021-03-18,1.1685655857434998
2021-03-19,1.1660039877336381
2021-03-22,1.159648858325699
2021-03-23,1.1601197243555534
2021-03-24,1.1594202898550725
2021-03-25,1.161872008179579
2021-03-26,1.1695496064465576
2021-03-29,1.174812030075188
2021-03-30,1.1712619175900114
2021-03-31,1.1735849499466018
2021-04-01,1.173777803861729
2021-04-06,1.1715363527730265
2021-04-07,1.1619125079881485
2021-04-08,1.158882836945185
2021-04-09,1.153961550001154
2021-04-12,1.1558288448646525
2021-04-13,1.1534291448476321
2021-04-14,1.1505096757863735
2021-04-15,1.1526978894101645
2021-04-16,1.152166649384167
2021-04-19,1.1580105378958947
2021-04-20,1.1588156903644475
2021-04-21,1.1594202898550725
2021-04-22,1.1513441943469
2021-04-23,1.1506817789540302
2021-04-26,1.1497556769186548
2021-04-27,1.1508142010472409
2021-04-28,1.149583850646066
2021-04-29,1.1506155793349442
2021-04-30,1.1512381566374636
2021-05-03,1.1515695893502844
2021-05-04,1.1524720525527257
2021-05-05,1.1590977583049356
2021-05-06,1.1532961203118512
2021-05-07,1.1519410206197442
2021-05-10,1.160160102094089
2021-05-11,1.1626149535535326
2021-05-12,1.1655283339937994
2021-05-13,1.1619395094291392
2021-05-14,1.1616695514793862
2021-05-17,1.1598909702487967
2021-05-18,1.1628177399474406
2021-05-19,1.159648858325699
2021-05-20,1.1574074074074074
2021-05-21,1.164551065564225
2021-05-24,1.157300249976854
2021-05-25,1.1550945444884664
2021-05-26,1.1583458820803894
2021-05-27,1.161872008179579
2021-05-28,1.1659767970617385
2021-05-31,1.1626149535535326
2021-06-01,1.1589499913078751
2021-06-02,1.1611030478955007
2021-06-03,1.163399453202257
2021-06-04,1.1669973159061735
2021-06-07,1.1651616661811828
2021-06-08,1.1614401858304297
2021-06-09,1.1620745354607045
2021-06-10,1.1588425480629947
2021-06-11,1.1667250029168126
2021-06-14,1.164171459172507
2021-06-15,1.1607661056297156
2021-06-16,1.165093790050099
2021-06-17,1.1692487576731951
2021-06-18,1.1657049600746052
2021-06-21,1.1672697560406209
2021-06-22,1.168770453482936
2021-06-23,1.1704804822379586
2021-06-24,1.1643747889570695
2021-06-25,1.1634671320535195
2021-06-28,1.1667250029168126
2021-06-29,1.163494205798855
2021-06-30,1.165433249810617
2021-07-01,1.162344681691909
2021-07-02,1.1627501366231412
2021-07-05,1.1673378859510886
2021-07-06,1.1702750146284375
2021-07-07,1.1695906432748537
2021-07-08,1.160995205089803
2021-07-09,1.1660719699619861
2021-07-12,1.1686338670094658
2021-07-13,1.1693444654926448
2021-07-14,1.1742877944526644
2021-07-15,1.1738742545898484
2021-07-16,1.1723604304907502
2021-07-19,1.1639682003887655
2021-07-20,1.1554682535097347
2021-07-21,1.1579032687609276
2021-07-22,1.1687294741886096
2021-07-23,1.1690027237763463
2021-07-26,1.1700285486965882
2021-07-27,1.1695496064465576
2021-07-28,1.1751571772724603
2021-07-29,1.1753643629525152
2021-07-30,1.1745360582569884
2021-08-02,1.168661181750187
2021-08-03,1.171577529142991
2021-08-04,1.1743567460923279
2021-08-05,1.175640724194686
2021-08-06,1.1786892975011787
2021-08-09,1.1800106200955809
2021-08-10,1.1824803708258442
2021-08-11,1.1806654230324212
2021-08-12,1.1800384692540977
2021-08-13,1.1751847978094556
2021-08-16,1.1782310039706385
2021-08-17,1.1720169239243814
2021-08-18,1.1739431576723056
2021-08-19,1.1692761011657682
2021-08-20,1.1661807580174925
2021-08-23,1.1677468324867168
2021-08-24,1.1685246208137605
2021-08-25,1.168360789811894
2021-08-26,1.1666161133017567
2021-08-27,1.1668202980059041
2021-08-30,1.1662079582031069
2021-08-31,1.1644832605531295
2021-09-01,1.164646005846523
2021-09-02,1.1639411045801082
2021-09-03,1.1649580615097856
2021-09-06,1.1667250029168126
2021-09-07,1.1612378795796319
2021-09-08,1.1645103816100522
2021-09-09,1.1688387586932383
2021-09-10,1.172882946281961
2021-09-13,1.174812030075188
2021-09-14,1.172882946281961
2021-09-15,1.169453865045024
2021-09-16,1.1761246692149367
2021-09-17,1.1714677319213243
2021-09-20,1.1667930692491686
2021-09-21,1.1647545279832274
2021-09-22,1.1627906976744187
2021-09-23,1.1696590443885608
2021-09-24,1.1668202980059041
2021-09-27,1.1706860220088973
2021-09-28,1.1634671320535195
2021-09-29,1.1568316694237821
2021-09-30,1.1620745354607045
2021-10-01,1.167501430189252
2021-10-04,1.16918040453642
2021-10-05,1.1740809881065597
2021-10-06,1.1768859597505001
2021-10-07,1.1761523352504615
2021-10-08,1.1779950524207798
2021-10-11,1.1781615966445957
2021-10-12,1.179871394018052
2021-10-13,1.1778840490942073
2021-10-14,1.1817816540216028
2021-10-15,1.1852835198179406
2021-10-18,1.1843009071744948
2021-10-19,1.1865915158706615
2021-10-20,1.1833899388187403
2021-10-21,1.1863803535413453
2021-10-22,1.185255422543558
2021-10-25,1.1851149561507466
2021-10-26,1.1879588491054671
2021-10-27,1.183011948420679
2021-10-28,1.1852132791295793
2021-10-29,1.1835720203574387
2021-11-01,1.182382500738989
2021-11-02,1.1770937555176268
2021-11-03,1.178925527274442
2021-11-04,1.1716461628588166
2021-11-05,1.1689753930679758
2021-11-08,1.1698916680315403
2021-11-09,1.1712344811431248
2021-11-10,1.1689343994015056
2021-11-11,1.169071056138792
2021-11-12,1.1695222501608094
2021-11-15,1.174191275758821
2021-11-16,1.182969964392604
2021-11-17,1.189202045427518
2021-11-18,1.1880294156083304
2021-11-19,1.191497474025355
2021-11-22,1.1915684615659592
2021-11-23,1.187860070083744
2021-11-24,1.191398105677012
2021-11-25,1.1863099827985053
2021-11-26,1.181753722524226
2021-11-29,1.1822706690469718
2021-11-30,1.1740809881065597
2021-12-01,1.1764705882352942
2021-12-02,1.1746050390556175
2021-12-03,1.1758066033298842
2021-12-06,1.17470162578705
2021-12-07,1.1773986554107354
2021-12-08,1.168183358059881
2021-12-09,1.166316771635176
2021-12-10,1.171577529142991
2021-12-13,1.1742877944526644
2021-12-14,1.1717148046165562
2021-12-15,1.1767474699929394
2021-12-16,1.1787587670183297
2021-12-17,1.1735987231245892
2021-12-20,1.1736400445983217
2021-12-21,1.172607879924953
2021-12-22,1.1778563015312131
2021-12-23,1.1872536448686897
2021-12-24,1.184988564860349
2021-12-27,1.1858176212498517
2021-12-28,1.1869717975500902
2021-12-29,1.1888486001307734
2021-12-30,1.191469081377338
2021-12-31,1.1900794973104203
2022-01-03,1.1885659951268794
2022-01-04,1.1959147551962495
2022-01-05,1.196945395351064
2022-01-06,1.196272415154379
2022-01-07,1.198609612849095
2022-01-10,1.1990695220508885
2022-01-11,1.1979634621144055
2022-01-12,1.1999328037629893
2022-01-13,1.1969597223053443
2022-01-14,1.197490060832495
2022-01-17,1.1965586971868905
2022-01-18,1.1951286555997753
2022-01-19,1.2023855328972681
2022-01-20,1.2009848075421845
2022-01-21,1.1957002618583574
2022-01-24,1.1932747037695548
2022-01-25,1.1945575955944716
2022-01-26,1.1982074816075152
2022-01-27,1.1995010075808463
2022-01-28,1.2022409771814664
2022-01-31,1.2026024316621169
2022-02-01,1.1976334762509282
2022-02-02,1.1991126566340908
2022-02-03,1.2018075185078356
2022-02-04,1.1821309091768823
2022-02-07,1.1808466670602822
2022-02-08,1.185353768832308
2022-02-09,1.186873182600439
2022-02-10,1.1869717975500902
2022-02-11,1.1910717263393602
2022-02-14,1.1944577161968466
2022-02-15,1.1938160329493226
2022-02-16,1.1913271384322135
2022-02-17,1.1977051968428492
2022-02-18,1.1986814504045549
2022-02-21,1.2005090158227087
2022-02-22,1.1949572802772301
2022-02-23,1.1981357008494782
2022-02-24,1.1981357008494782
2022-02-25,1.1941724385001193
2022-02-28,1.196888090963495
2022-03-01,1.2006243246488175
2022-03-02,1.200249651927601
2022-03-03,1.2081234218887802
2022-03-04,1.2137689954847795
2022-03-07,1.210287443267776
2022-03-08,1.2021398088597703
2022-03-09,1.1966016513102788
2022-03-10,1.188001188001188
2022-03-11,1.1909015124449207
2022-03-14,1.1916820592265984
2022-03-15,1.189725530320155
2022-03-16,1.1906462828023052
2022-03-17,1.1860285832888573
2022-03-18,1.1915400655347035
2022-03-21,1.1936735302894659
2022-03-22,1.2015187196616524
2022-03-23,1.2007684918347743
2022-03-24,1.2006531553164923
2022-03-25,1.1993283761093787
2022-03-28,1.1955573090396088
2022-03-29,1.1842728564661298
2022-03-30,1.182550287950995
2022-03-31,1.1821029611679177
2022-04-01,1.1884247430031494
2022-04-04,1.1920371915603767
2022-04-05,1.1977482333213558
2022-04-06,1.1979921651312402
2022-04-07,1.1983223487118035
2022-04-08,1.1996880810989143
2022-04-11,1.1948430573644153
2022-04-12,1.1982505541908812
2022-04-13,1.2007684918347743
2022-04-14,1.2061562213537897
2022-04-19,1.2054728467241276
2022-04-20,1.205327547761104
2022-04-21,1.1972750020952312
2022-04-22,1.1915400655347035
2022-04-25,1.1858176212498517
2022-04-26,1.1885659951268794
2022-04-27,1.1874369174137624
2022-04-28,1.1855364552459988
2022-04-29,1.1917814749487534
2022-05-02,1.1931750387781888
2022-05-03,1.188636633781053
2022-05-04,1.1877330926194265
2022-05-05,1.1738466956215519
2022-05-06,1.1678832116788322
2022-05-09,1.173226960755558
2022-05-10,1.1682925404521292
2022-05-11,1.171056175564742
2022-05-12,1.1724291559682507
2022-05-13,1.1748810432943666
2022-05-16,1.1758480804280087
2022-05-17,1.1848341232227488
2022-05-18,1.1810558639423645
2022-05-19,1.1802473798508166
2022-05-20,1.1789672247111531
2022-05-23,1.1794817357253222
2022-05-24,1.1661807580174925
2022-05-25,1.1724016648103641
2022-05-26,1.1754610746065144
2022-05-27,1.1782032400589102
2022-05-30,1.1743981209630063
2022-05-31,1.174563649604172
2022-06-01,1.1742877944526644
2022-06-02,1.173777803861729
2022-06-03,1.1706860220088973
2022-06-06,1.1707545513083182
2022-06-07,1.1714402858314297
2022-06-08,1.1685655857434998
2022-06-09,1.167501430189252
2022-06-10,1.1758066033298842
2022-06-13,1.1648223645894
2022-06-14,1.1550278361708517
2022-06-15,1.1583727180057455
2022-06-16,1.168907071887785
2022-06-17,1.1695906432748537
2022-06-20,1.1662079582031069
2022-06-21,1.162655505173817
2022-06-22,1.1643476742155208
2022-06-23,1.1652567060523433
2022-06-24,1.1658680470544345
2022-06-27,1.160092807424594
2022-06-28,1.1580775911986103
2022-06-29,1.1565908328610588
2022-06-30,1.1652295502213936
2022-07-01,1.154094728095282
2022-07-04,1.1633317822242903
2022-07-05,1.1648902090977924
2022-07-06,1.1671880106447547
2022-07-07,1.1750190940602785
2022-07-08,1.1822427144292724
2022-07-11,1.1828720132481665
2022-07-12,1.178925527274442
2022-07-13,1.1852413744058978
2022-07-14,1.1825922421948911
2022-07-15,1.176636701651998
2022-07-18,1.1805260424044954
2022-07-19,1.1722917130698804
2022-07-20,1.1740120688440678
2022-07-21,1.1689753930679758
2022-07-22,1.1745222630694965
2022-07-25,1.179064530201738
2022-07-26,1.1826202133446866
2022-07-27,1.1885236159642492
2022-07-28,1.1963725982820088
2022-07-29,1.1906179307060365
2022-08-01,1.1947431302270013
2022-08-02,1.1952429331261578
2022-08-03,1.195757452558323
2022-08-04,1.1872113592382851
2022-08-05,1.186690084017658
2022-08-08,1.1881423394522663
2022-08-09,1.183151916706105
2022-08-10,1.1819213313161876
2022-08-11,1.182382500738989
2022-08-12,1.1804284955438824
2022-08-15,1.1851851851851851
2022-08-16,1.187394618727588
2022-08-17,1.187535626068782
2022-08-18,1.1849604815679395
2022-08-19,1.177329346111281
2022-08-22,1.181223274823407
2022-08-23,1.1856348481794576
2022-08-24,1.1864788866082128
2022-08-25,1.1863381300938394
2022-08-26,1.1821728336682824
2022-08-29,1.1706860220088973
2022-08-30,1.1676104851421565
2022-08-31,1.1623176614168653
2022-09-01,1.1564303308547177
2022-09-02,1.1563634681653137
2022-09-05,1.1579703096412608
2022-09-06,1.1662759642186533
2022-09-07,1.1559357299734134
2022-09-08,1.1539881831610044
2022-09-09,1.1512779184895232
2022-09-12,1.1523658070017746
2022-09-13,1.152166649384167
2022-09-14,1.1560960947073922
2022-09-15,1.1502979271631353
2022-09-16,1.1441647597254005
2022-09-19,1.139146779062482
2022-09-20,1.144230219120087
2022-09-21,1.14501631648251
2022-09-22,1.146052993490419
2022-09-23,1.1337739934921374
2022-09-26,1.1185181871057224
2022-09-27,1.1201344161299356
2022-09-28,1.1078122922851952
2022-09-29,1.117505727216852
2022-09-30,1.1325028312570782
2022-10-03,1.1485012059262663
2022-10-04,1.1458297526153565
2022-10-05,1.144950767117014
2022-10-06,1.141774088578834
2022-10-07,1.144387352230983
2022-10-10,1.1398609369656902
2022-10-11,1.140211851361983
2022-10-12,1.138433515482696
2022-10-13,1.1558956457411025
2022-10-14,1.1517685405940823
2022-10-17,1.1594202898550725
2022-10-18,1.150377323762194
2022-10-19,1.1495177772924259
2022-10-20,1.146026725343235
2022-10-21,1.1398869232172169
2022-10-24,1.1485012059262663
2022-10-25,1.147539102394914
2022-10-26,1.1546944101243606
2022-10-27,1.1528041962072741
2022-10-28,1.1611704598235022
2022-10-31,1.1612378795796319
2022-11-01,1.1620070185223919
2022-11-02,1.1614401858304297
2022-11-03,1.1464208740312742
2022-11-04,1.1431445620613183
2022-11-07,1.1476444597463706
2022-11-08,1.1444528370985831
2022-11-09,1.1392895390434525
2022-11-10,1.1455016151572774
2022-11-11,1.1423610317804838
2022-11-14,1.1426873721618502
2022-11-15,1.1434452003887714
2022-11-16,1.1430792268212109
2022-11-17,1.1431837667905116
2022-11-18,1.148593547201452
2022-11-21,1.152166649384167
2022-11-22,1.1579703096412608
2022-11-23,1.157822829950561
2022-11-24,1.1636972990585688
2022-11-25,1.1643476742155208
2022-11-28,1.154654411934508
2022-11-29,1.159850611241272
2022-11-30,1.1562297659790954
2022-12-01,1.1666569445254624
2022-12-02,1.1647545279832274
2022-12-05,1.161642562583493
2022-12-06,1.160496692584426
2022-12-07,1.157300249976854
2022-12-08,1.1593127593962298
2022-12-09,1.1634671320535195
2022-12-12,1.162709578401507
2022-12-13,1.1661399601180134
2022-12-14,1.1611974267865024
2022-12-15,1.1601735619648699
2022-12-16,1.146355163756835
2022-12-19,1.147868408365665
2022-12-20,1.1424654404204273
2022-12-21,1.1408882956269752
2022-12-22,1.1332343641988598
2022-12-23,1.1359763716914688
2022-12-27,1.1320797436971461
2022-12-28,1.1356151627336528
2022-12-29,1.1293182305841962
2022-12-30,1.1274846943952737
2023-01-02,1.128286133363421
2023-01-03,1.13574413956024
2023-01-04,1.1353830782506018
2023-01-05,1.132464355684405
2023-01-06,1.1302627860977676
2023-01-09,1.13574413956024
2023-01-10,1.1321181931393638
2023-01-11,1.1277389960867457
2023-01-12,1.1275228323373547
2023-01-13,1.1261261261261262
2023-01-16,1.12665900538543
2023-01-17,1.1287318697443423
2023-01-18,1.1424654404204273
2023-01-19,1.140927345746623
2023-01-20,1.1415525114155252
2023-01-23,1.1367511651699442
2023-01-24,1.131631359768242
2023-01-25,1.1331701568307497
2023-01-26,1.1370743078060153
2023-01-27,1.1378506002161917
2023-01-30,1.1366477983132146
2023-01-31,1.1354217524099326
2023-02-01,1.1310553877823397
2023-02-02,1.119958785516693
2023-02-03,1.1204481792717087
2023-02-06,1.1200967763614775
2023-02-07,1.1193445118538585
2023-02-08,1.1261261261261262
2023-02-09,1.1297520194317348
2023-02-10,1.1318875356544573
2023-02-13,1.1327465706097575
2023-02-14,1.1347517730496455
2023-02-15,1.125809175344779
2023-02-16,1.1250745361880226
2023-02-17,1.1250112501125011
2023-02-20,1.1269129347066646
2023-02-21,1.1373329542223487
2023-02-22,1.1370743078060153
2023-02-23,1.1345586566825505
2023-02-24,1.1332086803784918
2023-02-27,1.1354217524099326
2023-02-28,1.1402378536162645
2023-03-01,1.128999480660239
2023-03-02,1.12631638227178
2023-03-03,1.1295606009262398
2023-03-06,1.128286133363421
2023-03-07,1.1239996403201151
2023-03-08,1.1226620562678222
2023-03-09,1.1259486117053616
2023-03-10,1.1330417639194181
2023-03-13,1.1316057485572026
2023-03-14,1.135666749948895
2023-03-15,1.1462237658035601
2023-03-16,1.1386927806877705
2023-03-17,1.1430138990490124
2023-03-20,1.1420740063956143
2023-03-21,1.1359376597412334
2023-03-22,1.1373329542223487
2023-03-23,1.1296499214893305
2023-03-24,1.137138958380714
2023-03-27,1.138718713703341
2023-03-28,1.1371648206691076
2023-03-29,1.136518616174933
2023-03-30,1.1342498071775329
2023-03-31,1.1373976342129208
2023-04-03,1.1390818999886092
2023-04-04,1.145042538330299
2023-04-05,1.1404459143525119
2023-04-06,1.1429224527115835
2023-04-11,1.1397570038067883
2023-04-12,1.1358731456870896
2023-04-13,1.1356151627336528
2023-04-14,1.1307100859339665
2023-04-17,1.1315673339142045
2023-04-18,1.1345200412965295
2023-04-19,1.134970717755482
2023-04-20,1.1343913423252754
2023-04-21,1.1290504685559444
2023-04-24,1.1304161061686806
2023-04-25,1.1280952112358285
2023-04-26,1.1291779584462511
2023-04-27,1.1308635273895147
2023-04-28,1.135718341851221
2023-05-02,1.1380707424773524
2023-05-03,1.132951906191582
2023-05-04,1.1361699710276658
2023-05-05,1.1444528370985831
2023-05-08,1.1464208740312742
2023-05-09,1.1495574203931487
2023-05-10,1.1519012129519772
2023-05-11,1.1521401002361886
2023-05-12,1.1491611123879568
2023-05-15,1.1501788528116121
2023-05-16,1.1502450021854655
2023-05-17,1.1508142010472409
2023-05-18,1.1508804235239958
2023-05-19,1.1515430677107323
2023-05-22,1.1514635101213642
2023-05-23,1.1495177772924259
2023-05-24,1.1495177772924259
2023-05-25,1.152166649384167
2023-05-26,1.1519012129519772
2023-05-29,1.1520073728471862
2023-05-30,1.157876454582296
2023-05-31,1.157340431687981
2023-06-01,1.1651888188480943
2023-06-02,1.1637379262190155
2023-06-05,1.158439813259502
2023-06-06,1.1613997189412681
2023-06-07,1.1631964638827497
2023-06-08,1.1612648496742652
2023-06-09,1.1655690891077568
2023-06-12,1.167160764723733
2023-06-13,1.1648223645894
2023-06-14,1.1702065414545666
2023-06-15,1.1688387586932383
2023-06-16,1.1705763918153298
2023-06-19,1.17277290425482
2023-06-20,1.1667930692491686
2023-06-21,1.1651209395535256
2023-06-22,1.1612378795796319
2023-06-23,1.169877981726506
2023-06-26,1.1644425813363144
2023-06-27,1.1629259216187928
2023-06-28,1.1571395510298543
2023-06-29,1.1574074074074074
2023-06-30,1.1651209395535256
2023-07-03,1.1630611770179111
2023-07-04,1.167228881911454
2023-07-05,1.1670654140164556
2023-07-06,1.172195522213105
2023-07-07,1.1723604304907502
2023-07-10,1.1664120000466565
2023-07-11,1.1749500646222537
2023-07-12,1.1712619175900114
2023-07-13,1.1688660830128692
2023-07-14,1.168360789811894
2023-07-17,1.1645103816100522
2023-07-18,1.1649852046879003
2023-07-19,1.1505096757863735
2023-07-20,1.150483202945237
2023-07-21,1.153322722764284
2023-07-24,1.1580775911986103
2023-07-25,1.160793053814366
2023-07-26,1.1669292257424588
2023-07-27,1.1643476742155208
2023-07-28,1.168770453482936
2023-07-31,1.1659767970617385
2023-08-01,1.16461887847202
2023-08-02,1.1622771333596782
2023-08-03,1.156497201276773
2023-08-04,1.1601870221479702
2023-08-07,1.1605909729234125
2023-08-08,1.160658325402168
2023-08-09,1.1603620329542816
2023-08-10,1.1585740270874607
2023-08-11,1.1572065035005497
2023-08-14,1.1598909702487967
2023-08-15,1.163399453202257
2023-08-16,1.1676104851421565
2023-08-17,1.171028748755782
2023-08-18,1.1696864070742634
2023-08-21,1.16993272886809
2023-08-22,1.172497889503799
2023-08-23,1.167501430189252
2023-08-24,1.1675423234092235
2023-08-25,1.1676377520637997
2023-08-28,1.1652974421721145
2023-08-29,1.1646866992778941
2023-08-30,1.1638733705772812
2023-08-31,1.1666161133017567
2023-09-01,1.169071056138792
2023-09-04,1.168907071887785
2023-09-05,1.1691120593908926
2023-09-06,1.1695496064465576
2023-09-07,1.1641443538998837
2023-09-08,1.166384790342334
2023-09-11,1.1675423234092235
2023-09-12,1.1638056444573757
2023-09-13,1.1615750958299453
2023-09-14,1.1628583057154487
2023-09-15,1.1644425813363144
2023-09-18,1.1608873823150416
2023-09-19,1.1592455629876077
2023-09-20,1.1556685542586387
2023-09-21,1.1532296195495486
2023-09-22,1.1521401002361886
2023-09-25,1.1498878859311217
2023-09-26,1.1491611123879568
2023-09-27,1.1519410206197442
2023-09-28,1.1583056305236699
2023-09-29,1.1566309653242037
2023-10-02,1.154361176524911
2023-10-03,1.1524056467876693
2023-10-04,1.154894442647942
2023-10-05,1.1546677443565614
2023-10-06,1.1559357299734134
2023-10-09,1.155802126675913
2023-10-10,1.1575413821044103
2023-10-11,1.159218686605228
2023-10-12,1.1592858798979828
2023-10-13,1.1572065035005497
2023-10-16,1.1554682535097347
2023-10-17,1.151808339092375
2023-10-18,1.1546010853250201
2023-10-19,1.1481319892534847
2023-10-20,1.146618050061344
2023-10-23,1.1474074329053503
2023-10-24,1.1490950876185004
2023-10-25,1.1462631820265934
2023-10-26,1.1471836641046231
2023-10-27,1.1491214966158372
2023-10-30,1.144885225256168
2023-10-31,1.1446100313623149
2023-11-01,1.1501523951923631
2023-11-02,1.145409770345341
2023-11-03,1.149649931595829
2023-11-06,1.154201292705448
2023-11-07,1.1513441943469
2023-11-08,1.149227144745159
2023-11-09,1.1467232383464252
2023-11-10,1.14370675358838
2023-11-13,1.1473811026332397
2023-11-14,1.14639458901754
2023-11-15,1.146946827545075
2023-11-16,1.1425959780621573
2023-11-17,1.144230219120087
2023-11-20,1.1411617026132603
2023-11-21,1.1451343242562353
2023-11-22,1.149029070435482
2023-11-23,1.1502185415228894
2023-11-24,1.1518348729526136
2023-11-27,1.1537884644229328
2023-11-28,1.151808339092375
2023-11-29,1.1557353366079168
2023-11-30,1.1578362356428307
2023-12-01,1.1621825788831426
2023-12-04,1.1656370206317752
2023-12-05,1.166548067613126
2023-12-06,1.1680878402055834
2023-12-07,1.1661807580174925
2023-12-08,1.1669973159061735
2023-12-11,1.1684973124561813
2023-12-12,1.163765012568662
2023-12-13,1.1611704598235022
2023-12-14,1.163399453202257
2023-12-15,1.165053068167255
2023-12-18,1.1592455629876077
2023-12-19,1.1615076369127126
2023-12-20,1.1553347582462017
2023-12-21,1.1520073728471862
2023-12-22,1.1539349180706209
2023-12-27,1.1516756881262238
2023-12-28,1.1486331265793706
2023-12-29,1.1506817789540302
2024-01-02,1.1541346875180334
2024-01-03,1.1564704521799467
2024-01-04,1.1590440204918984
2024-01-05,1.1599582415033058
2024-01-08,1.1607661056297156
2024-01-09,1.16362959342782
2024-01-10,1.1624798019134417
2024-01-11,1.160833478437518
2024-01-12,1.1634671320535195
2024-01-15,1.1617775196049955
2024-01-16,1.161737029206069
2024-01-17,1.1652567060523433
2024-01-18,1.1658680470544345
2024-01-19,1.1651616661811828
2024-01-22,1.1685655857434998
2024-01-23,1.1696864070742634
2024-01-24,1.1690027237763463
2024-01-25,1.169071056138792
2024-01-26,1.1713991191078625
2024-01-29,1.1730205278592374
2024-01-30,1.1678422945765403
2024-01-31,1.1704804822379586
2024-02-01,1.171604981664382
2024-02-02,1.1728416781018731
2024-02-05,1.1682925404521292
2024-02-06,1.1701380762930025
2024-02-07,1.1722642283570717
2024-02-08,1.1712619175900114
2024-02-09,1.1704119850187265
2024-02-12,1.1710836036584653
2024-02-13,1.175115748901267
2024-02-14,1.1729104600154825
2024-02-15,1.1677468324867168
2024-02-16,1.168156065650371
2024-02-19,1.170302406141747
2024-02-20,1.1674060238150827
2024-02-21,1.1679650544855698
2024-02-22,1.1678832116788322
2024-02-23,1.1717834544176235
2024-02-26,1.1696590443885608
2024-02-27,1.16795141322121
2024-02-28,1.1689343994015056
2024-02-29,1.1674741696339968
2024-03-01,1.1683880917885685
2024-03-04,1.1684563523129594
2024-03-05,1.1690027237763463
2024-03-06,1.1696180027602985
2024-03-07,1.170343495816022
2024-03-08,1.174149915461206
2024-03-11,1.1735987231245892
2024-03-12,1.1701654613962413
2024-03-13,1.1702613193526115
2024-03-14,1.1706860220088973
2024-03-15,1.1708230886313078
2024-03-18,1.1692487576731951
2024-03-19,1.170343495816022
2024-03-20,1.1704393829443573
2024-03-21,1.167160764723733
2024-03-22,1.1655690891077568
2024-03-25,1.1668883754580037
2024-03-26,1.16487663956387
2024-03-27,1.1659360134315828
2024-03-28,1.169453865045024
2024-04-02,1.169453865045024
2024-04-03,1.1666841669291708
2024-04-04,1.1656641954585722
2024-04-05,1.1658680470544345
2024-04-08,1.1655690891077568
2024-04-09,1.1673651401421852
2024-04-10,1.169385487926095
2024-04-11,1.1692487576731951
2024-04-12,1.170631204345383
2024-04-15,1.1708916339792752
2024-04-16,1.1704119850187265
2024-04-17,1.17096018735363
2024-04-18,1.1678422945765403
2024-04-19,1.16795141322121
2024-04-22,1.1583727180057455
2024-04-23,1.1621150493898895
2024-04-24,1.1635348187794519
2024-04-25,1.1672016340822877
2024-04-26,1.1676377520637997
2024-04-29,1.1696864070742634
2024-04-30,1.1698916680315403
2024-05-02,1.169071056138792
2024-05-03,1.1685928972923703
2024-05-06,1.1674060238150827
2024-05-07,1.165433249810617
2024-05-08,1.1616695514793862
2024-05-09,1.1628583057154487
2024-05-10,1.1620475277438846
2024-05-13,1.1624798019134417
2024-05-14,1.1630205970947747
2024-05-15,1.1649580615097856
2024-05-16,1.1648223645894
2024-05-17,1.1670654140164556
2024-05-20,1.1689343994015056
2024-05-21,1.1704119850187265
2024-05-22,1.174191275758821
2024-05-23,1.174053419430584
2024-05-24,1.1731443788787086
2024-05-27,1.1755025273304338
2024-05-28,1.1753643629525152
2024-05-29,1.1746740279572419
2024-05-30,1.1750190940602785
2024-05-31,1.1714402858314297
2024-06-03,1.174053419430584
2024-06-04,1.1744946736666548
2024-06-05,1.1758066033298842
2024-06-06,1.1752538548326439
2024-06-07,1.174812030075188
2024-06-10,1.182522320108792
2024-06-11,1.187676666904202
2024-06-12,1.1853256682273454
2024-06-13,1.1838802860254771
2024-06-14,1.1875779348019715
2024-06-17,1.1824104619677676
2024-06-18,1.1828720132481665
2024-06-19,1.1840625185009768
2024-06-20,1.183249914214381
2024-06-21,1.1829979534135406
2024-06-24,1.1802195208308746
2024-06-25,1.183922334694844
2024-06-26,1.1840905592459712
2024-06-27,1.1821728336682824
2024-06-28,1.181502398449869
2024-07-01,1.1793843613633683
2024-07-02,1.179871394018052
2024-07-03,1.1809163911195086
2024-07-04,1.1811535145222825
2024-07-05,1.1818514885419498
2024-07-08,1.1846937566639024
2024-07-09,1.1835580120959628
2024-07-10,1.1831799143377741
2024-07-11,1.1861692663543089
2024-07-12,1.1900653345868688
2024-07-15,1.1898387768457375
2024-07-16,1.1896547621880131
2024-07-17,1.1916820592265984
2024-07-18,1.188001188001188
2024-07-19,1.1865211200759374
2024-07-22,1.1874369174137624
2024-07-23,1.1894425082963616
2024-07-24,1.1908589665725888
2024-07-25,1.1865211200759374
2024-07-26,1.1851430467657447
2024-07-29,1.1856067342462504
2024-07-30,1.1868027533823877
2024-07-31,1.1851149561507466
2024-08-01,1.1858457451854663
2024-08-02,1.1764705882352942
2024-08-05,1.1644425813363144
2024-08-06,1.1628177399474406
2024-08-07,1.1653925041954132
2024-08-08,1.1615346195393355
2024-08-09,1.1667522284967564
2024-08-12,1.1688524206933633
2024-08-13,1.1701654613962413
2024-08-14,1.1657321380693144
2024-08-15,1.168019622729662
2024-08-16,1.17470162578705
2024-08-19,1.1731168541698438
2024-08-20,1.173791581566777
2024-08-21,1.1722917130698804
2024-08-22,1.1772600449713337
2024-08-23,1.1801777347668558
2024-08-26,1.18140469017662
2024-08-27,1.1843009071744948
2024-08-28,1.18817057376757
2024-08-29,1.188001188001188
2024-08-30,1.1887779362815027
2024-09-02,1.187394618727588
2024-09-03,1.1892727597074388
2024-09-04,1.1869717975500902
2024-09-05,1.1859863848763015
2024-09-06,1.1863381300938394
2024-09-09,1.1853256682273454
2024-09-10,1.1867323325223995
2024-09-11,1.1851851851851851
2024-09-12,1.1839924224484963
2024-09-13,1.1837821840781295
2024-09-16,1.18654927739149
2024-09-17,1.18654927739149
2024-09-18,1.1872959335114277
2024-09-19,1.1911426631567663
2024-09-20,1.1917530687641522
2024-09-23,1.197346679757657
2024-09-24,1.201634222542658
2024-09-25,1.1954143903984316
2024-09-26,1.198638346837992
2024-09-27,1.1999328037629893
2024-09-30,1.196988377242857
2024-10-01,1.2020242087675646
2024-10-02,1.2006531553164923
2024-10-03,1.1868309240665575
2024-10-04,1.1942437451483847
2024-10-07,1.1916394575657188
2024-10-08,1.1936307861252358
2024-10-09,1.1941724385001193
2024-10-10,1.1949430012188418
2024-10-11,1.1946717639328595
2024-10-14,1.1952429331261578
2024-10-15,1.1996880810989143
2024-10-16,1.1961007116799236
2024-10-17,1.1982505541908812
2024-10-18,1.2024289063909097
2024-10-21,1.2002640580927806
2024-10-22,1.1999040076793857
2024-10-23,1.2026747486409775
2024-10-24,1.2017786323759165
2024-10-25,1.199644905108088
2024-10-28,1.2006243246488175
2024-10-29,1.2045290291496025
2024-10-30,1.1986814504045549
2024-10-31,1.193987081059783
2024-11-01,1.1905045358222817
2024-11-04,1.1895840024743347
2024-11-05,1.1916110581506196
2024-11-06,1.2015909063600205
2024-11-07,1.2021398088597703
2024-11-08,1.2020964562196472
2024-11-11,1.2094823415578133
2024-11-12,1.2072191706404298
2024-11-13,1.198853895675734
2024-11-14,1.2025301233795906
2024-11-15,1.1982505541908812
2024-11-18,1.1967448539971277
2024-11-19,1.1956287811760204
2024-11-20,1.1993283761093787
2024-11-21,1.2008694294669342
2024-11-22,1.2018508503094767
2024-11-25,1.1981069909542923
2024-11-26,1.1978917105893627
2024-11-27,1.1990407673860912
2024-11-28,1.2014898474107893
2024-11-29,1.2018508503094767
2024-12-02,1.206301720186253
2024-12-03,1.203036464035225
2024-12-04,1.2072920439454304
2024-12-05,1.2077294685990339
2024-12-06,1.2069277653732424
2024-12-09,1.2076565424793189
2024-12-10,1.2113136696747622
2024-12-11,1.2127386063207937
2024-12-12,1.213179987382928
2024-12-13,1.2041954168322435
2024-12-16,1.2056181807221653
2024-12-17,1.2099506340141322
2024-12-18,1.2118274357731458
2024-12-19,1.2129298320092183
2024-12-20,1.205327547761104
2024-12-23,1.2048918609554793
2024-12-24,1.2076565424793189
2024-12-27,1.203398397073335
2024-12-30,1.2055455093429777
2024-12-31,1.206010757615958
2025-01-02,1.2031088332250535
2025-01-03,1.2049208969431158
2025-01-06,1.203398397073335
2025-01-07,1.2060543930531267
2025-01-08,1.1989976379746532
2025-01-09,1.1932035127911416
2025-01-10,1.1948430573644153
2025-01-13,1.188212927756654
2025-01-14,1.186408504176158
2025-01-15,1.186056717232218
2025-01-16,1.1868309240665575
2025-01-17,1.1840905592459712
2025-01-20,1.1822007849813212
2025-01-21,1.1826901470083853
2025-01-22,1.1839083181398433
2025-01-23,1.1838802860254771
2025-01-24,1.184651653181382
2025-01-27,1.1889758162318977
2025-01-28,1.1923498831497115
2025-01-29,1.1944149158534692
2025-01-30,1.1949572802772301
2025-01-31,1.1960577935125825
2025-02-03,1.2028483448806775
2025-02-04,1.2020964562196472
2025-02-05,1.2035866883312272
2025-02-06,1.1949144441258006
2025-02-07,1.1997168668194307
2025-02-10,1.2007252380437785
2025-02-11,1.1996880810989143
2025-02-12,1.1999328037629893
2025-02-13,1.2002928714606362
2025-02-14,1.2017064231208316
2025-02-17,1.202891751771258
2025-02-18,1.2044564890093346
2025-02-19,1.207175450880031
2025-02-20,1.2073940813542132
2025-02-21,1.208313194780087
2025-02-24,1.2072920439454304
2025-02-25,1.2061562213537897
2025-02-26,1.2067384273784816
2025-02-27,1.2095847495554777
2025-02-28,1.210536509781135
2025-03-03,1.211680600993578
2025-03-04,1.2079045272261681
2025-03-05,1.1976047904191618
2025-03-06,1.1934598400763814
2025-03-07,1.1892303301303397
2025-03-10,1.1926200670252478
2025-03-11,1.1851992319908977
2025-03-12,1.1893717738290635
2025-03-13,1.1936307861252358
2025-03-14,1.1878882909851158
2025-03-17,1.1901078237688334
2025-03-18,1.1880294156083304
2025-03-19,1.1893717738290635
2025-03-20,1.194885888397658
2025-03-21,1.1938160329493226
2025-03-24,1.1952715059225703
2025-03-25,1.1966732483695326
2025-03-26,1.1958432488669384
2025-03-27,1.2002208406346768
2025-03-28,1.199644905108088
2025-03-31,1.1970886803294387
2025-04-01,1.1952429331261578
2025-04-02,1.1982505541908812
2025-04-03,1.18817057376757
2025-04-04,1.1766782373360005
2025-04-07,1.1683880917885685
2025-04-08,1.1676241184437905
2025-04-09,1.1569387400937121
2025-04-10,1.166112763104192
2025-04-11,1.1536952860010614
2025-04-14,1.1576351828484772
2025-04-15,1.1686338670094658
2025-04-16,1.1679786960685836
2025-04-17,1.1645103816100522
2025-04-22,1.1647138298120152
2025-04-23,1.1655962607671955
2025-04-24,1.1695906432748537
2025-04-25,1.172195522213105
2025-04-28,1.1745360582569884
2025-04-29,1.1767474699929394
2025-04-30,1.173984503404555
2025-05-02,1.1719207781553969
2025-05-05,1.1743981209630063
2025-05-06,1.180776951233912
2025-05-07,1.1749500646222537
2025-05-08,1.1798017932987257
2025-05-09,1.1796626164916835
2025-05-12,1.1863803535413453
2025-05-13,1.1896264572924102
2025-05-14,1.1883541295306002
2025-05-15,1.1870845204178537
2025-05-16,1.1866619200189865
2025-05-19,1.1877895236964011
2025-05-20,1.1879306248515087
2025-05-21,1.1839924224484963
2025-05-22,1.1866619200189865
2025-05-23,1.1930326890956813
2025-05-26,1.1916110581506196
2025-05-27,1.1931750387781888
2025-05-28,1.1907597046915932
2025-05-29,1.193744777366599
2025-05-30,1.1887779362815027
2025-06-02,1.1856770215793218
2025-06-03,1.1853959222380275
2025-06-04,1.187507421921387
2025-06-05,1.1877895236964011
2025-06-06,1.1868027533823877
2025-06-09,1.1870845204178537
2025-06-10,1.1814744801512287
2025-06-11,1.1798017932987257
2025-06-12,1.1712344811431248
2025-06-13,1.1757789535567313
2025-06-16,1.1732957878681216
2025-06-17,1.1730205278592374
2025-06-18,1.1693171188026192
2025-06-19,1.1708230886313078
2025-06-20,1.1713716762328688
2025-06-23,1.1672697560406209
2025-06-24,1.172745396974317
2025-06-25,1.172882946281961
2025-06-26,1.1716461628588166
2025-06-27,1.1724703951225233
2025-06-30,1.168907071887785
2025-07-01,1.1644154634373545
2025-07-02,1.1621150493898895
2025-07-03,1.158882836945185
2025-07-04,1.1594202898550725
2025-07-07,1.1613053071652537
2025-07-08,1.1584800741427248
2025-07-09,1.1610356437942646
2025-07-10,1.159151501101194
2025-07-11,1.1551345731777751
2025-07-14,1.1538017768547364
2025-07-15,1.1522064754003918
2025-07-16,1.1548677676406052
2025-07-17,1.1568718186024989
2025-07-18,1.155268022181146
2025-07-21,1.155268022181146
2025-07-22,1.1527377521613833
2025-07-23,1.154068090017311
2025-07-24,1.1527377521613833
2025-07-25,1.1474469305794606
2025-07-28,1.1522064754003918
2025-07-29,1.1560693641618498
2025-07-30,1.1598237067965669
2025-07-31,1.1562030292519367
2025-08-01,1.154068090017311
2025-08-04,1.1488970588235294
2025-08-05,1.1503508570113885
2025-08-06,1.1471836641046231
2025-08-07,1.1530035743110805
2025-08-08,1.1532695190866105
2025-08-11,1.155268022181146
2025-08-12,1.1599582415033058
2025-08-13,1.1586142973004288
2025-08-14,1.1614401858304297
2025-08-15,1.1598237067965669
2025-08-18,1.1599582415033058
2025-08-19,1.1574074074074074
2025-08-20,1.156737998843262
2025-08-21,1.1555350127108852
2025-08-22,1.1556685542586387
2025-08-25,1.1548677676406052
2025-08-26,1.1571395510298543
2025-08-27,1.1592858798979828
2025-08-28,1.157809424568716
2025-08-29,1.1536686663590217
2025-09-01,1.1544677903486493
2025-09-02,1.1491611123879568
2025-09-03,1.1511453896627144
2025-09-04,1.154334526145677
2025-09-05,1.1523392486748099
2025-09-08,1.1535355865728458
2025-09-09,1.154334526145677
2025-09-10,1.1560693641618498
2025-09-11,1.1564704521799467
2025-09-12,1.1556685542586387
2025-09-15,1.157273463719477
2025-09-16,1.155268022181146
2025-09-17,1.1527377521613833
2025-09-18,1.1520737327188941
2025-09-19,1.148369315571888
2025-09-22,1.1456065986940085
2025-09-23,1.1456065986940085
2025-09-24,1.1453441759248655
2025-09-25,1.1431184270690444
2025-09-26,1.1441647597254005
2025-09-29,1.14639458901754
2025-09-30,1.144950767117014
2025-10-01,1.1488970588235294
2025-10-02,1.1466574934067195
2025-10-03,1.1460004584001833
2025-10-06,1.1500862564692351
2025-10-07,1.149029070435482
2025-10-08,1.1532695190866105
2025-10-09,1.1516756881262238
2025-10-10,1.1482374555057986
2025-10-13,1.1524720525527257
2025-10-14,1.1478420569329661
2025-10-15,1.1487650775416427
2025-10-16,1.152604887044721
2025-10-17,1.1500862564692351
2025-10-20,1.1506155793349442
2025-10-21,1.1523392486748099
2025-10-22,1.1508804235239958
2025-10-23,1.1506155793349442
2025-10-24,1.1460004584001833
2025-10-27,1.1466574934067195
2025-10-28,1.1415525114155252
2025-10-29,1.1354604292040422
2025-10-30,1.1362345188046814
2025-10-31,1.134301270417423
