Date,Price1,Price2,spread_pct,signal
2023-10-03,36600.000,39.334,92949.786,STRONG_SIGNAL
2023-10-04,36518.000,39.255,92928.722,STRONG_SIGNAL
2023-10-05,36378.000,39.165,92785.018,STRONG_SIGNAL
2023-10-06,36549.000,39.368,92739.308,STRONG_SIGNAL
2023-10-09,36830.000,39.728,92605.368,STRONG_SIGNAL
2023-10-10,37302.000,40.214,92658.282,STRONG_SIGNAL
2023-10-11,37032.000,39.970,92550.324,STRONG_SIGNAL
2023-10-12,37459.000,40.366,92698.804,STRONG_SIGNAL
2023-10-13,37347.500,40.203,92796.293,STRONG_SIGNAL
2023-10-16,37536.000,40.415,92777.010,STRONG_SIGNAL
2023-10-17,37539.000,40.299,93050.499,STRONG_SIGNAL
2023-10-18,37365.000,40.150,92964.384,STRONG_SIGNAL
2023-10-19,37145.000,39.709,93442.029,STRONG_SIGNAL
2023-10-20,36425.000,38.946,93425.966,STRONG_SIGNAL
2023-10-23,36226.000,38.807,93247.947,STRONG_SIGNAL
2023-10-24,36481.000,39.020,93393.619,STRONG_SIGNAL
2023-10-25,36305.000,38.781,93515.232,STRONG_SIGNAL
2023-10-26,35913.000,38.466,93262.739,STRONG_SIGNAL
2023-10-27,35679.000,38.120,93497.055,STRONG_SIGNAL
2023-10-30,35703.500,38.108,93590.147,STRONG_SIGNAL
2023-10-31,35982.000,38.452,93475.442,STRONG_SIGNAL
2023-11-01,36360.000,38.959,93228.584,STRONG_SIGNAL
2023-11-02,36927.000,39.485,93420.631,STRONG_SIGNAL
2023-11-03,36922.000,39.644,93034.158,STRONG_SIGNAL
2023-11-06,36870.000,39.580,93052.394,STRONG_SIGNAL
2023-11-07,37265.000,39.961,93153.826,STRONG_SIGNAL
2023-11-08,37230.000,39.826,93382.030,STRONG_SIGNAL
2023-11-09,37378.000,39.902,93574.179,STRONG_SIGNAL
2023-11-10,37533.000,39.962,93822.170,STRONG_SIGNAL
2023-11-13,37659.000,40.215,93543.763,STRONG_SIGNAL
2023-11-14,37757.000,40.429,93289.956,STRONG_SIGNAL
2023-11-15,37970.000,40.540,93560.703,STRONG_SIGNAL
2023-11-16,37877.000,40.348,93775.294,STRONG_SIGNAL
2023-11-17,37959.000,40.394,93871.449,STRONG_SIGNAL
2023-11-20,37997.000,40.419,93908.588,STRONG_SIGNAL
2023-11-21,37874.000,40.434,93568.019,STRONG_SIGNAL
2023-11-22,38274.000,40.881,93522.158,STRONG_SIGNAL
2023-11-23,38105.000,40.809,93274.102,STRONG_SIGNAL
2023-11-24,37866.000,40.669,93007.610,STRONG_SIGNAL
2023-11-27,37826.000,40.627,93005.564,STRONG_SIGNAL
2023-11-28,37711.000,40.527,92951.019,STRONG_SIGNAL
2023-11-29,37657.500,40.558,92749.547,STRONG_SIGNAL
2023-11-30,37660.000,40.686,92463.227,STRONG_SIGNAL
2023-12-01,37855.000,41.099,92005.746,STRONG_SIGNAL
2023-12-04,37791.000,41.099,91850.027,STRONG_SIGNAL
2023-12-05,37972.000,41.099,92290.421,STRONG_SIGNAL
2023-12-06,38010.000,41.099,92382.880,STRONG_SIGNAL
2023-12-07,38119.500,41.426,91917.801,STRONG_SIGNAL
2023-12-08,38354.000,41.668,91946.993,STRONG_SIGNAL
2023-12-11,38443.000,41.820,91823.928,STRONG_SIGNAL
2023-12-12,38666.000,41.871,92244.826,STRONG_SIGNAL
2023-12-13,38936.000,42.090,92405.544,STRONG_SIGNAL
2023-12-14,38742.000,41.891,92383.574,STRONG_SIGNAL
2023-12-15,39003.000,42.271,92167.999,STRONG_SIGNAL
2023-12-18,39256.000,42.361,92570.745,STRONG_SIGNAL
2023-12-19,39152.000,42.349,92350.944,STRONG_SIGNAL
2023-12-20,39465.000,42.507,92743.657,STRONG_SIGNAL
2023-12-21,39196.000,42.060,93089.680,STRONG_SIGNAL
2023-12-22,39125.000,42.193,92628.818,STRONG_SIGNAL
2023-12-27,39154.000,41.963,93205.326,STRONG_SIGNAL
2023-12-28,39398.000,42.186,93291.035,STRONG_SIGNAL
2023-12-29,39392.500,42.281,93067.792,STRONG_SIGNAL
2024-01-02,39417.000,42.296,93093.299,STRONG_SIGNAL
2024-01-03,39102.000,42.203,92552.761,STRONG_SIGNAL
2024-01-04,39019.000,42.102,92578.052,STRONG_SIGNAL
2024-01-05,38753.000,41.955,92267.035,STRONG_SIGNAL
2024-01-08,38823.000,42.034,92261.054,STRONG_SIGNAL
2024-01-09,39204.000,42.488,92170.107,STRONG_SIGNAL
2024-01-10,39271.000,42.491,92321.399,STRONG_SIGNAL
2024-01-11,39171.000,42.364,92363.660,STRONG_SIGNAL
2024-01-12,39315.000,42.590,92209.641,STRONG_SIGNAL
2024-01-15,39368.500,42.659,92186.421,STRONG_SIGNAL
2024-01-16,39540.000,42.898,92071.099,STRONG_SIGNAL
2024-01-17,39303.000,42.705,91933.362,STRONG_SIGNAL
2024-01-18,39371.000,42.847,91786.440,STRONG_SIGNAL
2024-01-19,39765.000,43.106,92150.345,STRONG_SIGNAL
2024-01-22,40070.000,43.591,91822.058,STRONG_SIGNAL
2024-01-23,40147.500,43.712,91745.541,STRONG_SIGNAL
2024-01-24,40299.000,43.872,91755.994,STRONG_SIGNAL
2024-01-25,40444.000,44.138,91531.086,STRONG_SIGNAL
2024-01-26,40445.000,44.083,91647.584,STRONG_SIGNAL
2024-01-29,40500.000,44.267,91389.459,STRONG_SIGNAL
2024-01-30,40799.000,44.427,91733.105,STRONG_SIGNAL
2024-01-31,40304.000,44.009,91480.635,STRONG_SIGNAL
2024-02-01,40180.000,43.838,91556.524,STRONG_SIGNAL
2024-02-02,41073.000,44.820,91540.174,STRONG_SIGNAL
2024-02-05,41325.000,44.936,91864.836,STRONG_SIGNAL
2024-02-06,41255.000,44.986,91606.923,STRONG_SIGNAL
2024-02-07,41454.000,45.257,91497.814,STRONG_SIGNAL
2024-02-08,41515.000,45.329,91485.647,STRONG_SIGNAL
2024-02-09,41641.000,45.411,91598.842,STRONG_SIGNAL
2024-02-12,41923.000,45.790,91454.191,STRONG_SIGNAL
2024-02-13,41381.000,45.319,91209.788,STRONG_SIGNAL
2024-02-14,41612.000,45.343,91671.804,STRONG_SIGNAL
2024-02-15,41806.000,45.530,91720.141,STRONG_SIGNAL
2024-02-16,41956.000,45.663,91782.248,STRONG_SIGNAL
2024-02-19,41799.500,45.509,91749.406,STRONG_SIGNAL
2024-02-20,41319.000,44.974,91773.240,STRONG_SIGNAL
2024-02-21,41345.000,44.951,91877.205,STRONG_SIGNAL
2024-02-22,42098.000,45.847,91722.236,STRONG_SIGNAL
2024-02-23,42206.500,46.028,91597.757,STRONG_SIGNAL
2024-02-26,42122.000,45.838,91792.277,STRONG_SIGNAL
2024-02-27,41945.000,45.705,91673.341,STRONG_SIGNAL
2024-02-28,42131.500,45.810,91870.106,STRONG_SIGNAL
2024-02-29,42253.000,45.961,91832.064,STRONG_SIGNAL
2024-03-01,42551.000,46.223,91955.661,STRONG_SIGNAL
2024-03-04,42480.000,46.249,91751.361,STRONG_SIGNAL
2024-03-05,42035.500,45.849,91581.986,STRONG_SIGNAL
2024-03-06,42181.000,45.960,91677.368,STRONG_SIGNAL
2024-03-07,42316.000,46.084,91724.068,STRONG_SIGNAL
2024-03-08,42151.000,46.118,91297.911,STRONG_SIGNAL
2024-03-11,41945.000,45.832,91419.862,STRONG_SIGNAL
2024-03-12,42427.000,46.243,91648.440,STRONG_SIGNAL
2024-03-13,42457.500,46.233,91733.896,STRONG_SIGNAL
2024-03-14,42480.000,46.338,91574.897,STRONG_SIGNAL
2024-03-15,42197.000,45.986,91659.942,STRONG_SIGNAL
2024-03-18,42654.000,46.503,91623.103,STRONG_SIGNAL
2024-03-19,42653.000,46.565,91498.821,STRONG_SIGNAL
2024-03-20,42815.000,46.708,91565.793,STRONG_SIGNAL
2024-03-21,43675.500,47.416,92010.660,STRONG_SIGNAL
2024-03-22,43660.000,47.407,91995.182,STRONG_SIGNAL
2024-03-25,43463.500,47.237,91911.166,STRONG_SIGNAL
2024-03-26,43565.500,47.308,91988.937,STRONG_SIGNAL
2024-03-27,43492.500,47.286,91876.726,STRONG_SIGNAL
2024-03-28,43706.000,47.630,91661.691,STRONG_SIGNAL
2024-04-02,43465.500,47.287,91817.707,STRONG_SIGNAL
2024-04-03,43530.500,47.283,91962.836,STRONG_SIGNAL
2024-04-04,43569.000,47.324,91965.690,STRONG_SIGNAL
2024-04-05,43304.000,47.031,91976.362,STRONG_SIGNAL
2024-04-08,43329.000,47.035,92019.880,STRONG_SIGNAL
2024-04-09,42989.000,46.728,91897.621,STRONG_SIGNAL
2024-04-10,43241.000,47.048,91807.779,STRONG_SIGNAL
2024-04-11,43323.500,47.198,91691.274,STRONG_SIGNAL
2024-04-12,43545.000,47.440,91689.720,STRONG_SIGNAL
2024-04-15,43379.000,47.355,91503.246,STRONG_SIGNAL
2024-04-16,42805.000,46.644,91670.082,STRONG_SIGNAL
2024-04-17,42504.000,46.318,91665.664,STRONG_SIGNAL
2024-04-18,42631.000,46.391,91795.367,STRONG_SIGNAL
2024-04-19,42341.000,45.887,92172.518,STRONG_SIGNAL
2024-04-22,42485.000,45.875,92510.169,STRONG_SIGNAL
2024-04-23,42832.000,46.394,92222.759,STRONG_SIGNAL
2024-04-24,42862.000,46.432,92211.050,STRONG_SIGNAL
2024-04-25,42203.000,45.814,92017.986,STRONG_SIGNAL
2024-04-26,43069.500,46.772,91984.556,STRONG_SIGNAL
2024-04-29,42827.000,46.719,91570.244,STRONG_SIGNAL
2024-04-30,42730.000,46.617,91561.501,STRONG_SIGNAL
2024-05-02,42393.000,46.107,91844.112,STRONG_SIGNAL
2024-05-03,42886.500,46.551,92027.538,STRONG_SIGNAL
2024-05-07,43567.000,47.258,92089.929,STRONG_SIGNAL
2024-05-08,43685.500,47.289,92279.109,STRONG_SIGNAL
2024-05-09,43802.000,47.370,92367.660,STRONG_SIGNAL
2024-05-10,43907.500,47.499,92338.787,STRONG_SIGNAL
2024-05-13,43807.000,47.436,92249.653,STRONG_SIGNAL
2024-05-14,43732.000,47.381,92198.793,STRONG_SIGNAL
2024-05-15,43985.000,47.751,92013.336,STRONG_SIGNAL
2024-05-16,44239.000,48.025,92017.444,STRONG_SIGNAL
2024-05-17,43932.000,47.805,91798.160,STRONG_SIGNAL
2024-05-20,44146.000,48.109,91662.061,STRONG_SIGNAL
2024-05-21,44007.000,48.031,91521.222,STRONG_SIGNAL
2024-05-22,44030.000,48.154,91334.906,STRONG_SIGNAL
2024-05-23,44068.000,48.200,91327.862,STRONG_SIGNAL
2024-05-24,43867.000,47.955,91375.949,STRONG_SIGNAL
2024-05-28,43760.000,47.898,91261.575,STRONG_SIGNAL
2024-05-29,43711.000,47.880,91193.032,STRONG_SIGNAL
2024-05-30,43420.000,47.548,91217.836,STRONG_SIGNAL
2024-05-31,43147.000,47.143,91424.185,STRONG_SIGNAL
2024-06-03,43437.500,47.531,91286.805,STRONG_SIGNAL
2024-06-04,43391.000,47.478,91291.148,STRONG_SIGNAL
2024-06-05,43981.000,48.142,91257.423,STRONG_SIGNAL
2024-06-06,44131.000,48.280,91305.522,STRONG_SIGNAL
2024-06-07,44390.000,48.665,91114.950,STRONG_SIGNAL
2024-06-10,44337.000,48.892,90584.230,STRONG_SIGNAL
2024-06-11,44342.500,48.983,90426.006,STRONG_SIGNAL
2024-06-12,44659.500,49.215,90642.881,STRONG_SIGNAL
2024-06-13,44769.000,49.447,90438.760,STRONG_SIGNAL
2024-06-14,45066.000,49.765,90457.441,STRONG_SIGNAL
2024-06-17,45238.000,49.852,90644.713,STRONG_SIGNAL
2024-06-18,45508.000,50.101,90733.193,STRONG_SIGNAL
2024-06-19,45510.500,50.217,90527.547,STRONG_SIGNAL
2024-06-20,45732.000,50.365,90700.963,STRONG_SIGNAL
2024-06-21,45658.500,50.259,90747.273,STRONG_SIGNAL
2024-06-24,45571.000,50.195,90687.272,STRONG_SIGNAL
2024-06-25,45461.000,50.116,90610.795,STRONG_SIGNAL
2024-06-26,45640.000,50.229,90763.995,STRONG_SIGNAL
2024-06-27,45650.000,50.197,90841.070,STRONG_SIGNAL
2024-06-28,45913.000,50.426,90949.738,STRONG_SIGNAL
2024-07-01,45602.500,50.067,90982.808,STRONG_SIGNAL
2024-07-02,45616.000,50.178,90809.089,STRONG_SIGNAL
2024-07-03,45645.000,50.223,90784.669,STRONG_SIGNAL
2024-07-04,45730.500,50.286,90840.537,STRONG_SIGNAL
2024-07-05,45714.000,50.369,90658.109,STRONG_SIGNAL
2024-07-08,45835.500,50.539,90593.693,STRONG_SIGNAL
2024-07-09,46060.000,50.748,90662.202,STRONG_SIGNAL
2024-07-10,45970.000,50.801,90389.824,STRONG_SIGNAL
2024-07-11,45704.500,50.576,90267.443,STRONG_SIGNAL
2024-07-12,45792.000,50.778,90081.485,STRONG_SIGNAL
2024-07-15,45960.000,50.939,90124.768,STRONG_SIGNAL
2024-07-16,46005.000,51.020,90069.860,STRONG_SIGNAL
2024-07-17,45469.000,50.387,90139.879,STRONG_SIGNAL
2024-07-18,45225.500,50.085,90197.799,STRONG_SIGNAL
2024-07-19,45059.500,49.787,90404.898,STRONG_SIGNAL
2024-07-22,45234.000,49.998,90371.624,STRONG_SIGNAL
2024-07-23,45624.000,50.553,90150.536,STRONG_SIGNAL
2024-07-24,44634.500,49.497,90076.774,STRONG_SIGNAL
2024-07-25,44682.000,49.351,90439.902,STRONG_SIGNAL
2024-07-26,44741.000,49.329,90599.354,STRONG_SIGNAL
2024-07-29,44824.500,49.497,90460.638,STRONG_SIGNAL
2024-07-30,44744.500,49.435,90410.887,STRONG_SIGNAL
2024-07-31,45458.000,50.205,90444.343,STRONG_SIGNAL
2024-08-01,45293.500,49.899,90669.804,STRONG_SIGNAL
2024-08-02,43805.000,47.899,91352.932,STRONG_SIGNAL
2024-08-05,43169.000,46.822,92097.529,STRONG_SIGNAL
2024-08-06,43556.500,47.243,92097.316,STRONG_SIGNAL
2024-08-07,44096.000,47.813,92125.773,STRONG_SIGNAL
2024-08-08,43923.000,47.741,91902.569,STRONG_SIGNAL
2024-08-09,44042.000,47.948,91753.101,STRONG_SIGNAL
2024-08-12,44164.000,48.061,91791.939,STRONG_SIGNAL
2024-08-13,44474.000,48.522,91558.042,STRONG_SIGNAL
2024-08-14,44774.500,48.654,91926.553,STRONG_SIGNAL
2024-08-15,45404.000,49.518,91591.201,STRONG_SIGNAL
2024-08-16,45364.000,49.580,91397.363,STRONG_SIGNAL
2024-08-19,45401.000,49.615,91406.429,STRONG_SIGNAL
2024-08-20,45379.500,49.584,91421.345,STRONG_SIGNAL
2024-08-21,45358.500,49.566,91411.780,STRONG_SIGNAL
2024-08-22,45235.000,49.651,91006.617,STRONG_SIGNAL
2024-08-23,44981.500,49.493,90785.074,STRONG_SIGNAL
2024-08-27,44868.500,49.509,90527.853,STRONG_SIGNAL
2024-08-28,44753.000,49.461,90381.134,STRONG_SIGNAL
2024-08-29,45216.000,50.053,90235.780,STRONG_SIGNAL
2024-08-30,45038.500,49.822,90298.213,STRONG_SIGNAL
2024-09-02,45415.000,50.245,90287.634,STRONG_SIGNAL
2024-09-03,44977.500,49.732,90340.592,STRONG_SIGNAL
2024-09-04,44453.500,49.133,90376.723,STRONG_SIGNAL
2024-09-05,44099.000,48.780,90303.453,STRONG_SIGNAL
2024-09-06,43639.000,48.143,90545.088,STRONG_SIGNAL
2024-09-09,44076.500,48.677,90449.673,STRONG_SIGNAL
2024-09-10,44332.000,48.930,90502.499,STRONG_SIGNAL
2024-09-11,44105.000,48.578,90692.294,STRONG_SIGNAL
2024-09-12,44934.000,49.617,90462.119,STRONG_SIGNAL
2024-09-13,45251.500,50.011,90383.753,STRONG_SIGNAL
2024-09-16,44995.000,49.730,90379.335,STRONG_SIGNAL
2024-09-17,45447.000,50.127,90562.978,STRONG_SIGNAL
2024-09-18,45082.000,49.892,90259.393,STRONG_SIGNAL
2024-09-19,45524.000,50.501,90043.893,STRONG_SIGNAL
2024-09-20,45307.000,50.274,90020.377,STRONG_SIGNAL
2024-09-23,45304.000,50.598,89436.320,STRONG_SIGNAL
2024-09-24,45213.500,50.557,89330.918,STRONG_SIGNAL
2024-09-25,45370.500,50.620,89529.183,STRONG_SIGNAL
2024-09-26,45202.000,50.537,89343.198,STRONG_SIGNAL
2024-09-27,45390.000,50.743,89350.862,STRONG_SIGNAL
2024-09-30,45258.000,50.695,89174.298,STRONG_SIGNAL
2024-10-01,45426.500,50.832,89265.936,STRONG_SIGNAL
2024-10-02,45591.000,51.010,89276.355,STRONG_SIGNAL
2024-10-03,45968.000,51.006,90022.420,STRONG_SIGNAL
2024-10-04,46113.000,51.327,89741.932,STRONG_SIGNAL
2024-10-07,46402.000,51.507,89988.873,STRONG_SIGNAL
2024-10-08,46405.000,51.572,89880.594,STRONG_SIGNAL
2024-10-09,46775.000,52.045,89773.696,STRONG_SIGNAL
2024-10-10,46911.000,52.170,89819.583,STRONG_SIGNAL
2024-10-11,47045.000,52.310,89834.187,STRONG_SIGNAL
2024-10-14,47414.500,52.825,89657.573,STRONG_SIGNAL
2024-10-15,47229.000,52.837,89286.319,STRONG_SIGNAL
2024-10-16,47401.000,52.784,89702.670,STRONG_SIGNAL
2024-10-17,47675.000,53.326,89303.237,STRONG_SIGNAL
2024-10-18,47549.000,53.197,89282.593,STRONG_SIGNAL
2024-10-21,47496.000,53.076,89386.047,STRONG_SIGNAL
2024-10-22,47642.000,53.260,89350.910,STRONG_SIGNAL
2024-10-23,47488.000,53.120,89297.644,STRONG_SIGNAL
2024-10-24,47426.000,52.999,89384.301,STRONG_SIGNAL
2024-10-25,47638.000,53.239,89379.975,STRONG_SIGNAL
2024-10-28,47552.500,53.126,89409.065,STRONG_SIGNAL
2024-10-29,47486.000,53.217,89130.963,STRONG_SIGNAL
2024-10-30,47553.000,53.027,89577.040,STRONG_SIGNAL
2024-10-31,47111.000,52.041,90426.175,STRONG_SIGNAL
2024-11-01,47070.000,52.334,89841.143,STRONG_SIGNAL
2024-11-04,46745.000,51.800,90141.587,STRONG_SIGNAL
2024-11-05,46935.000,52.109,89971.510,STRONG_SIGNAL
2024-11-06,48494.000,54.264,89266.875,STRONG_SIGNAL
2024-11-07,48641.500,54.513,89128.631,STRONG_SIGNAL
2024-11-08,49144.000,55.121,89056.659,STRONG_SIGNAL
2024-11-11,49450.000,55.667,88731.469,STRONG_SIGNAL
2024-11-12,49755.000,55.683,89253.944,STRONG_SIGNAL
2024-11-13,49916.000,55.946,89121.301,STRONG_SIGNAL
2024-11-14,49822.500,55.780,89219.602,STRONG_SIGNAL
2024-11-15,49305.000,54.984,89570.904,STRONG_SIGNAL
2024-11-18,49445.000,55.127,89593.067,STRONG_SIGNAL
2024-11-19,49380.000,55.093,89529.861,STRONG_SIGNAL
2024-11-20,49237.000,55.121,89225.379,STRONG_SIGNAL
2024-11-21,49975.000,55.855,89372.352,STRONG_SIGNAL
2024-11-22,50447.000,56.534,89132.865,STRONG_SIGNAL
2024-11-25,50539.000,56.360,89571.855,STRONG_SIGNAL
2024-11-26,50718.000,56.597,89511.823,STRONG_SIGNAL
2024-11-27,50150.500,56.023,89416.944,STRONG_SIGNAL
2024-11-28,50274.500,56.273,89240.597,STRONG_SIGNAL
2024-11-29,50332.000,56.441,89076.178,STRONG_SIGNAL
2024-12-02,50640.500,56.906,88889.430,STRONG_SIGNAL
2024-12-03,50594.500,56.756,89044.226,STRONG_SIGNAL
2024-12-04,50618.500,56.948,88785.841,STRONG_SIGNAL
2024-12-05,50582.000,56.851,88873.273,STRONG_SIGNAL
2024-12-06,50633.000,56.898,88888.640,STRONG_SIGNAL
2024-12-09,50314.000,56.627,88751.406,STRONG_SIGNAL
2024-12-10,50339.000,56.904,88362.688,STRONG_SIGNAL
2024-12-11,50580.000,57.227,88285.117,STRONG_SIGNAL
2024-12-12,50730.000,57.145,88674.040,STRONG_SIGNAL
2024-12-13,50767.500,56.935,89067.882,STRONG_SIGNAL
2024-12-16,50720.000,57.127,88684.296,STRONG_SIGNAL
2024-12-17,50486.000,56.980,88502.420,STRONG_SIGNAL
2024-12-18,50639.000,57.177,88465.589,STRONG_SIGNAL
2024-12-19,49941.000,56.238,88702.573,STRONG_SIGNAL
2024-12-20,50197.000,56.482,88772.065,STRONG_SIGNAL
2024-12-23,50287.000,56.335,89163.475,STRONG_SIGNAL
2024-12-27,50311.000,56.516,88920.732,STRONG_SIGNAL
2024-12-30,50083.000,55.972,89378.131,STRONG_SIGNAL
2025-01-02,50570.000,56.919,88745.757,STRONG_SIGNAL
2025-01-03,50611.000,56.885,88870.518,STRONG_SIGNAL
2025-01-06,50971.500,57.171,89056.404,STRONG_SIGNAL
2025-01-07,50478.000,56.621,89050.329,STRONG_SIGNAL
2025-01-08,50709.500,56.675,89374.515,STRONG_SIGNAL
2025-01-09,50882.000,56.693,89650.606,STRONG_SIGNAL
2025-01-10,50573.000,56.181,89918.467,STRONG_SIGNAL
2025-01-13,50530.500,56.129,89925.500,STRONG_SIGNAL
2025-01-14,50750.000,55.990,90540.874,STRONG_SIGNAL
2025-01-15,51423.000,56.980,90146.846,STRONG_SIGNAL
2025-01-16,51650.000,57.084,90381.379,STRONG_SIGNAL
2025-01-17,52287.000,57.639,90614.326,STRONG_SIGNAL
2025-01-20,51960.000,57.252,90656.282,STRONG_SIGNAL
2025-01-21,51953.000,57.246,90653.482,STRONG_SIGNAL
2025-01-22,52489.000,57.850,90633.680,STRONG_SIGNAL
2025-01-23,52438.000,57.850,90545.521,STRONG_SIGNAL
2025-01-24,51996.500,57.534,90275.232,STRONG_SIGNAL
2025-01-27,50877.000,56.343,90198.054,STRONG_SIGNAL
2025-01-28,51520.000,57.199,89972.031,STRONG_SIGNAL
2025-01-29,51582.000,57.369,89812.181,STRONG_SIGNAL
2025-01-30,51526.500,57.332,89774.501,STRONG_SIGNAL
2025-01-31,52148.000,58.096,89662.421,STRONG_SIGNAL
2025-02-03,51259.500,57.568,88942.049,STRONG_SIGNAL
2025-02-04,51338.000,57.506,89173.801,STRONG_SIGNAL
2025-02-05,51141.000,57.242,89241.247,STRONG_SIGNAL
2025-02-06,51823.000,57.897,89408.727,STRONG_SIGNAL
2025-02-07,51678.000,57.792,89320.711,STRONG_SIGNAL
2025-02-10,51948.000,58.121,89278.470,STRONG_SIGNAL
2025-02-11,51822.500,57.959,89312.862,STRONG_SIGNAL
2025-02-12,51523.500,57.520,89474.740,STRONG_SIGNAL
2025-02-13,51551.000,57.687,89263.589,STRONG_SIGNAL
2025-02-14,51486.000,57.564,89341.657,STRONG_SIGNAL
2025-02-17,51595.000,57.818,89137.268,STRONG_SIGNAL
2025-02-18,51508.000,57.846,88944.014,STRONG_SIGNAL
2025-02-19,51752.500,58.213,88802.480,STRONG_SIGNAL
2025-02-20,51268.000,57.560,88969.091,STRONG_SIGNAL
2025-02-21,51111.000,57.603,88629.042,STRONG_SIGNAL
2025-02-24,50578.000,56.851,88865.264,STRONG_SIGNAL
2025-02-25,49682.000,55.762,88996.528,STRONG_SIGNAL
2025-02-26,50218.000,56.508,88768.660,STRONG_SIGNAL
2025-02-27,50131.500,56.685,88339.185,STRONG_SIGNAL
2025-02-28,49578.500,55.980,88464.238,STRONG_SIGNAL
2025-03-03,49615.000,55.968,88548.287,STRONG_SIGNAL
2025-03-04,47987.500,54.034,88710.425,STRONG_SIGNAL
2025-03-05,47477.000,52.869,89701.506,STRONG_SIGNAL
2025-03-06,47711.000,52.928,90042.607,STRONG_SIGNAL
2025-03-07,46807.000,51.871,90137.840,STRONG_SIGNAL
2025-03-10,46585.000,51.609,90165.675,STRONG_SIGNAL
2025-03-11,45738.000,50.533,90410.692,STRONG_SIGNAL
2025-03-12,45962.000,50.960,90092.505,STRONG_SIGNAL
2025-03-13,45435.000,50.520,89835.208,STRONG_SIGNAL
2025-03-14,46162.500,51.113,90215.138,STRONG_SIGNAL
2025-03-17,46208.500,51.222,90111.971,STRONG_SIGNAL
2025-03-18,46001.000,50.906,90265.050,STRONG_SIGNAL
2025-03-19,46382.000,51.507,89950.430,STRONG_SIGNAL
2025-03-20,46485.000,51.801,89637.302,STRONG_SIGNAL
2025-03-21,46460.000,51.636,89875.923,STRONG_SIGNAL
2025-03-24,47402.000,52.814,89652.615,STRONG_SIGNAL
2025-03-25,47321.000,52.826,89478.988,STRONG_SIGNAL
2025-03-26,47271.000,52.615,89743.080,STRONG_SIGNAL
2025-03-27,46881.000,52.394,89377.475,STRONG_SIGNAL
2025-03-28,45912.000,51.133,89690.091,STRONG_SIGNAL
2025-03-31,45729.000,50.908,89727.216,STRONG_SIGNAL
2025-04-01,46335.000,51.592,89709.986,STRONG_SIGNAL
2025-04-02,46372.500,51.624,89727.232,STRONG_SIGNAL
2025-04-03,44175.000,48.749,90517.831,STRONG_SIGNAL
2025-04-04,42625.000,46.610,91351.230,STRONG_SIGNAL
2025-04-07,41650.000,45.491,91456.147,STRONG_SIGNAL
2025-04-08,43012.500,46.999,91418.750,STRONG_SIGNAL
2025-04-09,41584.500,44.618,93101.915,STRONG_SIGNAL
2025-04-10,43062.000,46.401,92704.834,STRONG_SIGNAL
2025-04-11,42808.000,45.906,93151.206,STRONG_SIGNAL
2025-04-14,43613.000,47.182,92336.386,STRONG_SIGNAL
2025-04-15,43600.000,47.566,91562.718,STRONG_SIGNAL
2025-04-16,43156.000,46.778,92157.669,STRONG_SIGNAL
2025-04-17,42502.000,46.112,92071.107,STRONG_SIGNAL
2025-04-22,41897.000,45.471,92039.410,STRONG_SIGNAL
2025-04-23,43254.000,47.036,91858.621,STRONG_SIGNAL
2025-04-24,43567.000,47.546,91531.671,STRONG_SIGNAL
2025-04-25,43812.000,47.757,91639.973,STRONG_SIGNAL
2025-04-28,43632.500,47.829,91125.368,STRONG_SIGNAL
2025-04-29,43895.000,48.071,91212.612,STRONG_SIGNAL
2025-04-30,43974.000,48.224,91086.299,STRONG_SIGNAL
2025-05-02,45385.000,49.590,91419.700,STRONG_SIGNAL
2025-05-06,44853.000,49.233,91003.101,STRONG_SIGNAL
2025-05-07,44712.000,48.997,91153.782,STRONG_SIGNAL
2025-05-08,45474.000,50.022,90807.593,STRONG_SIGNAL
2025-05-09,45312.000,49.873,90754.804,STRONG_SIGNAL
2025-05-12,46765.500,51.833,90123.336,STRONG_SIGNAL
2025-05-13,47258.000,52.321,90223.949,STRONG_SIGNAL
2025-05-14,47201.000,52.189,90342.035,STRONG_SIGNAL
2025-05-15,47283.000,52.350,90220.202,STRONG_SIGNAL
2025-05-16,47567.000,52.732,90104.369,STRONG_SIGNAL
2025-05-19,47324.000,52.350,90298.521,STRONG_SIGNAL
2025-05-20,47384.500,52.408,90314.419,STRONG_SIGNAL
2025-05-21,46986.000,51.861,90500.046,STRONG_SIGNAL
2025-05-22,46308.500,51.425,89950.367,STRONG_SIGNAL
2025-05-23,45737.000,50.758,90007.097,STRONG_SIGNAL
2025-05-27,46491.000,51.652,89908.204,STRONG_SIGNAL
2025-05-28,46736.000,51.847,90042.202,STRONG_SIGNAL
2025-05-29,46756.000,51.580,90546.971,STRONG_SIGNAL
2025-05-30,46592.000,51.527,90323.212,STRONG_SIGNAL
2025-06-02,46356.500,51.194,90450.157,STRONG_SIGNAL
2025-06-03,46983.000,52.012,90230.850,STRONG_SIGNAL
2025-06-04,46969.500,51.966,90284.423,STRONG_SIGNAL
2025-06-05,47025.000,51.998,90335.817,STRONG_SIGNAL
2025-06-06,47197.000,52.201,90313.679,STRONG_SIGNAL
2025-06-09,47193.000,52.199,90309.459,STRONG_SIGNAL
2025-06-10,47408.000,52.255,90624.510,STRONG_SIGNAL
2025-06-11,47588.000,52.295,90899.667,STRONG_SIGNAL
2025-06-12,47314.000,51.728,91366.228,STRONG_SIGNAL
2025-06-13,47150.000,51.595,91285.342,STRONG_SIGNAL
2025-06-16,47384.000,51.778,91413.305,STRONG_SIGNAL
2025-06-17,47420.000,51.784,91472.247,STRONG_SIGNAL
2025-06-18,47552.000,51.766,91759.009,STRONG_SIGNAL
2025-06-19,47027.000,51.315,91543.083,STRONG_SIGNAL
2025-06-20,47362.000,51.555,91767.284,STRONG_SIGNAL
2025-06-23,47271.000,51.485,91715.138,STRONG_SIGNAL
2025-06-24,47612.000,51.966,91521.789,STRONG_SIGNAL
2025-06-25,47675.000,52.052,91491.803,STRONG_SIGNAL
2025-06-26,47554.000,52.022,91311.904,STRONG_SIGNAL
2025-06-27,48024.500,52.399,91551.982,STRONG_SIGNAL
2025-06-30,48148.000,52.325,91917.313,STRONG_SIGNAL
2025-07-01,48184.000,52.259,92102.134,STRONG_SIGNAL
2025-07-02,48684.000,52.399,92810.599,STRONG_SIGNAL
2025-07-03,49028.000,53.009,92389.477,STRONG_SIGNAL
2025-07-04,48785.000,52.626,92600.964,STRONG_SIGNAL
2025-07-07,48786.000,52.842,92224.842,STRONG_SIGNAL
2025-07-08,48920.000,52.836,92488.924,STRONG_SIGNAL
2025-07-09,49017.500,52.987,92407.968,STRONG_SIGNAL
2025-07-10,49394.000,53.422,92359.572,STRONG_SIGNAL
2025-07-11,49432.000,53.143,92917.045,STRONG_SIGNAL
2025-07-14,49641.000,53.207,93198.241,STRONG_SIGNAL
2025-07-15,49944.000,53.664,92968.532,STRONG_SIGNAL
2025-07-16,49256.000,52.760,93258.817,STRONG_SIGNAL
2025-07-17,50021.000,53.905,92694.563,STRONG_SIGNAL
2025-07-18,49981.000,53.712,92954.444,STRONG_SIGNAL
2025-07-21,50040.000,53.757,92984.759,STRONG_SIGNAL
2025-07-22,49731.500,53.332,93148.039,STRONG_SIGNAL
2025-07-23,49797.000,53.642,92732.568,STRONG_SIGNAL
2025-07-24,50259.000,53.791,93333.196,STRONG_SIGNAL
2025-07-25,50655.000,54.021,93669.408,STRONG_SIGNAL
2025-07-28,50875.000,54.665,92966.432,STRONG_SIGNAL
2025-07-29,51000.000,54.913,92774.773,STRONG_SIGNAL
2025-07-30,51174.500,55.218,92577.356,STRONG_SIGNAL
2025-07-31,51500.000,55.497,92697.423,STRONG_SIGNAL
2025-08-01,50174.000,53.652,93417.981,STRONG_SIGNAL
2025-08-04,50669.000,54.232,93329.562,STRONG_SIGNAL
2025-08-05,50526.500,54.017,93438.452,STRONG_SIGNAL
2025-08-06,50700.000,54.145,93538.292,STRONG_SIGNAL
2025-08-07,50417.000,54.121,93056.814,STRONG_SIGNAL
2025-08-08,50563.000,54.306,93007.367,STRONG_SIGNAL
2025-08-11,50819.000,54.723,92765.701,STRONG_SIGNAL
2025-08-12,50764.000,54.683,92732.885,STRONG_SIGNAL
2025-08-13,50758.000,54.731,92640.706,STRONG_SIGNAL
2025-08-14,50863.000,55.072,92256.832,STRONG_SIGNAL
2025-08-15,50775.000,54.799,92556.923,STRONG_SIGNAL
2025-08-18,50877.000,54.887,92594.562,STRONG_SIGNAL
2025-08-19,50873.000,54.805,92725.620,STRONG_SIGNAL
2025-08-20,50587.000,54.424,92850.082,STRONG_SIGNAL
2025-08-21,50801.000,54.695,92780.215,STRONG_SIGNAL
2025-08-22,51098.000,54.973,92851.924,STRONG_SIGNAL
2025-08-26,50999.000,54.953,92705.516,STRONG_SIGNAL
2025-08-27,51368.000,55.489,92472.885,STRONG_SIGNAL
2025-08-28,51227.000,55.268,92588.711,STRONG_SIGNAL
2025-08-29,51022.000,54.877,92875.647,STRONG_SIGNAL
2025-09-01,51029.000,55.014,92655.714,STRONG_SIGNAL
2025-09-02,50875.500,54.368,93476.230,STRONG_SIGNAL
2025-09-03,51117.000,54.847,93099.587,STRONG_SIGNAL
2025-09-04,51479.000,55.300,92990.905,STRONG_SIGNAL
2025-09-05,51077.000,54.817,93077.498,STRONG_SIGNAL
2025-09-08,51340.500,55.116,93049.636,STRONG_SIGNAL
2025-09-09,51285.000,55.154,92884.988,STRONG_SIGNAL
2025-09-10,51566.500,55.477,92850.664,STRONG_SIGNAL
2025-09-11,51839.500,55.850,92719.161,STRONG_SIGNAL
2025-09-12,51925.500,55.926,92746.800,STRONG_SIGNAL
2025-09-15,51953.000,55.948,92759.438,STRONG_SIGNAL
2025-09-16,51736.000,55.524,93077.728,STRONG_SIGNAL
2025-09-17,51632.000,55.462,92994.368,STRONG_SIGNAL
2025-09-18,52407.000,56.160,93217.308,STRONG_SIGNAL
2025-09-19,52614.000,56.242,93449.304,STRONG_SIGNAL
2025-09-22,52838.000,56.422,93547.866,STRONG_SIGNAL
2025-09-23,52884.500,56.470,93550.609,STRONG_SIGNAL
2025-09-24,52835.000,56.374,93622.282,STRONG_SIGNAL
2025-09-25,52954.000,56.382,93820.045,STRONG_SIGNAL
2025-09-26,52796.000,56.366,93566.393,STRONG_SIGNAL
2025-09-29,53013.000,56.504,93721.674,STRONG_SIGNAL
2025-09-30,52886.000,56.422,93632.940,STRONG_SIGNAL
2025-10-03,53473.000,57.186,93407.151,STRONG_SIGNAL
Date,Price1,Price2,spread_pct,signal
2023-10-03,6607.000,76.222,8568.101,STRONG_SIGNAL
2023-10-04,6583.000,75.990,8562.982,STRONG_SIGNAL
2023-10-05,6579.000,76.020,8554.302,STRONG_SIGNAL
2023-10-06,6609.000,76.464,8543.283,STRONG_SIGNAL
2023-10-09,6642.000,76.958,8530.682,STRONG_SIGNAL
2023-10-10,6744.000,78.012,8544.824,STRONG_SIGNAL
2023-10-11,6706.000,77.676,8533.297,STRONG_SIGNAL
2023-10-12,6768.000,78.320,8541.471,STRONG_SIGNAL
2023-10-13,6736.000,77.848,8552.759,STRONG_SIGNAL
2023-10-16,6763.000,78.196,8548.780,STRONG_SIGNAL
2023-10-17,6771.000,78.032,8577.210,STRONG_SIGNAL
2023-10-18,6727.000,77.584,8570.602,STRONG_SIGNAL
2023-10-19,6683.000,76.702,8612.941,STRONG_SIGNAL
2023-10-20,6566.000,75.354,8613.539,STRONG_SIGNAL
2023-10-23,6531.000,75.074,8599.417,STRONG_SIGNAL
2023-10-24,6571.000,75.476,8606.079,STRONG_SIGNAL
2023-10-25,6554.000,75.146,8621.688,STRONG_SIGNAL
2023-10-26,6482.000,74.574,8592.038,STRONG_SIGNAL
2023-10-27,6445.000,73.922,8618.650,STRONG_SIGNAL
2023-10-30,6461.000,73.994,8631.789,STRONG_SIGNAL
2023-10-31,6501.000,74.614,8612.842,STRONG_SIGNAL
2023-11-01,6560.000,75.478,8591.275,STRONG_SIGNAL
2023-11-02,6675.000,76.606,8613.416,STRONG_SIGNAL
2023-11-03,6673.500,77.000,8566.883,STRONG_SIGNAL
2023-11-06,6658.000,76.756,8574.241,STRONG_SIGNAL
2023-11-07,6710.000,77.256,8585.410,STRONG_SIGNAL
2023-11-08,6700.000,76.954,8606.500,STRONG_SIGNAL
2023-11-09,6745.000,77.290,8626.873,STRONG_SIGNAL
2023-11-10,6745.000,77.132,8644.749,STRONG_SIGNAL
2023-11-13,6774.000,77.642,8624.660,STRONG_SIGNAL
2023-11-14,6802.000,78.176,8600.880,STRONG_SIGNAL
2023-11-15,6848.000,78.420,8632.466,STRONG_SIGNAL
2023-11-16,6817.000,77.974,8642.658,STRONG_SIGNAL
2023-11-17,6854.000,78.310,8652.395,STRONG_SIGNAL
2023-11-20,6860.000,78.310,8660.056,STRONG_SIGNAL
2023-11-21,6836.000,78.364,8623.394,STRONG_SIGNAL
2023-11-22,6895.000,79.028,8624.756,STRONG_SIGNAL
2023-11-23,6871.000,78.986,8599.010,STRONG_SIGNAL
2023-11-24,6835.500,78.840,8570.092,STRONG_SIGNAL
2023-11-27,6828.000,78.724,8573.340,STRONG_SIGNAL
2023-11-28,6803.000,78.524,8563.593,STRONG_SIGNAL
2023-11-29,6802.000,78.652,8548.223,STRONG_SIGNAL
2023-11-30,6811.000,78.974,8524.357,STRONG_SIGNAL
2023-12-01,6847.000,79.818,8478.265,STRONG_SIGNAL
2023-12-04,6835.000,79.818,8463.231,STRONG_SIGNAL
2023-12-05,6862.000,79.818,8497.058,STRONG_SIGNAL
2023-12-06,6880.000,79.818,8519.610,STRONG_SIGNAL
2023-12-07,6897.000,80.380,8480.493,STRONG_SIGNAL
2023-12-08,6934.500,80.858,8476.146,STRONG_SIGNAL
2023-12-11,6951.000,81.140,8466.675,STRONG_SIGNAL
2023-12-12,6976.000,81.134,8498.121,STRONG_SIGNAL
2023-12-13,7015.000,81.454,8512.223,STRONG_SIGNAL
2023-12-14,7010.000,81.396,8512.216,STRONG_SIGNAL
2023-12-15,7045.000,81.962,8495.447,STRONG_SIGNAL
2023-12-18,7079.000,81.998,8533.137,STRONG_SIGNAL
2023-12-19,7067.500,82.098,8508.614,STRONG_SIGNAL
2023-12-20,7128.000,82.380,8552.586,STRONG_SIGNAL
2023-12-21,7093.000,81.748,8576.665,STRONG_SIGNAL
2023-12-22,7080.000,82.050,8528.885,STRONG_SIGNAL
2023-12-27,7095.500,81.756,8578.874,STRONG_SIGNAL
2023-12-28,7135.000,82.078,8592.950,STRONG_SIGNAL
2023-12-29,7140.000,82.260,8579.796,STRONG_SIGNAL
2024-01-02,7135.000,82.216,8578.359,STRONG_SIGNAL
2024-01-03,7064.000,81.842,8531.265,STRONG_SIGNAL
2024-01-04,7061.000,81.798,8532.241,STRONG_SIGNAL
2024-01-05,7025.000,81.628,8506.116,STRONG_SIGNAL
2024-01-08,7035.000,81.788,8501.506,STRONG_SIGNAL
2024-01-09,7083.000,82.390,8496.917,STRONG_SIGNAL
2024-01-10,7097.000,82.436,8509.103,STRONG_SIGNAL
2024-01-11,7073.000,82.096,8515.523,STRONG_SIGNAL
2024-01-12,7109.000,82.684,8497.794,STRONG_SIGNAL
2024-01-15,7112.500,82.744,8495.789,STRONG_SIGNAL
2024-01-16,7130.000,82.962,8494.296,STRONG_SIGNAL
2024-01-17,7060.000,82.386,8469.417,STRONG_SIGNAL
2024-01-18,7087.000,82.720,8467.456,STRONG_SIGNAL
2024-01-19,7133.000,83.004,8493.562,STRONG_SIGNAL
2024-01-22,7189.000,83.960,8462.411,STRONG_SIGNAL
2024-01-23,7192.000,84.068,8454.979,STRONG_SIGNAL
2024-01-24,7228.000,84.520,8451.822,STRONG_SIGNAL
2024-01-25,7242.000,84.886,8431.442,STRONG_SIGNAL
2024-01-26,7258.000,84.954,8443.447,STRONG_SIGNAL
2024-01-29,7271.000,85.310,8423.034,STRONG_SIGNAL
2024-01-30,7320.000,85.536,8457.800,STRONG_SIGNAL
2024-01-31,7254.000,85.044,8429.702,STRONG_SIGNAL
2024-02-01,7231.000,84.690,8438.198,STRONG_SIGNAL
2024-02-02,7346.000,86.062,8435.707,STRONG_SIGNAL
2024-02-05,7379.000,86.162,8464.100,STRONG_SIGNAL
2024-02-06,7374.000,86.374,8437.291,STRONG_SIGNAL
2024-02-07,7396.000,86.750,8425.648,STRONG_SIGNAL
2024-02-08,7408.000,86.786,8435.939,STRONG_SIGNAL
2024-02-09,7422.000,86.924,8438.493,STRONG_SIGNAL
2024-02-12,7482.000,87.660,8435.249,STRONG_SIGNAL
2024-02-13,7381.000,86.804,8403.064,STRONG_SIGNAL
2024-02-14,7428.000,86.926,8445.199,STRONG_SIGNAL
2024-02-15,7471.000,87.360,8451.969,STRONG_SIGNAL
2024-02-16,7506.000,87.712,8457.552,STRONG_SIGNAL
2024-02-19,7489.000,87.542,8454.751,STRONG_SIGNAL
2024-02-20,7414.000,86.662,8455.076,STRONG_SIGNAL
2024-02-21,7416.500,86.564,8467.649,STRONG_SIGNAL
2024-02-22,7535.000,88.044,8458.221,STRONG_SIGNAL
2024-02-23,7548.000,88.390,8439.428,STRONG_SIGNAL
2024-02-26,7537.000,88.040,8460.881,STRONG_SIGNAL
2024-02-27,7523.000,87.926,8456.058,STRONG_SIGNAL
2024-02-28,7531.000,87.966,8461.262,STRONG_SIGNAL
2024-02-29,7544.000,88.198,8453.482,STRONG_SIGNAL
2024-03-01,7606.000,88.796,8465.701,STRONG_SIGNAL
2024-03-04,7594.000,88.756,8456.042,STRONG_SIGNAL
2024-03-05,7532.000,88.178,8441.813,STRONG_SIGNAL
2024-03-06,7567.000,88.530,8447.385,STRONG_SIGNAL
2024-03-07,7598.000,88.896,8447.066,STRONG_SIGNAL
2024-03-08,7567.000,88.908,8411.045,STRONG_SIGNAL
2024-03-11,7536.000,88.330,8431.643,STRONG_SIGNAL
2024-03-12,7611.000,89.056,8446.308,STRONG_SIGNAL
2024-03-13,7619.000,89.096,8451.450,STRONG_SIGNAL
2024-03-14,7613.000,89.174,8437.241,STRONG_SIGNAL
2024-03-15,7575.000,88.610,8448.696,STRONG_SIGNAL
2024-03-18,7637.000,89.408,8441.742,STRONG_SIGNAL
2024-03-19,7642.000,89.540,8434.733,STRONG_SIGNAL
2024-03-20,7660.000,89.730,8436.721,STRONG_SIGNAL
2024-03-21,7804.000,91.018,8474.128,STRONG_SIGNAL
2024-03-22,7806.000,90.986,8479.342,STRONG_SIGNAL
2024-03-25,7775.500,90.710,8471.822,STRONG_SIGNAL
2024-03-26,7795.000,90.916,8473.848,STRONG_SIGNAL
2024-03-27,7785.000,90.852,8468.882,STRONG_SIGNAL
2024-03-28,7814.000,91.452,8444.373,STRONG_SIGNAL
2024-04-02,7767.000,90.694,8463.962,STRONG_SIGNAL
2024-04-03,7781.000,90.776,8471.649,STRONG_SIGNAL
2024-04-04,7793.000,90.848,8478.064,STRONG_SIGNAL
2024-04-05,7740.000,90.234,8477.698,STRONG_SIGNAL
2024-04-08,7752.000,90.386,8476.549,STRONG_SIGNAL
2024-04-09,7699.500,89.872,8467.184,STRONG_SIGNAL
2024-04-10,7726.000,90.286,8457.251,STRONG_SIGNAL
2024-04-11,7734.000,90.436,8451.904,STRONG_SIGNAL
2024-04-12,7766.000,90.860,8447.215,STRONG_SIGNAL
2024-04-15,7740.000,90.672,8436.263,STRONG_SIGNAL
2024-04-16,7628.000,89.218,8449.844,STRONG_SIGNAL
2024-04-17,7587.000,88.738,8449.889,STRONG_SIGNAL
2024-04-18,7611.000,88.966,8454.953,STRONG_SIGNAL
2024-04-19,7576.000,88.146,8494.831,STRONG_SIGNAL
2024-04-22,7617.000,88.276,8528.619,STRONG_SIGNAL
2024-04-23,7674.000,89.266,8496.778,STRONG_SIGNAL
2024-04-24,7677.000,89.274,8499.368,STRONG_SIGNAL
2024-04-25,7566.000,88.198,8478.426,STRONG_SIGNAL
2024-04-26,7695.000,89.804,8468.661,STRONG_SIGNAL
2024-04-29,7671.000,89.826,8439.844,STRONG_SIGNAL
2024-04-30,7643.000,89.576,8432.420,STRONG_SIGNAL
2024-05-02,7610.000,88.890,8461.143,STRONG_SIGNAL
2024-05-03,7694.000,89.650,8482.264,STRONG_SIGNAL
2024-05-07,7810.000,90.946,8487.514,STRONG_SIGNAL
2024-05-08,7824.000,90.934,8504.043,STRONG_SIGNAL
2024-05-09,7849.000,91.140,8512.026,STRONG_SIGNAL
2024-05-10,7869.000,91.436,8506.020,STRONG_SIGNAL
2024-05-13,7851.000,91.314,8497.805,STRONG_SIGNAL
2024-05-14,7842.000,91.260,8493.031,STRONG_SIGNAL
2024-05-15,7888.000,91.926,8480.815,STRONG_SIGNAL
2024-05-16,7919.000,92.288,8480.747,STRONG_SIGNAL
2024-05-17,7873.000,91.974,8460.028,STRONG_SIGNAL
2024-05-20,7908.000,92.512,8448.080,STRONG_SIGNAL
2024-05-21,7880.000,92.302,8437.193,STRONG_SIGNAL
2024-05-22,7865.000,92.348,8416.698,STRONG_SIGNAL
2024-05-23,7867.000,92.386,8415.359,STRONG_SIGNAL
2024-05-24,7841.000,92.036,8419.492,STRONG_SIGNAL
2024-05-28,7821.000,91.894,8410.893,STRONG_SIGNAL
2024-05-29,7788.000,91.554,8406.455,STRONG_SIGNAL
2024-05-30,7765.000,91.246,8409.962,STRONG_SIGNAL
2024-05-31,7732.000,90.726,8422.364,STRONG_SIGNAL
2024-06-03,7777.000,91.418,8407.077,STRONG_SIGNAL
2024-06-04,7758.000,91.146,8411.618,STRONG_SIGNAL
2024-06-05,7851.000,92.274,8408.355,STRONG_SIGNAL
2024-06-06,7879.000,92.582,8410.294,STRONG_SIGNAL
2024-06-07,7904.000,93.072,8392.350,STRONG_SIGNAL
2024-06-10,7888.000,93.448,8341.058,STRONG_SIGNAL
2024-06-11,7870.000,93.280,8336.964,STRONG_SIGNAL
2024-06-12,7928.000,93.812,8350.945,STRONG_SIGNAL
2024-06-13,7909.000,93.784,8333.209,STRONG_SIGNAL
2024-06-14,7934.000,94.064,8334.683,STRONG_SIGNAL
2024-06-17,7950.000,94.076,8350.615,STRONG_SIGNAL
2024-06-18,8005.000,94.620,8360.156,STRONG_SIGNAL
2024-06-19,7998.000,94.728,8343.122,STRONG_SIGNAL
2024-06-20,8044.000,95.112,8357.398,STRONG_SIGNAL
2024-06-21,8017.000,94.786,8358.000,STRONG_SIGNAL
2024-06-24,8026.000,94.944,8353.404,STRONG_SIGNAL
2024-06-25,8014.000,94.858,8348.417,STRONG_SIGNAL
2024-06-26,8024.000,94.878,8357.177,STRONG_SIGNAL
2024-06-27,8025.000,94.802,8365.011,STRONG_SIGNAL
2024-06-28,8072.000,95.186,8380.239,STRONG_SIGNAL
2024-07-01,8031.000,94.654,8384.586,STRONG_SIGNAL
2024-07-02,8027.000,94.830,8364.621,STRONG_SIGNAL
2024-07-03,8046.000,95.096,8360.924,STRONG_SIGNAL
2024-07-04,8073.000,95.298,8371.322,STRONG_SIGNAL
2024-07-05,8060.000,95.326,8355.196,STRONG_SIGNAL
2024-07-08,8066.000,95.508,8345.366,STRONG_SIGNAL
2024-07-09,8086.000,95.646,8354.091,STRONG_SIGNAL
2024-07-10,8096.000,96.022,8331.401,STRONG_SIGNAL
2024-07-11,8067.000,95.864,8315.046,STRONG_SIGNAL
2024-07-12,8090.000,96.344,8296.994,STRONG_SIGNAL
2024-07-15,8097.000,96.360,8302.864,STRONG_SIGNAL
2024-07-16,8106.000,96.488,8301.045,STRONG_SIGNAL
2024-07-17,8026.000,95.486,8305.421,STRONG_SIGNAL
2024-07-18,7985.500,94.936,8311.456,STRONG_SIGNAL
2024-07-19,7953.000,94.330,8331.040,STRONG_SIGNAL
2024-07-22,7986.000,94.784,8325.473,STRONG_SIGNAL
2024-07-23,8044.000,95.674,8307.718,STRONG_SIGNAL
2024-07-24,7901.000,94.038,8301.922,STRONG_SIGNAL
2024-07-25,7885.500,93.552,8329.002,STRONG_SIGNAL
2024-07-26,7913.000,93.722,8343.055,STRONG_SIGNAL
2024-07-29,7919.500,93.922,8331.997,STRONG_SIGNAL
2024-07-30,7915.000,93.962,8323.618,STRONG_SIGNAL
2024-07-31,8042.000,95.374,8332.067,STRONG_SIGNAL
2024-08-01,7978.000,94.386,8352.525,STRONG_SIGNAL
2024-08-02,7730.000,90.704,8422.226,STRONG_SIGNAL
2024-08-05,7613.000,88.634,8489.254,STRONG_SIGNAL
2024-08-06,7692.000,89.328,8510.962,STRONG_SIGNAL
2024-08-07,7789.000,90.670,8490.493,STRONG_SIGNAL
2024-08-08,7770.000,90.644,8471.996,STRONG_SIGNAL
2024-08-09,7787.000,91.004,8456.767,STRONG_SIGNAL
2024-08-12,7805.000,91.168,8461.118,STRONG_SIGNAL
2024-08-13,7862.000,92.072,8438.970,STRONG_SIGNAL
2024-08-14,7922.000,92.306,8482.324,STRONG_SIGNAL
2024-08-15,8021.000,93.918,8440.429,STRONG_SIGNAL
2024-08-16,8013.000,94.052,8419.755,STRONG_SIGNAL
2024-08-19,8035.000,94.296,8421.040,STRONG_SIGNAL
2024-08-20,8022.000,94.102,8424.792,STRONG_SIGNAL
2024-08-21,8023.000,94.184,8418.432,STRONG_SIGNAL
2024-08-22,8006.000,94.348,8385.607,STRONG_SIGNAL
2024-08-23,7990.000,94.366,8367.033,STRONG_SIGNAL
2024-08-27,7962.000,94.388,8335.394,STRONG_SIGNAL
2024-08-28,7950.000,94.370,8324.287,STRONG_SIGNAL
2024-08-29,8030.000,95.442,8313.487,STRONG_SIGNAL
2024-08-30,8007.000,95.132,8316.726,STRONG_SIGNAL
2024-09-02,8056.000,95.700,8317.973,STRONG_SIGNAL
2024-09-03,7984.000,94.780,8323.718,STRONG_SIGNAL
2024-09-04,7888.500,93.632,8325.004,STRONG_SIGNAL
2024-09-05,7835.000,93.032,8321.834,STRONG_SIGNAL
2024-09-06,7738.000,91.766,8332.317,STRONG_SIGNAL
2024-09-09,7836.000,92.840,8340.328,STRONG_SIGNAL
2024-09-10,7849.000,93.012,8338.696,STRONG_SIGNAL
2024-09-11,7824.000,92.588,8350.339,STRONG_SIGNAL
2024-09-12,7956.000,94.302,8336.724,STRONG_SIGNAL
2024-09-13,8010.000,94.986,8332.822,STRONG_SIGNAL
2024-09-16,7967.000,94.546,8326.586,STRONG_SIGNAL
2024-09-17,8033.000,95.148,8342.637,STRONG_SIGNAL
2024-09-18,7969.000,94.646,8319.796,STRONG_SIGNAL
2024-09-19,8059.000,95.996,8295.141,STRONG_SIGNAL
2024-09-20,8003.000,95.358,8292.584,STRONG_SIGNAL
2024-09-23,8004.000,96.024,8235.416,STRONG_SIGNAL
2024-09-24,8006.000,96.058,8234.548,STRONG_SIGNAL
2024-09-25,8027.000,96.082,8254.322,STRONG_SIGNAL
2024-09-26,8024.000,96.308,8231.603,STRONG_SIGNAL
2024-09-27,8055.000,96.662,8233.161,STRONG_SIGNAL
2024-09-30,8016.000,96.396,8215.697,STRONG_SIGNAL
2024-10-01,8050.000,96.590,8234.196,STRONG_SIGNAL
2024-10-02,8067.000,96.912,8224.046,STRONG_SIGNAL
2024-10-03,8121.000,96.706,8297.617,STRONG_SIGNAL
2024-10-04,8143.500,97.298,8269.648,STRONG_SIGNAL
2024-10-07,8188.000,97.592,8290.032,STRONG_SIGNAL
2024-10-08,8170.000,97.506,8278.972,STRONG_SIGNAL
2024-10-09,8227.000,98.292,8269.959,STRONG_SIGNAL
2024-10-10,8246.000,98.452,8275.655,STRONG_SIGNAL
2024-10-11,8276.000,98.820,8274.823,STRONG_SIGNAL
2024-10-14,8326.000,99.634,8256.585,STRONG_SIGNAL
2024-10-15,8279.000,99.406,8228.471,STRONG_SIGNAL
2024-10-16,8308.000,99.354,8262.019,STRONG_SIGNAL
2024-10-17,8350.000,100.225,8231.255,STRONG_SIGNAL
2024-10-18,8338.000,100.120,8228.006,STRONG_SIGNAL
2024-10-21,8314.000,99.732,8236.341,STRONG_SIGNAL
2024-10-22,8320.000,99.862,8231.498,STRONG_SIGNAL
2024-10-23,8286.500,99.532,8225.463,STRONG_SIGNAL
2024-10-24,8282.000,99.392,8232.663,STRONG_SIGNAL
2024-10-25,8312.000,99.740,8233.668,STRONG_SIGNAL
2024-10-28,8308.000,99.680,8234.671,STRONG_SIGNAL
2024-10-29,8290.000,99.760,8209.944,STRONG_SIGNAL
2024-10-30,8291.000,99.262,8252.642,STRONG_SIGNAL
2024-10-31,8231.000,97.572,8335.822,STRONG_SIGNAL
2024-11-01,8234.000,98.294,8276.910,STRONG_SIGNAL
2024-11-04,8195.000,97.480,8306.852,STRONG_SIGNAL
2024-11-05,8219.000,97.958,8290.331,STRONG_SIGNAL
2024-11-06,8411.000,101.025,8225.662,STRONG_SIGNAL
2024-11-07,8448.000,101.625,8212.915,STRONG_SIGNAL
2024-11-08,8492.000,102.355,8196.614,STRONG_SIGNAL
2024-11-11,8560.000,103.495,8170.931,STRONG_SIGNAL
2024-11-12,8578.000,103.140,8216.851,STRONG_SIGNAL
2024-11-13,8601.000,103.525,8208.138,STRONG_SIGNAL
2024-11-14,8604.000,103.425,8219.072,STRONG_SIGNAL
2024-11-15,8528.500,102.075,8255.131,STRONG_SIGNAL
2024-11-18,8558.000,102.395,8257.830,STRONG_SIGNAL
2024-11-19,8539.000,102.300,8247.018,STRONG_SIGNAL
2024-11-20,8517.000,102.360,8220.633,STRONG_SIGNAL
2024-11-21,8633.000,103.660,8228.188,STRONG_SIGNAL
2024-11-22,8719.500,104.900,8212.202,STRONG_SIGNAL
2024-11-25,8741.000,104.645,8253.003,STRONG_SIGNAL
2024-11-26,8750.000,104.810,8248.440,STRONG_SIGNAL
2024-11-27,8663.000,103.940,8234.616,STRONG_SIGNAL
2024-11-28,8690.000,104.430,8221.364,STRONG_SIGNAL
2024-11-29,8706.500,104.805,8207.333,STRONG_SIGNAL
2024-12-02,8770.000,105.705,8196.675,STRONG_SIGNAL
2024-12-03,8767.000,105.630,8199.726,STRONG_SIGNAL
2024-12-04,8774.000,105.975,8179.311,STRONG_SIGNAL
2024-12-05,8774.000,105.845,8189.480,STRONG_SIGNAL
2024-12-06,8779.000,105.895,8190.288,STRONG_SIGNAL
2024-12-09,8733.000,105.550,8173.804,STRONG_SIGNAL
2024-12-10,8714.000,105.755,8139.800,STRONG_SIGNAL
2024-12-11,8755.000,106.370,8130.704,STRONG_SIGNAL
2024-12-12,8772.000,106.105,8167.282,STRONG_SIGNAL
2024-12-13,8770.500,105.595,8205.791,STRONG_SIGNAL
2024-12-16,8753.000,105.790,8173.939,STRONG_SIGNAL
2024-12-17,8712.000,105.485,8158.994,STRONG_SIGNAL
2024-12-18,8722.000,105.685,8152.827,STRONG_SIGNAL
2024-12-19,8597.000,104.005,8165.949,STRONG_SIGNAL
2024-12-20,8627.000,104.240,8176.094,STRONG_SIGNAL
2024-12-23,8641.000,104.000,8208.654,STRONG_SIGNAL
2024-12-27,8659.000,104.560,8181.370,STRONG_SIGNAL
2024-12-30,8623.000,103.590,8224.163,STRONG_SIGNAL
2025-01-02,8728.000,105.365,8183.586,STRONG_SIGNAL
2025-01-03,8717.000,105.170,8188.485,STRONG_SIGNAL
2025-01-06,8780.000,105.760,8201.815,STRONG_SIGNAL
2025-01-07,8719.000,105.005,8203.414,STRONG_SIGNAL
2025-01-08,8763.000,105.080,8239.360,STRONG_SIGNAL
2025-01-09,8810.000,105.185,8275.719,STRONG_SIGNAL
2025-01-10,8740.000,104.145,8292.146,STRONG_SIGNAL
2025-01-13,8725.000,104.015,8288.213,STRONG_SIGNAL
2025-01-14,8761.000,103.825,8338.238,STRONG_SIGNAL
2025-01-15,8869.000,105.460,8309.824,STRONG_SIGNAL
2025-01-16,8905.000,105.790,8317.620,STRONG_SIGNAL
2025-01-17,9015.000,106.705,8348.526,STRONG_SIGNAL
2025-01-20,8978.000,106.215,8352.667,STRONG_SIGNAL
2025-01-21,8984.000,106.280,8353.143,STRONG_SIGNAL
2025-01-22,9061.000,107.185,8353.608,STRONG_SIGNAL
2025-01-23,9048.000,107.320,8330.861,STRONG_SIGNAL
2025-01-24,8994.500,106.840,8318.664,STRONG_SIGNAL
2025-01-27,8843.000,105.105,8313.491,STRONG_SIGNAL
2025-01-28,8927.000,106.435,8287.279,STRONG_SIGNAL
2025-01-29,8949.000,106.825,8277.253,STRONG_SIGNAL
2025-01-30,8960.000,107.120,8264.451,STRONG_SIGNAL
2025-01-31,9042.000,108.180,8258.292,STRONG_SIGNAL
2025-02-03,8900.000,107.205,8201.851,STRONG_SIGNAL
2025-02-04,8912.000,107.195,8213.821,STRONG_SIGNAL
2025-02-05,8900.000,106.955,8221.256,STRONG_SIGNAL
2025-02-06,9019.000,108.140,8240.115,STRONG_SIGNAL
2025-02-07,8996.000,107.875,8239.282,STRONG_SIGNAL
2025-02-10,9037.000,108.555,8224.812,STRONG_SIGNAL
2025-02-11,9020.000,108.300,8228.716,STRONG_SIGNAL
2025-02-12,8977.000,107.550,8246.815,STRONG_SIGNAL
2025-02-13,9003.000,108.105,8228.014,STRONG_SIGNAL
2025-02-14,8983.000,107.870,8227.616,STRONG_SIGNAL
2025-02-17,9011.000,108.415,8211.580,STRONG_SIGNAL
2025-02-18,8994.000,108.480,8190.929,STRONG_SIGNAL
2025-02-19,9008.000,108.815,8178.270,STRONG_SIGNAL
2025-02-20,8934.500,107.735,8193.034,STRONG_SIGNAL
2025-02-21,8919.000,107.850,8169.819,STRONG_SIGNAL
2025-02-24,8835.000,106.680,8181.777,STRONG_SIGNAL
2025-02-25,8717.000,105.035,8199.138,STRONG_SIGNAL
2025-02-26,8807.000,106.390,8178.034,STRONG_SIGNAL
2025-02-27,8780.500,106.595,8137.253,STRONG_SIGNAL
2025-02-28,8716.000,105.525,8159.654,STRONG_SIGNAL
2025-03-03,8733.500,105.765,8157.458,STRONG_SIGNAL
2025-03-04,8464.000,102.335,8170.875,STRONG_SIGNAL
2025-03-05,8435.000,100.775,8270.131,STRONG_SIGNAL
2025-03-06,8488.000,100.975,8306.041,STRONG_SIGNAL
2025-03-07,8329.000,99.148,8300.573,STRONG_SIGNAL
2025-03-10,8274.000,98.380,8310.246,STRONG_SIGNAL
2025-03-11,8135.000,96.454,8334.072,STRONG_SIGNAL
2025-03-12,8190.000,97.432,8305.863,STRONG_SIGNAL
2025-03-13,8108.000,96.764,8279.149,STRONG_SIGNAL
2025-03-14,8241.000,97.882,8319.321,STRONG_SIGNAL
2025-03-17,8260.000,98.252,8306.954,STRONG_SIGNAL
2025-03-18,8235.000,97.852,8315.771,STRONG_SIGNAL
2025-03-19,8295.000,98.868,8289.975,STRONG_SIGNAL
2025-03-20,8299.000,99.228,8263.567,STRONG_SIGNAL
2025-03-21,8292.000,98.908,8283.549,STRONG_SIGNAL
2025-03-24,8420.000,100.680,8263.131,STRONG_SIGNAL
2025-03-25,8417.500,100.865,8245.313,STRONG_SIGNAL
2025-03-26,8399.500,100.385,8267.286,STRONG_SIGNAL
2025-03-27,8323.000,99.936,8228.330,STRONG_SIGNAL
2025-03-28,8185.000,97.820,8267.410,STRONG_SIGNAL
2025-03-31,8128.000,97.178,8264.033,STRONG_SIGNAL
2025-04-01,8228.000,98.336,8267.231,STRONG_SIGNAL
2025-04-02,8229.000,98.244,8276.084,STRONG_SIGNAL
2025-04-03,7877.000,93.414,8332.355,STRONG_SIGNAL
2025-04-04,7570.000,89.050,8400.842,STRONG_SIGNAL
2025-04-07,7419.000,86.692,8457.883,STRONG_SIGNAL
2025-04-08,7649.000,89.508,8445.605,STRONG_SIGNAL
2025-04-09,7385.000,85.174,8570.486,STRONG_SIGNAL
2025-04-10,7661.000,88.624,8544.385,STRONG_SIGNAL
2025-04-11,7626.000,87.850,8580.706,STRONG_SIGNAL
2025-04-14,7785.000,90.262,8524.892,STRONG_SIGNAL
2025-04-15,7792.000,91.214,8442.549,STRONG_SIGNAL
2025-04-16,7738.000,90.146,8483.853,STRONG_SIGNAL
2025-04-17,7655.000,89.224,8479.530,STRONG_SIGNAL
2025-04-22,7595.000,88.478,8484.055,STRONG_SIGNAL
2025-04-23,7811.000,91.120,8472.212,STRONG_SIGNAL
2025-04-24,7854.000,91.952,8441.413,STRONG_SIGNAL
2025-04-25,7892.000,92.358,8445.009,STRONG_SIGNAL
2025-04-28,7869.000,92.590,8398.758,STRONG_SIGNAL
2025-04-29,7907.000,93.042,8398.313,STRONG_SIGNAL
2025-04-30,7925.000,93.360,8388.646,STRONG_SIGNAL
2025-05-02,8156.000,95.648,8427.099,STRONG_SIGNAL
2025-05-06,8088.000,95.280,8388.665,STRONG_SIGNAL
2025-05-07,8061.000,94.826,8400.833,STRONG_SIGNAL
2025-05-08,8164.000,96.366,8371.868,STRONG_SIGNAL
2025-05-09,8153.000,96.318,8364.669,STRONG_SIGNAL
2025-05-12,8365.000,99.484,8308.387,STRONG_SIGNAL
2025-05-13,8427.000,100.090,8319.423,STRONG_SIGNAL
2025-05-14,8412.000,99.844,8325.143,STRONG_SIGNAL
2025-05-15,8434.000,100.220,8315.486,STRONG_SIGNAL
2025-05-16,8485.000,100.955,8304.735,STRONG_SIGNAL
2025-05-19,8448.000,100.375,8316.438,STRONG_SIGNAL
2025-05-20,8472.000,100.610,8320.634,STRONG_SIGNAL
2025-05-21,8418.000,99.792,8335.546,STRONG_SIGNAL
2025-05-22,8322.000,99.068,8300.291,STRONG_SIGNAL
2025-05-23,8225.000,97.950,8297.142,STRONG_SIGNAL
2025-05-27,8359.000,99.652,8288.191,STRONG_SIGNAL
2025-05-28,8370.000,99.740,8291.819,STRONG_SIGNAL
2025-05-29,8363.000,99.302,8321.784,STRONG_SIGNAL
2025-05-30,8361.000,99.308,8319.261,STRONG_SIGNAL
2025-06-02,8335.000,98.870,8330.262,STRONG_SIGNAL
2025-06-03,8419.000,100.065,8313.531,STRONG_SIGNAL
2025-06-04,8426.000,100.090,8318.424,STRONG_SIGNAL
2025-06-05,8432.000,100.115,8322.315,STRONG_SIGNAL
2025-06-06,8466.000,100.500,8323.881,STRONG_SIGNAL
2025-06-09,8463.000,100.490,8321.734,STRONG_SIGNAL
2025-06-10,8493.000,100.490,8351.587,STRONG_SIGNAL
2025-06-11,8520.000,100.495,8378.034,STRONG_SIGNAL
2025-06-12,8483.000,99.598,8417.239,STRONG_SIGNAL
2025-06-13,8446.000,99.212,8413.083,STRONG_SIGNAL
2025-06-16,8488.000,99.598,8422.260,STRONG_SIGNAL
2025-06-17,8477.000,99.402,8427.997,STRONG_SIGNAL
2025-06-18,8503.000,99.336,8459.837,STRONG_SIGNAL
2025-06-19,8414.000,98.536,8439.011,STRONG_SIGNAL
2025-06-20,8454.000,98.848,8452.525,STRONG_SIGNAL
2025-06-23,8434.000,98.624,8451.671,STRONG_SIGNAL
2025-06-24,8495.000,99.556,8432.886,STRONG_SIGNAL
2025-06-25,8492.500,99.438,8440.497,STRONG_SIGNAL
2025-06-26,8481.000,99.540,8420.193,STRONG_SIGNAL
2025-06-27,8575.000,100.375,8442.964,STRONG_SIGNAL
2025-06-30,8586.000,100.155,8472.712,STRONG_SIGNAL
2025-07-01,8587.000,99.966,8489.920,STRONG_SIGNAL
2025-07-02,8673.000,100.240,8552.235,STRONG_SIGNAL
2025-07-03,8719.000,101.230,8513.059,STRONG_SIGNAL
2025-07-04,8681.000,100.560,8532.657,STRONG_SIGNAL
2025-07-07,8676.000,100.885,8499.891,STRONG_SIGNAL
2025-07-08,8706.000,100.915,8527.062,STRONG_SIGNAL
2025-07-09,8726.000,101.250,8518.272,STRONG_SIGNAL
2025-07-10,8781.000,101.980,8510.512,STRONG_SIGNAL
2025-07-11,8777.000,101.335,8561.371,STRONG_SIGNAL
2025-07-14,8817.000,101.475,8588.840,STRONG_SIGNAL
2025-07-15,8845.000,102.030,8569.019,STRONG_SIGNAL
2025-07-16,8737.000,100.485,8594.830,STRONG_SIGNAL
2025-07-17,8863.000,102.555,8542.192,STRONG_SIGNAL
2025-07-18,8860.000,102.210,8568.428,STRONG_SIGNAL
2025-07-21,8872.000,102.310,8571.684,STRONG_SIGNAL
2025-07-22,8831.000,101.620,8590.218,STRONG_SIGNAL
2025-07-23,8865.000,102.510,8547.937,STRONG_SIGNAL
2025-07-24,8938.000,102.730,8600.477,STRONG_SIGNAL
2025-07-25,8992.000,102.945,8634.761,STRONG_SIGNAL
2025-07-28,9002.000,103.825,8570.359,STRONG_SIGNAL
2025-07-29,9012.500,104.255,8544.670,STRONG_SIGNAL
2025-07-30,9045.000,104.745,8535.257,STRONG_SIGNAL
2025-07-31,9074.000,104.990,8542.728,STRONG_SIGNAL
2025-08-01,8873.000,101.825,8613.970,STRONG_SIGNAL
2025-08-04,8971.000,103.020,8608.018,STRONG_SIGNAL
2025-08-05,8950.000,102.740,8611.310,STRONG_SIGNAL
2025-08-06,8986.000,103.040,8620.885,STRONG_SIGNAL
2025-08-07,8953.000,103.230,8572.866,STRONG_SIGNAL
2025-08-08,8980.000,103.550,8572.139,STRONG_SIGNAL
2025-08-11,9014.000,104.185,8551.917,STRONG_SIGNAL
2025-08-12,9008.000,104.155,8548.649,STRONG_SIGNAL
2025-08-13,9010.000,104.310,8537.715,STRONG_SIGNAL
2025-08-14,9021.000,104.860,8502.899,STRONG_SIGNAL
2025-08-15,9024.000,104.550,8531.277,STRONG_SIGNAL
2025-08-18,9041.000,104.730,8532.674,STRONG_SIGNAL
2025-08-19,9050.000,104.730,8541.268,STRONG_SIGNAL
2025-08-20,9020.000,104.125,8562.665,STRONG_SIGNAL
2025-08-21,9049.000,104.570,8553.534,STRONG_SIGNAL
2025-08-22,9100.000,105.130,8555.950,STRONG_SIGNAL
2025-08-26,9059.000,104.805,8543.672,STRONG_SIGNAL
2025-08-27,9103.000,105.675,8514.147,STRONG_SIGNAL
2025-08-28,9088.000,105.345,8526.892,STRONG_SIGNAL
2025-08-29,9056.000,104.585,8558.986,STRONG_SIGNAL
2025-09-01,9060.000,104.850,8540.916,STRONG_SIGNAL
2025-09-02,9030.000,103.635,8613.272,STRONG_SIGNAL
2025-09-03,9064.000,104.390,8582.824,STRONG_SIGNAL
2025-09-04,9125.000,105.250,8569.834,STRONG_SIGNAL
2025-09-05,9072.000,104.550,8577.188,STRONG_SIGNAL
2025-09-08,9125.000,105.195,8574.367,STRONG_SIGNAL
2025-09-09,9115.000,105.230,8561.978,STRONG_SIGNAL
2025-09-10,9148.000,105.800,8546.503,STRONG_SIGNAL
2025-09-11,9207.000,106.435,8550.350,STRONG_SIGNAL
2025-09-12,9207.000,106.495,8545.476,STRONG_SIGNAL
2025-09-15,9225.000,106.635,8551.006,STRONG_SIGNAL
2025-09-16,9176.000,105.740,8577.889,STRONG_SIGNAL
2025-09-17,9164.000,105.670,8572.282,STRONG_SIGNAL
2025-09-18,9288.000,106.860,8591.746,STRONG_SIGNAL
2025-09-19,9316.000,106.965,8609.391,STRONG_SIGNAL
2025-09-22,9345.000,107.180,8618.977,STRONG_SIGNAL
2025-09-23,9361.000,107.295,8624.545,STRONG_SIGNAL
2025-09-24,9350.000,107.105,8629.751,STRONG_SIGNAL
2025-09-25,9359.000,106.955,8650.409,STRONG_SIGNAL
2025-09-26,9338.000,107.065,8621.804,STRONG_SIGNAL
2025-09-29,9380.000,107.345,8638.181,STRONG_SIGNAL
2025-09-30,9353.000,107.195,8625.220,STRONG_SIGNAL
2025-10-03,9486.000,108.870,8613.144,STRONG_SIGNAL
Date,Price1,Price2,spread_pct,signal
Date,Price1,Price2,spread_pct,signal
2023-10-03,84.769,75.047,12.955,STRONG_SIGNAL
2023-10-04,84.392,74.795,12.831,STRONG_SIGNAL
2023-10-05,84.256,74.708,12.781,STRONG_SIGNAL
2023-10-06,84.750,75.027,12.959,STRONG_SIGNAL
2023-10-09,85.060,75.609,12.500,STRONG_SIGNAL
2023-10-10,86.281,76.655,12.558,STRONG_SIGNAL
2023-10-11,85.903,76.345,12.520,STRONG_SIGNAL
2023-10-12,86.572,76.994,12.440,STRONG_SIGNAL
2023-10-13,86.213,76.490,12.711,STRONG_SIGNAL
2023-10-16,86.533,76.868,12.573,STRONG_SIGNAL
2023-10-17,86.640,76.597,13.111,STRONG_SIGNAL
2023-10-18,85.991,76.229,12.806,STRONG_SIGNAL
2023-10-19,85.516,75.347,13.496,STRONG_SIGNAL
2023-10-20,84.033,74.068,13.453,STRONG_SIGNAL
2023-10-23,83.568,73.778,13.270,STRONG_SIGNAL
2023-10-24,84.178,74.243,13.383,STRONG_SIGNAL
2023-10-25,83.888,73.952,13.435,STRONG_SIGNAL
2023-10-26,83.083,73.313,13.327,STRONG_SIGNAL
2023-10-27,82.676,72.702,13.719,STRONG_SIGNAL
2023-10-30,82.889,72.712,13.997,STRONG_SIGNAL
2023-10-31,83.277,73.380,13.487,STRONG_SIGNAL
2023-11-01,84.043,74.194,13.274,STRONG_SIGNAL
2023-11-02,85.516,75.308,13.554,STRONG_SIGNAL
2023-11-03,85.545,75.686,13.025,STRONG_SIGNAL
2023-11-06,85.370,75.551,12.997,STRONG_SIGNAL
2023-11-07,86.029,75.987,13.216,STRONG_SIGNAL
2023-11-08,85.894,75.706,13.457,STRONG_SIGNAL
2023-11-09,86.417,76.016,13.683,STRONG_SIGNAL
2023-11-10,86.417,75.909,13.843,STRONG_SIGNAL
2023-11-13,86.679,76.374,13.492,STRONG_SIGNAL
2023-11-14,87.076,76.946,13.165,STRONG_SIGNAL
2023-11-15,87.696,77.140,13.685,STRONG_SIGNAL
2023-11-16,87.221,76.723,13.684,STRONG_SIGNAL
2023-11-17,87.725,77.023,13.894,STRONG_SIGNAL
2023-11-20,87.813,77.043,13.979,STRONG_SIGNAL
2023-11-21,87.464,77.110,13.426,STRONG_SIGNAL
2023-11-22,88.171,77.750,13.403,STRONG_SIGNAL
2023-11-23,87.890,77.701,13.112,STRONG_SIGNAL
2023-11-24,87.406,77.576,12.671,STRONG_SIGNAL
2023-11-27,87.241,77.450,12.642,STRONG_SIGNAL
2023-11-28,87.066,77.236,12.727,STRONG_SIGNAL
2023-11-29,86.969,77.382,12.390,STRONG_SIGNAL
2023-11-30,87.115,77.731,12.073,STRONG_SIGNAL
2023-12-01,87.502,78.554,11.391,STRONG_SIGNAL
2023-12-04,87.357,78.399,11.426,STRONG_SIGNAL
2023-12-05,87.570,78.767,11.176,STRONG_SIGNAL
2023-12-06,87.851,78.971,11.245,STRONG_SIGNAL
2023-12-07,88.016,78.971,11.454,STRONG_SIGNAL
2023-12-08,88.481,79.455,11.360,STRONG_SIGNAL
2023-12-11,88.646,79.872,10.985,STRONG_SIGNAL
2023-12-12,88.946,79.765,11.510,STRONG_SIGNAL
2023-12-13,89.373,80.056,11.638,STRONG_SIGNAL
2023-12-14,89.412,80.032,11.720,STRONG_SIGNAL
2023-12-15,89.850,80.625,11.441,STRONG_SIGNAL
2023-12-18,90.151,80.625,11.815,STRONG_SIGNAL
2023-12-19,90.103,80.713,11.633,STRONG_SIGNAL
2023-12-20,90.744,80.966,12.077,STRONG_SIGNAL
2023-12-21,90.443,80.373,12.530,STRONG_SIGNAL
2023-12-22,90.190,80.674,11.796,STRONG_SIGNAL
2023-12-27,90.443,80.343,12.570,STRONG_SIGNAL
2023-12-28,91.075,80.732,12.811,STRONG_SIGNAL
2023-12-29,91.017,80.528,13.025,STRONG_SIGNAL
2024-01-02,91.036,80.907,12.519,STRONG_SIGNAL
2024-01-03,90.122,80.548,11.887,STRONG_SIGNAL
2024-01-04,90.122,80.509,11.941,STRONG_SIGNAL
2024-01-05,89.704,80.324,11.678,STRONG_SIGNAL
2024-01-08,89.733,80.460,11.525,STRONG_SIGNAL
2024-01-09,90.229,81.005,11.387,STRONG_SIGNAL
2024-01-10,90.307,81.063,11.403,STRONG_SIGNAL
2024-01-11,90.093,80.742,11.581,STRONG_SIGNAL
2024-01-12,90.589,81.287,11.444,STRONG_SIGNAL
2024-01-15,90.579,81.374,11.312,STRONG_SIGNAL
2024-01-16,90.676,81.540,11.205,STRONG_SIGNAL
2024-01-17,89.655,80.976,10.719,STRONG_SIGNAL
2024-01-18,90.034,81.209,10.868,STRONG_SIGNAL
2024-01-19,90.550,81.491,11.117,STRONG_SIGNAL
2024-01-22,91.133,82.444,10.540,STRONG_SIGNAL
2024-01-23,91.299,82.531,10.623,STRONG_SIGNAL
2024-01-24,91.775,82.988,10.588,STRONG_SIGNAL
2024-01-25,91.970,83.339,10.357,STRONG_SIGNAL
2024-01-26,92.164,83.436,10.461,STRONG_SIGNAL
2024-01-29,92.330,83.796,10.184,STRONG_SIGNAL
2024-01-30,92.777,84.000,10.449,STRONG_SIGNAL
2024-01-31,92.018,83.552,10.132,STRONG_SIGNAL
2024-02-01,91.843,83.086,10.540,STRONG_SIGNAL
2024-02-02,93.078,84.447,10.221,STRONG_SIGNAL
2024-02-05,93.594,84.583,10.653,STRONG_SIGNAL
2024-02-06,93.720,84.826,10.485,STRONG_SIGNAL
2024-02-07,93.934,85.206,10.244,STRONG_SIGNAL
2024-02-08,94.012,85.274,10.247,STRONG_SIGNAL
2024-02-09,94.158,85.361,10.305,STRONG_SIGNAL
2024-02-12,94.975,86.091,10.320,STRONG_SIGNAL
2024-02-13,93.681,85.245,9.897,STRONG_SIGNAL
2024-02-14,94.333,85.439,10.410,STRONG_SIGNAL
2024-02-15,94.800,85.809,10.478,STRONG_SIGNAL
2024-02-16,95.286,86.198,10.544,STRONG_SIGNAL
2024-02-19,95.150,86.071,10.548,STRONG_SIGNAL
2024-02-20,94.245,85.235,10.571,STRONG_SIGNAL
2024-02-21,94.323,85.118,10.814,STRONG_SIGNAL
2024-02-22,95.675,86.499,10.608,STRONG_SIGNAL
2024-02-23,95.831,86.820,10.379,STRONG_SIGNAL
2024-02-26,95.670,86.518,10.578,STRONG_SIGNAL
2024-02-27,95.476,86.363,10.552,STRONG_SIGNAL
2024-02-28,95.500,86.431,10.493,STRONG_SIGNAL
2024-02-29,95.685,86.723,10.334,STRONG_SIGNAL
2024-03-01,96.511,87.228,10.642,STRONG_SIGNAL
2024-03-04,96.293,87.160,10.478,STRONG_SIGNAL
2024-03-05,95.490,86.567,10.308,STRONG_SIGNAL
2024-03-06,96.035,86.907,10.502,STRONG_SIGNAL
2024-03-07,96.365,87.267,10.426,STRONG_SIGNAL
2024-03-08,95.996,87.277,9.990,STRONG_SIGNAL
2024-03-11,95.685,86.762,10.285,STRONG_SIGNAL
2024-03-12,96.628,87.442,10.505,STRONG_SIGNAL
2024-03-13,96.657,87.462,10.514,STRONG_SIGNAL
2024-03-14,96.254,87.493,10.013,STRONG_SIGNAL
2024-03-15,96.114,87.015,10.457,STRONG_SIGNAL
2024-03-18,96.836,87.717,10.396,STRONG_SIGNAL
2024-03-19,96.865,87.893,10.208,STRONG_SIGNAL
2024-03-20,97.090,88.078,10.231,STRONG_SIGNAL
2024-03-21,98.836,89.386,10.572,STRONG_SIGNAL
2024-03-22,98.826,89.366,10.586,STRONG_SIGNAL
2024-03-25,98.504,89.103,10.551,STRONG_SIGNAL
2024-03-26,98.763,89.278,10.623,STRONG_SIGNAL
2024-03-27,98.611,89.210,10.538,STRONG_SIGNAL
2024-03-28,99.011,89.805,10.251,STRONG_SIGNAL
2024-04-02,98.543,89.064,10.643,STRONG_SIGNAL
2024-04-03,98.660,89.191,10.617,STRONG_SIGNAL
2024-04-04,98.865,89.191,10.847,STRONG_SIGNAL
2024-04-05,98.221,88.634,10.816,STRONG_SIGNAL
2024-04-08,98.426,88.800,10.840,STRONG_SIGNAL
2024-04-09,97.802,88.244,10.831,STRONG_SIGNAL
2024-04-10,98.143,88.664,10.692,STRONG_SIGNAL
2024-04-11,98.241,88.771,10.668,STRONG_SIGNAL
2024-04-12,98.514,89.181,10.465,STRONG_SIGNAL
2024-04-15,98.192,88.947,10.394,STRONG_SIGNAL
2024-04-16,96.787,87.591,10.500,STRONG_SIGNAL
2024-04-17,96.163,87.142,10.352,STRONG_SIGNAL
2024-04-18,96.573,87.337,10.575,STRONG_SIGNAL
2024-04-19,96.202,86.537,11.169,STRONG_SIGNAL
2024-04-22,96.758,86.693,11.610,STRONG_SIGNAL
2024-04-23,97.470,87.659,11.193,STRONG_SIGNAL
2024-04-24,97.480,87.610,11.266,STRONG_SIGNAL
2024-04-25,96.426,86.625,11.315,STRONG_SIGNAL
2024-04-26,97.812,88.137,10.977,STRONG_SIGNAL
2024-04-29,97.519,88.147,10.633,STRONG_SIGNAL
2024-04-30,97.207,87.893,10.597,STRONG_SIGNAL
2024-05-02,97.041,87.405,11.024,STRONG_SIGNAL
2024-05-03,97.992,87.961,11.404,STRONG_SIGNAL
2024-05-07,99.372,89.298,11.282,STRONG_SIGNAL
2024-05-08,99.480,89.356,11.329,STRONG_SIGNAL
2024-05-09,99.733,89.503,11.430,STRONG_SIGNAL
2024-05-10,100.036,89.786,11.416,STRONG_SIGNAL
2024-05-13,99.870,89.639,11.413,STRONG_SIGNAL
2024-05-14,99.802,89.630,11.349,STRONG_SIGNAL
2024-05-15,100.338,90.176,11.269,STRONG_SIGNAL
2024-05-16,100.709,90.537,11.235,STRONG_SIGNAL
2024-05-17,100.192,90.293,10.963,STRONG_SIGNAL
2024-05-20,100.621,90.820,10.792,STRONG_SIGNAL
2024-05-21,100.192,90.595,10.592,STRONG_SIGNAL
2024-05-22,99.997,90.664,10.294,STRONG_SIGNAL
2024-05-23,99.997,90.654,10.306,STRONG_SIGNAL
2024-05-24,99.626,90.313,10.312,STRONG_SIGNAL
2024-05-28,99.382,90.166,10.221,STRONG_SIGNAL
2024-05-29,98.875,89.815,10.087,STRONG_SIGNAL
2024-05-30,98.582,89.503,10.144,STRONG_SIGNAL
2024-05-31,98.104,89.005,10.223,STRONG_SIGNAL
2024-06-03,98.748,89.581,10.233,STRONG_SIGNAL
2024-06-04,98.382,89.493,9.933,STRONG_SIGNAL
2024-06-05,99.558,90.478,10.035,STRONG_SIGNAL
2024-06-06,100.006,90.791,10.151,STRONG_SIGNAL
2024-06-07,100.231,91.269,9.820,STRONG_SIGNAL
2024-06-10,100.016,91.630,9.153,STRONG_SIGNAL
2024-06-11,99.753,91.444,9.086,STRONG_SIGNAL
2024-06-12,100.445,92.000,9.179,STRONG_SIGNAL
2024-06-13,100.218,91.975,8.962,STRONG_SIGNAL
2024-06-14,100.532,92.191,9.047,STRONG_SIGNAL
2024-06-17,100.748,92.240,9.223,STRONG_SIGNAL
2024-06-18,101.464,92.721,9.429,STRONG_SIGNAL
2024-06-19,101.444,92.868,9.235,STRONG_SIGNAL
2024-06-20,101.915,93.222,9.326,STRONG_SIGNAL
2024-06-21,101.660,92.888,9.444,STRONG_SIGNAL
2024-06-24,101.719,93.045,9.322,STRONG_SIGNAL
2024-06-25,101.533,92.986,9.191,STRONG_SIGNAL
2024-06-26,101.758,92.996,9.422,STRONG_SIGNAL
2024-06-27,101.749,92.996,9.412,STRONG_SIGNAL
2024-06-28,102.318,93.330,9.630,STRONG_SIGNAL
2024-07-01,101.788,92.868,9.604,STRONG_SIGNAL
2024-07-02,101.768,93.006,9.421,STRONG_SIGNAL
2024-07-03,102.092,93.261,9.469,STRONG_SIGNAL
2024-07-04,102.416,93.467,9.574,STRONG_SIGNAL
2024-07-05,102.200,93.546,9.252,STRONG_SIGNAL
2024-07-08,102.298,93.693,9.185,STRONG_SIGNAL
2024-07-09,102.578,93.791,9.369,STRONG_SIGNAL
2024-07-10,102.696,94.233,8.981,STRONG_SIGNAL
2024-07-11,102.416,94.066,8.877,STRONG_SIGNAL
2024-07-12,102.700,94.537,8.635,STRONG_SIGNAL
2024-07-15,102.720,94.498,8.701,STRONG_SIGNAL
2024-07-16,102.720,94.665,8.510,STRONG_SIGNAL
2024-07-17,101.753,93.654,8.649,STRONG_SIGNAL
2024-07-18,101.238,93.153,8.680,STRONG_SIGNAL
2024-07-19,100.846,92.574,8.935,STRONG_SIGNAL
2024-07-22,101.258,93.006,8.873,STRONG_SIGNAL
2024-07-23,101.866,93.791,8.610,STRONG_SIGNAL
2024-07-24,100.139,92.270,8.529,STRONG_SIGNAL
2024-07-25,99.962,91.789,8.905,STRONG_SIGNAL
2024-07-26,100.375,91.965,9.144,STRONG_SIGNAL
2024-07-29,100.277,92.270,8.678,STRONG_SIGNAL
2024-07-30,100.355,92.279,8.751,STRONG_SIGNAL
2024-07-31,101.960,93.654,8.869,STRONG_SIGNAL
2024-08-01,101.160,92.702,9.124,STRONG_SIGNAL
2024-08-02,98.157,88.952,10.348,STRONG_SIGNAL
2024-08-05,96.439,86.822,11.077,STRONG_SIGNAL
2024-08-06,97.548,87.637,11.309,STRONG_SIGNAL
2024-08-07,98.849,88.923,11.162,STRONG_SIGNAL
2024-08-08,98.706,88.972,10.941,STRONG_SIGNAL
2024-08-09,98.971,89.217,10.933,STRONG_SIGNAL
2024-08-12,99.128,89.512,10.743,STRONG_SIGNAL
2024-08-13,99.835,90.346,10.503,STRONG_SIGNAL
2024-08-14,100.492,90.454,11.098,STRONG_SIGNAL
2024-08-15,101.670,92.132,10.352,STRONG_SIGNAL
2024-08-16,101.660,92.240,10.212,STRONG_SIGNAL
2024-08-19,101.984,92.515,10.235,STRONG_SIGNAL
2024-08-20,101.670,92.279,10.176,STRONG_SIGNAL
2024-08-21,101.753,92.437,10.079,STRONG_SIGNAL
2024-08-22,101.405,92.574,9.540,STRONG_SIGNAL
2024-08-23,101.248,92.574,9.370,STRONG_SIGNAL
2024-08-27,100.855,92.672,8.831,STRONG_SIGNAL
2024-08-28,100.772,92.613,8.810,STRONG_SIGNAL
2024-08-29,101.660,93.663,8.538,STRONG_SIGNAL
2024-08-30,101.464,93.339,8.704,STRONG_SIGNAL
2024-09-02,101.930,93.919,8.530,STRONG_SIGNAL
2024-09-03,101.071,92.986,8.695,STRONG_SIGNAL
2024-09-04,99.982,91.965,8.717,STRONG_SIGNAL
2024-09-05,99.305,91.347,8.712,STRONG_SIGNAL
2024-09-06,98.284,90.110,9.071,STRONG_SIGNAL
2024-09-09,99.393,91.053,9.160,STRONG_SIGNAL
2024-09-10,99.452,91.347,8.873,STRONG_SIGNAL
2024-09-11,99.226,90.768,9.319,STRONG_SIGNAL
2024-09-12,100.685,92.435,8.926,STRONG_SIGNAL
2024-09-13,101.374,93.163,8.814,STRONG_SIGNAL
2024-09-16,100.803,92.710,8.729,STRONG_SIGNAL
2024-09-17,101.680,93.370,8.900,STRONG_SIGNAL
2024-09-18,100.843,92.838,8.622,STRONG_SIGNAL
2024-09-19,102.034,94.148,8.377,STRONG_SIGNAL
2024-09-20,101.315,93.488,8.372,STRONG_SIGNAL
2024-09-23,101.414,94.168,7.695,STRONG_SIGNAL
2024-09-24,101.601,94.128,7.939,STRONG_SIGNAL
2024-09-25,101.877,94.217,8.130,STRONG_SIGNAL
2024-09-26,102.197,94.493,8.153,STRONG_SIGNAL
2024-09-27,102.537,94.808,8.152,STRONG_SIGNAL
2024-09-30,101.975,94.571,7.829,STRONG_SIGNAL
2024-10-01,102.428,94.601,8.274,STRONG_SIGNAL
2024-10-02,102.862,95.034,8.237,STRONG_SIGNAL
2024-10-03,103.561,94.729,9.324,STRONG_SIGNAL
2024-10-04,103.793,95.369,8.833,STRONG_SIGNAL
2024-10-07,104.418,95.625,9.196,STRONG_SIGNAL
2024-10-08,104.054,95.566,8.882,STRONG_SIGNAL
2024-10-09,104.453,96.225,8.550,STRONG_SIGNAL
2024-10-10,104.802,96.442,8.669,STRONG_SIGNAL
2024-10-11,105.191,96.757,8.717,STRONG_SIGNAL
2024-10-14,105.728,97.594,8.335,STRONG_SIGNAL
2024-10-15,104.940,97.338,7.810,STRONG_SIGNAL
2024-10-16,105.442,97.328,8.337,STRONG_SIGNAL
2024-10-17,105.827,98.185,7.783,STRONG_SIGNAL
2024-10-18,105.797,98.047,7.904,STRONG_SIGNAL
2024-10-21,105.349,97.663,7.870,STRONG_SIGNAL
2024-10-22,105.492,97.722,7.951,STRONG_SIGNAL
2024-10-23,105.127,97.397,7.937,STRONG_SIGNAL
2024-10-24,105.108,97.279,8.048,STRONG_SIGNAL
2024-10-25,105.305,97.584,7.912,STRONG_SIGNAL
2024-10-28,105.285,97.574,7.902,STRONG_SIGNAL
2024-10-29,105.029,97.604,7.607,STRONG_SIGNAL
2024-10-30,104.960,97.190,7.994,STRONG_SIGNAL
2024-10-31,104.359,95.517,9.258,STRONG_SIGNAL
2024-11-01,104.364,96.216,8.469,STRONG_SIGNAL
2024-11-04,104.083,95.507,8.980,STRONG_SIGNAL
2024-11-05,104.310,95.851,8.825,STRONG_SIGNAL
2024-11-06,106.427,98.756,7.768,STRONG_SIGNAL
2024-11-07,106.979,99.455,7.565,STRONG_SIGNAL
2024-11-08,107.289,100.036,7.251,STRONG_SIGNAL
2024-11-11,107.920,101.109,6.736,STRONG_SIGNAL
2024-11-12,108.082,100.715,7.315,STRONG_SIGNAL
2024-11-13,108.269,101.040,7.155,STRONG_SIGNAL
2024-11-14,108.319,101.020,7.224,STRONG_SIGNAL
2024-11-15,107.516,99.829,7.700,STRONG_SIGNAL
2024-11-18,107.944,100.124,7.810,STRONG_SIGNAL
2024-11-19,107.654,99.928,7.732,STRONG_SIGNAL
2024-11-20,107.378,100.026,7.350,STRONG_SIGNAL
2024-11-21,108.703,101.336,7.270,STRONG_SIGNAL
2024-11-22,109.737,102.537,7.022,STRONG_SIGNAL
2024-11-25,110.013,102.281,7.560,STRONG_SIGNAL
2024-11-26,110.023,102.458,7.383,STRONG_SIGNAL
2024-11-27,108.983,101.562,7.307,STRONG_SIGNAL
2024-11-28,109.245,102.054,7.045,STRONG_SIGNAL
2024-11-29,109.530,102.409,6.954,STRONG_SIGNAL
2024-12-02,110.298,103.187,6.892,STRONG_SIGNAL
2024-12-03,110.367,103.206,6.939,STRONG_SIGNAL
2024-12-04,110.367,103.492,6.644,STRONG_SIGNAL
2024-12-05,110.377,103.403,6.745,STRONG_SIGNAL
2024-12-06,110.486,103.423,6.829,STRONG_SIGNAL
2024-12-09,110.146,103.068,6.867,STRONG_SIGNAL
2024-12-10,109.786,103.236,6.345,STRONG_SIGNAL
2024-12-11,110.225,103.925,6.062,STRONG_SIGNAL
2024-12-12,110.469,103.661,6.567,STRONG_SIGNAL
2024-12-13,110.558,102.959,7.380,STRONG_SIGNAL
2024-12-16,110.241,103.295,6.724,STRONG_SIGNAL
2024-12-17,109.634,102.900,6.544,STRONG_SIGNAL
2024-12-18,109.757,103.216,6.337,STRONG_SIGNAL
2024-12-19,108.374,101.616,6.650,STRONG_SIGNAL
2024-12-20,108.710,101.764,6.825,STRONG_SIGNAL
2024-12-23,108.878,101.547,7.219,STRONG_SIGNAL
2024-12-24,109.392,102.307,6.924,STRONG_SIGNAL
2024-12-27,109.046,102.090,6.813,STRONG_SIGNAL
2024-12-30,108.547,101.527,6.914,STRONG_SIGNAL
2024-12-31,108.853,101.734,6.997,STRONG_SIGNAL
2025-01-02,109.905,102.782,6.931,STRONG_SIGNAL
2025-01-03,109.782,102.653,6.944,STRONG_SIGNAL
2025-01-06,110.528,103.394,6.900,STRONG_SIGNAL
2025-01-07,109.777,102.653,6.940,STRONG_SIGNAL
2025-01-08,110.301,102.683,7.419,STRONG_SIGNAL
2025-01-09,110.735,102.742,7.780,STRONG_SIGNAL
2025-01-10,109.866,101.804,7.919,STRONG_SIGNAL
2025-01-13,109.723,101.586,8.009,STRONG_SIGNAL
2025-01-14,110.162,101.468,8.569,STRONG_SIGNAL
2025-01-15,111.704,103.068,8.379,STRONG_SIGNAL
2025-01-16,112.109,103.483,8.335,STRONG_SIGNAL
2025-01-17,113.364,104.382,8.605,STRONG_SIGNAL
2025-01-20,112.998,103.809,8.852,STRONG_SIGNAL
2025-01-21,112.959,103.849,8.772,STRONG_SIGNAL
2025-01-22,113.838,104.738,8.689,STRONG_SIGNAL
2025-01-23,113.784,104.925,8.442,STRONG_SIGNAL
2025-01-24,113.077,104.451,8.258,STRONG_SIGNAL
2025-01-27,111.210,102.712,8.273,STRONG_SIGNAL
2025-01-28,112.148,104.056,7.777,STRONG_SIGNAL
2025-01-29,112.484,104.441,7.701,STRONG_SIGNAL
2025-01-30,112.761,104.718,7.681,STRONG_SIGNAL
2025-01-31,113.739,105.735,7.570,STRONG_SIGNAL
2025-02-03,111.916,104.856,6.733,STRONG_SIGNAL
2025-02-04,112.267,104.797,7.128,STRONG_SIGNAL
2025-02-05,111.990,104.461,7.208,STRONG_SIGNAL
2025-02-06,113.443,105.745,7.279,STRONG_SIGNAL
2025-02-07,113.136,105.429,7.310,STRONG_SIGNAL
2025-02-10,113.798,106.091,7.265,STRONG_SIGNAL
2025-02-11,113.571,105.874,7.270,STRONG_SIGNAL
2025-02-12,113.087,105.123,7.576,STRONG_SIGNAL
2025-02-13,113.255,105.656,7.192,STRONG_SIGNAL
2025-02-14,113.136,105.469,7.270,STRONG_SIGNAL
2025-02-17,113.492,105.992,7.076,STRONG_SIGNAL
2025-02-18,113.374,106.061,6.894,STRONG_SIGNAL
2025-02-19,113.502,106.358,6.717,STRONG_SIGNAL
2025-02-20,112.657,105.350,6.936,STRONG_SIGNAL
2025-02-21,112.553,105.488,6.697,STRONG_SIGNAL
2025-02-24,111.462,104.323,6.843,STRONG_SIGNAL
2025-02-25,110.123,102.811,7.112,STRONG_SIGNAL
2025-02-26,111.299,104.155,6.859,STRONG_SIGNAL
2025-02-27,110.893,104.224,6.399,STRONG_SIGNAL
2025-02-28,109.767,103.029,6.540,STRONG_SIGNAL
2025-03-03,110.103,103.473,6.407,STRONG_SIGNAL
2025-03-04,106.857,99.966,6.893,STRONG_SIGNAL
2025-03-05,106.862,98.830,8.127,STRONG_SIGNAL
2025-03-06,107.450,98.939,8.603,STRONG_SIGNAL
2025-03-07,105.637,97.220,8.658,STRONG_SIGNAL
2025-03-10,104.807,96.459,8.654,STRONG_SIGNAL
2025-03-11,103.270,94.513,9.266,STRONG_SIGNAL
2025-03-12,103.937,95.402,8.947,STRONG_SIGNAL
2025-03-13,103.112,94.888,8.667,STRONG_SIGNAL
2025-03-14,104.757,95.955,9.173,STRONG_SIGNAL
2025-03-17,105.143,96.390,9.081,STRONG_SIGNAL
2025-03-18,104.886,96.054,9.195,STRONG_SIGNAL
2025-03-19,105.558,97.062,8.753,STRONG_SIGNAL
2025-03-20,105.467,97.386,8.298,STRONG_SIGNAL
2025-03-21,105.496,97.217,8.516,STRONG_SIGNAL
2025-03-24,106.835,98.774,8.161,STRONG_SIGNAL
2025-03-25,106.696,98.893,7.891,STRONG_SIGNAL
2025-03-26,106.547,98.427,8.250,STRONG_SIGNAL
2025-03-27,105.749,98.001,7.907,STRONG_SIGNAL
2025-03-28,103.994,95.899,8.442,STRONG_SIGNAL
2025-03-31,103.147,95.235,8.308,STRONG_SIGNAL
2025-04-01,104.460,96.444,8.312,STRONG_SIGNAL
2025-04-02,104.505,96.355,8.458,STRONG_SIGNAL
2025-04-03,100.182,91.716,9.231,STRONG_SIGNAL
2025-04-04,96.524,87.701,10.060,STRONG_SIGNAL
2025-04-07,94.323,84.410,11.744,STRONG_SIGNAL
2025-04-08,97.040,87.582,10.799,STRONG_SIGNAL
2025-04-09,93.941,83.934,11.923,STRONG_SIGNAL
2025-04-10,97.159,87.096,11.553,STRONG_SIGNAL
2025-04-11,96.950,86.214,12.453,STRONG_SIGNAL
2025-04-14,98.953,88.454,11.869,STRONG_SIGNAL
2025-04-15,98.903,89.446,10.574,STRONG_SIGNAL
2025-04-16,98.328,88.544,11.051,STRONG_SIGNAL
2025-04-17,97.357,87.532,11.224,STRONG_SIGNAL
2025-04-22,96.757,86.987,11.231,STRONG_SIGNAL
2025-04-23,99.369,89.495,11.033,STRONG_SIGNAL
2025-04-24,99.895,90.249,10.689,STRONG_SIGNAL
2025-04-25,100.291,90.705,10.569,STRONG_SIGNAL
2025-04-28,99.974,90.893,9.991,STRONG_SIGNAL
2025-04-29,100.480,91.359,9.984,STRONG_SIGNAL
2025-04-30,100.738,91.607,9.967,STRONG_SIGNAL
2025-05-02,103.702,93.906,10.431,STRONG_SIGNAL
2025-05-06,102.929,93.569,10.002,STRONG_SIGNAL
2025-05-07,102.572,93.084,10.193,STRONG_SIGNAL
2025-05-08,103.761,94.590,9.695,STRONG_SIGNAL
2025-05-09,103.682,94.452,9.773,STRONG_SIGNAL
2025-05-12,106.329,97.485,9.072,STRONG_SIGNAL
2025-05-13,106.894,98.169,8.888,STRONG_SIGNAL
2025-05-14,106.815,97.832,9.182,STRONG_SIGNAL
2025-05-15,107.092,98.258,8.991,STRONG_SIGNAL
2025-05-16,107.628,98.952,8.767,STRONG_SIGNAL
2025-05-19,107.261,98.357,9.052,STRONG_SIGNAL
2025-05-20,107.430,98.685,8.862,STRONG_SIGNAL
2025-05-21,106.879,97.951,9.115,STRONG_SIGNAL
2025-05-22,105.705,97.049,8.919,STRONG_SIGNAL
2025-05-23,104.594,96.087,8.853,STRONG_SIGNAL
2025-05-27,106.032,97.763,8.458,STRONG_SIGNAL
2025-05-28,106.190,97.901,8.467,STRONG_SIGNAL
2025-05-29,106.121,97.634,8.693,STRONG_SIGNAL
2025-05-30,106.106,97.545,8.777,STRONG_SIGNAL
2025-06-02,105.695,96.999,8.964,STRONG_SIGNAL
2025-06-03,106.656,98.189,8.624,STRONG_SIGNAL
2025-06-04,106.894,98.248,8.800,STRONG_SIGNAL
2025-06-05,106.983,98.318,8.814,STRONG_SIGNAL
2025-06-06,107.420,98.675,8.862,STRONG_SIGNAL
2025-06-09,107.479,98.615,8.988,STRONG_SIGNAL
2025-06-10,107.896,98.734,9.279,STRONG_SIGNAL
2025-06-11,108.292,98.704,9.714,STRONG_SIGNAL
2025-06-12,107.811,97.882,10.145,STRONG_SIGNAL
2025-06-13,107.221,97.485,9.987,STRONG_SIGNAL
2025-06-16,107.846,97.812,10.258,STRONG_SIGNAL
2025-06-17,107.687,97.703,10.219,STRONG_SIGNAL
2025-06-18,107.915,97.574,10.598,STRONG_SIGNAL
2025-06-19,106.765,96.830,10.260,STRONG_SIGNAL
2025-06-20,107.264,97.119,10.446,STRONG_SIGNAL
2025-06-23,107.064,96.950,10.433,STRONG_SIGNAL
2025-06-24,107.902,97.807,10.321,STRONG_SIGNAL
2025-06-25,107.892,97.767,10.356,STRONG_SIGNAL
2025-06-26,107.783,97.857,10.143,STRONG_SIGNAL
2025-06-27,108.880,98.635,10.386,STRONG_SIGNAL
2025-06-30,108.969,98.386,10.757,STRONG_SIGNAL
2025-07-01,109.069,98.226,11.039,STRONG_SIGNAL
2025-07-02,110.126,98.465,11.843,STRONG_SIGNAL
2025-07-03,110.705,99.503,11.258,STRONG_SIGNAL
2025-07-04,110.176,98.814,11.498,STRONG_SIGNAL
2025-07-07,110.146,99.054,11.198,STRONG_SIGNAL
2025-07-08,110.450,99.044,11.517,STRONG_SIGNAL
2025-07-09,110.670,99.443,11.290,STRONG_SIGNAL
2025-07-10,111.373,100.081,11.283,STRONG_SIGNAL
2025-07-11,111.353,99.552,11.854,STRONG_SIGNAL
2025-07-14,111.907,99.682,12.263,STRONG_SIGNAL
2025-07-15,112.300,100.211,12.064,STRONG_SIGNAL
2025-07-16,111.084,99.223,11.953,STRONG_SIGNAL
2025-07-17,112.610,100.729,11.794,STRONG_SIGNAL
2025-07-18,112.590,100.430,12.108,STRONG_SIGNAL
2025-07-21,112.749,100.550,12.133,STRONG_SIGNAL
2025-07-22,112.201,99.852,12.367,STRONG_SIGNAL
2025-07-23,112.664,100.719,11.860,STRONG_SIGNAL
2025-07-24,113.527,100.939,12.472,STRONG_SIGNAL
2025-07-25,114.156,101.168,12.838,STRONG_SIGNAL
2025-07-28,114.185,101.916,12.039,STRONG_SIGNAL
2025-07-29,114.380,102.385,11.716,STRONG_SIGNAL
2025-07-30,114.774,102.873,11.568,STRONG_SIGNAL
2025-07-31,115.083,103.113,11.609,STRONG_SIGNAL
2025-08-01,112.659,100.081,12.568,STRONG_SIGNAL
2025-08-04,113.906,101.248,12.502,STRONG_SIGNAL
2025-08-05,113.707,101.058,12.516,STRONG_SIGNAL
2025-08-06,114.076,101.278,12.637,STRONG_SIGNAL
2025-08-07,113.782,101.497,12.103,STRONG_SIGNAL
2025-08-08,114.031,101.846,11.964,STRONG_SIGNAL
2025-08-11,114.405,102.375,11.751,STRONG_SIGNAL
2025-08-12,114.375,102.404,11.689,STRONG_SIGNAL
2025-08-13,114.455,102.554,11.604,STRONG_SIGNAL
2025-08-14,114.465,103.053,11.074,STRONG_SIGNAL
2025-08-15,114.525,102.734,11.477,STRONG_SIGNAL
2025-08-18,114.849,102.933,11.576,STRONG_SIGNAL
2025-08-19,115.013,102.873,11.801,STRONG_SIGNAL
2025-08-20,114.614,102.325,12.010,STRONG_SIGNAL
2025-08-21,114.923,102.604,12.007,STRONG_SIGNAL
2025-08-22,115.612,103.232,11.992,STRONG_SIGNAL
2025-08-26,115.163,102.973,11.838,STRONG_SIGNAL
2025-08-27,115.562,103.771,11.363,STRONG_SIGNAL
2025-08-28,115.427,103.561,11.458,STRONG_SIGNAL
2025-08-29,114.933,102.813,11.788,STRONG_SIGNAL
2025-09-01,114.973,102.983,11.643,STRONG_SIGNAL
2025-09-02,114.774,101.926,12.605,STRONG_SIGNAL
2025-09-03,115.103,102.584,12.204,STRONG_SIGNAL
2025-09-04,115.751,103.462,11.879,STRONG_SIGNAL
2025-09-05,115.193,102.694,12.171,STRONG_SIGNAL
2025-09-08,115.901,103.442,12.045,STRONG_SIGNAL
2025-09-09,115.911,103.442,12.054,STRONG_SIGNAL
2025-09-10,116.419,104.040,11.899,STRONG_SIGNAL
2025-09-11,117.148,104.658,11.933,STRONG_SIGNAL
2025-09-12,117.158,104.688,11.911,STRONG_SIGNAL
2025-09-15,117.387,104.818,11.991,STRONG_SIGNAL
2025-09-16,116.908,103.980,12.433,STRONG_SIGNAL
2025-09-17,116.938,103.890,12.559,STRONG_SIGNAL
2025-09-18,118.310,104.990,12.687,STRONG_SIGNAL
2025-09-19,118.660,105.180,12.816,STRONG_SIGNAL
2025-09-22,118.900,105.390,12.819,STRONG_SIGNAL
2025-09-23,119.270,105.460,13.095,STRONG_SIGNAL
2025-09-24,119.140,105.350,13.090,STRONG_SIGNAL
2025-09-25,119.220,105.000,13.543,STRONG_SIGNAL
2025-09-26,118.890,105.310,12.895,STRONG_SIGNAL
2025-09-29,119.455,105.570,13.152,STRONG_SIGNAL
2025-09-30,119.250,105.480,13.055,STRONG_SIGNAL
2025-10-01,161.555,124.784,29.468,STRONG_SIGNAL
2025-10-03,120.900,107.090,12.896,STRONG_SIGNAL
